customer_id,tenure_months,contract,internet_service,tech_support,online_security,payment_method,monthly_charges,cltv,churn_value,predicted_churn,churn_probability,risk_segment
5178-LMXOP,1,Month-to-month,Fiber optic,No,No,Electronic check,95.1,5795,1,1,0.947,Very High Risk
5567-WSELE,3,Month-to-month,Fiber optic,No,No,Electronic check,94.6,3019,1,1,0.9417,Very High Risk
7216-EWTRS,1,Month-to-month,Fiber optic,No,No,Electronic check,100.8,3128,1,1,0.9413,Very High Risk
3049-SOLAY,3,Month-to-month,Fiber optic,No,No,Electronic check,95.2,4176,1,1,0.9384,Very High Risk
4826-XTSOH,1,Month-to-month,Fiber optic,No,No,Electronic check,86.05,4843,1,1,0.9345,Very High Risk
9497-QCMMS,1,Month-to-month,Fiber optic,No,No,Electronic check,93.55,5536,1,1,0.9332,Very High Risk
9300-AGZNL,1,Month-to-month,Fiber optic,No,No,Electronic check,94.0,4176,1,1,0.9316,Very High Risk
6630-UJZMY,4,Month-to-month,Fiber optic,No,No,Electronic check,83.25,5251,0,1,0.9313,Very High Risk
7024-OHCCK,2,Month-to-month,Fiber optic,No,No,Electronic check,93.85,4193,1,1,0.9312,Very High Risk
2720-WGKHP,2,Month-to-month,Fiber optic,No,No,Electronic check,94.0,5569,1,1,0.9311,Very High Risk
4424-TKOPW,2,Month-to-month,Fiber optic,No,No,Electronic check,93.85,4998,1,1,0.9308,Very High Risk
1374-DMZUI,4,Month-to-month,Fiber optic,No,No,Electronic check,94.3,5419,1,1,0.9298,Very High Risk
6861-XWTWQ,7,Month-to-month,Fiber optic,No,No,Electronic check,99.25,2487,1,1,0.9293,Very High Risk
5150-ITWWB,3,Month-to-month,Fiber optic,No,No,Electronic check,94.85,4496,0,1,0.9288,Very High Risk
8884-ADFVN,7,Month-to-month,Fiber optic,No,No,Electronic check,101.95,2016,1,1,0.9282,Very High Risk
0196-VULGZ,6,Month-to-month,Fiber optic,No,No,Electronic check,84.35,5721,1,1,0.928,Very High Risk
1400-MMYXY,3,Month-to-month,Fiber optic,No,No,Electronic check,105.9,2715,1,1,0.9276,Very High Risk
2725-KXXWT,1,Month-to-month,Fiber optic,No,No,Electronic check,90.75,5460,1,1,0.9273,Very High Risk
8972-HJWNV,7,Month-to-month,Fiber optic,No,No,Electronic check,84.55,5245,1,1,0.9269,Very High Risk
8098-LLAZX,4,Month-to-month,Fiber optic,No,No,Electronic check,95.45,3677,1,1,0.9269,Very High Risk
6108-OQZDQ,4,Month-to-month,Fiber optic,No,No,Electronic check,97.95,2570,1,1,0.9268,Very High Risk
4910-GMJOT,1,Month-to-month,Fiber optic,No,No,Electronic check,94.6,4033,1,1,0.9261,Very High Risk
0295-PPHDO,1,Month-to-month,Fiber optic,No,No,Electronic check,95.45,5962,1,1,0.9261,Very High Risk
4952-YSOGZ,4,Month-to-month,Fiber optic,No,No,Electronic check,85.95,5640,1,1,0.9258,Very High Risk
2012-NWRPA,11,Month-to-month,Fiber optic,No,No,Electronic check,99.55,3172,1,1,0.9256,Very High Risk
8149-RSOUN,1,Month-to-month,Fiber optic,No,No,Electronic check,93.85,3014,1,1,0.9253,Very High Risk
8775-LHDJH,1,Month-to-month,Fiber optic,No,No,Electronic check,90.6,2905,1,1,0.925,Very High Risk
2656-TABEH,4,Month-to-month,Fiber optic,No,No,Electronic check,100.2,2650,1,1,0.9247,Very High Risk
3489-HHPFY,2,Month-to-month,Fiber optic,No,No,Electronic check,84.05,2115,0,1,0.9247,Very High Risk
9061-TIHDA,13,Month-to-month,Fiber optic,No,No,Electronic check,95.25,2982,1,1,0.9237,Very High Risk
4102-OQUPX,1,Month-to-month,Fiber optic,No,No,Electronic check,74.4,5429,1,1,0.9232,Very High Risk
6521-YYTYI,1,Month-to-month,Fiber optic,No,No,Electronic check,93.3,2578,1,1,0.9231,Very High Risk
0187-QSXOE,7,Month-to-month,Fiber optic,No,No,Electronic check,89.0,5711,0,1,0.9227,Very High Risk
2982-VPSGI,11,Month-to-month,Fiber optic,No,No,Electronic check,94.0,2120,1,1,0.9226,Very High Risk
3158-MOERK,2,Month-to-month,Fiber optic,No,No,Electronic check,96.0,3391,1,1,0.9224,Very High Risk
6513-EECDB,1,Month-to-month,Fiber optic,No,No,Electronic check,73.55,4369,1,1,0.9223,Very High Risk
5383-MMTWC,8,Month-to-month,Fiber optic,No,No,Electronic check,84.0,4819,1,1,0.9222,Very High Risk
7851-WZEKY,2,Month-to-month,Fiber optic,No,No,Electronic check,95.15,2414,1,1,0.9221,Very High Risk
0723-DRCLG,1,Month-to-month,Fiber optic,No,No,Electronic check,74.45,2394,1,1,0.9215,Very High Risk
9134-CEQMF,7,Month-to-month,Fiber optic,No,No,Electronic check,89.5,3077,1,1,0.9208,Very High Risk
1455-UGQVH,10,Month-to-month,Fiber optic,No,No,Electronic check,98.5,4501,1,1,0.9205,Very High Risk
9057-SIHCH,3,Month-to-month,Fiber optic,No,No,Electronic check,96.6,3260,1,1,0.9203,Very High Risk
2265-CYWIV,4,Month-to-month,Fiber optic,No,Yes,Electronic check,99.6,4708,1,1,0.9203,Very High Risk
7668-XCFYV,17,Month-to-month,Fiber optic,No,No,Electronic check,92.55,3689,0,1,0.9196,Very High Risk
5192-EBGOV,1,Month-to-month,Fiber optic,No,No,Electronic check,85.7,4880,1,1,0.9194,Very High Risk
2545-EBUPK,2,Month-to-month,Fiber optic,No,No,Electronic check,84.05,5039,0,1,0.9194,Very High Risk
4927-WWOOZ,2,Month-to-month,Fiber optic,No,No,Electronic check,91.45,4889,0,1,0.9193,Very High Risk
0897-FEGMU,11,Month-to-month,Fiber optic,No,No,Electronic check,99.5,5286,1,1,0.9192,Very High Risk
3319-DWOEP,6,Month-to-month,Fiber optic,No,No,Electronic check,95.75,5750,1,1,0.9188,Very High Risk
1069-XAIEM,1,Month-to-month,Fiber optic,No,No,Electronic check,85.05,2975,1,1,0.9184,Very High Risk
5277-ZLOOR,2,Month-to-month,Fiber optic,No,No,Electronic check,85.55,5512,1,1,0.9183,Very High Risk
0107-YHINA,1,Month-to-month,Fiber optic,No,No,Electronic check,99.75,4214,1,1,0.9181,Very High Risk
5419-JPRRN,1,Month-to-month,Fiber optic,No,No,Electronic check,101.45,4390,1,1,0.9175,Very High Risk
3902-FOIGH,12,Month-to-month,Fiber optic,No,No,Electronic check,101.35,3967,1,1,0.9175,Very High Risk
7225-CBZPL,17,Month-to-month,Fiber optic,No,No,Electronic check,94.8,4831,0,1,0.9168,Very High Risk
3727-RJMEO,6,Month-to-month,Fiber optic,No,No,Electronic check,82.85,4458,1,1,0.9167,Very High Risk
4587-VVTOX,6,Month-to-month,Fiber optic,No,No,Electronic check,105.3,4163,1,1,0.9165,Very High Risk
1415-YFWLT,1,Month-to-month,Fiber optic,No,No,Electronic check,89.3,3067,1,1,0.9164,Very High Risk
7398-SKNQZ,3,Month-to-month,Fiber optic,No,No,Electronic check,94.9,2330,0,1,0.9161,Very High Risk
6688-UZPWD,11,Month-to-month,Fiber optic,No,No,Electronic check,102.0,5750,1,1,0.9161,Very High Risk
7779-LGOVN,10,Month-to-month,Fiber optic,No,No,Electronic check,86.65,4990,1,1,0.916,Very High Risk
7180-PISOG,1,Month-to-month,Fiber optic,No,No,Electronic check,74.5,5554,1,1,0.9156,Very High Risk
6023-YEBUP,3,Month-to-month,Fiber optic,No,No,Electronic check,100.95,5351,1,1,0.9154,Very High Risk
4086-YQSNZ,3,Month-to-month,Fiber optic,No,No,Electronic check,80.4,3834,1,1,0.9152,Very High Risk
3452-GWUIN,19,Month-to-month,Fiber optic,No,No,Electronic check,94.95,5316,0,1,0.9151,Very High Risk
1925-TIBLE,7,Month-to-month,Fiber optic,No,No,Electronic check,86.5,3887,1,1,0.9145,Very High Risk
3988-RQIXO,1,Month-to-month,Fiber optic,No,No,Electronic check,91.3,2371,1,1,0.9145,Very High Risk
8382-SHQEH,8,Month-to-month,Fiber optic,No,No,Electronic check,84.9,2656,1,1,0.9144,Very High Risk
7181-BQYBV,1,Month-to-month,Fiber optic,No,Yes,Electronic check,102.45,4811,1,1,0.9143,Very High Risk
3621-CEOVK,14,Month-to-month,Fiber optic,No,No,Electronic check,100.2,3369,1,1,0.9141,Very High Risk
8161-QYMTT,7,Month-to-month,Fiber optic,No,No,Electronic check,94.1,5259,0,1,0.9141,Very High Risk
5956-VKDTT,5,Month-to-month,Fiber optic,No,No,Electronic check,74.35,5273,1,1,0.914,Very High Risk
9282-IZGQK,1,Month-to-month,Fiber optic,No,No,Electronic check,85.0,5679,1,1,0.9138,Very High Risk
8992-JQYUN,1,Month-to-month,DSL,No,No,Electronic check,50.35,4526,1,1,0.9138,Very High Risk
4822-RVYBB,8,Month-to-month,Fiber optic,No,No,Electronic check,100.6,5906,1,1,0.9136,Very High Risk
1075-BGWOH,16,Month-to-month,Fiber optic,No,No,Electronic check,98.75,3392,1,1,0.9134,Very High Risk
2660-EMUBI,10,Month-to-month,Fiber optic,No,No,Electronic check,95.35,5353,1,1,0.9131,Very High Risk
9681-OXGVC,5,Month-to-month,Fiber optic,No,No,Electronic check,100.5,5180,1,1,0.9129,Very High Risk
6496-SLWHQ,3,Month-to-month,Fiber optic,No,No,Electronic check,105.0,5960,1,1,0.9127,Very High Risk
4192-GORJT,5,Month-to-month,Fiber optic,No,No,Electronic check,94.45,4580,1,1,0.9126,Very High Risk
1626-ERCMM,20,Month-to-month,Fiber optic,No,No,Electronic check,94.55,5604,1,1,0.9123,Very High Risk
2446-BEGGB,6,Month-to-month,Fiber optic,No,No,Electronic check,98.25,3330,1,1,0.9121,Very High Risk
3643-AHCFP,7,Month-to-month,Fiber optic,No,No,Bank transfer (automatic),95.6,3265,1,1,0.9115,Very High Risk
8337-UPOAQ,10,Month-to-month,Fiber optic,No,No,Electronic check,89.8,5124,1,1,0.9114,Very High Risk
4750-ZRXIU,4,Month-to-month,Fiber optic,No,No,Electronic check,84.6,2467,1,1,0.9111,Very High Risk
4695-WJZUE,2,Month-to-month,Fiber optic,No,No,Electronic check,88.55,3685,1,1,0.9109,Very High Risk
0318-QUUOB,1,Month-to-month,Fiber optic,No,No,Electronic check,80.55,4273,1,1,0.9108,Very High Risk
4626-GYCZP,7,Month-to-month,Fiber optic,No,No,Electronic check,93.85,3506,1,1,0.9104,Very High Risk
3519-ZKXGG,3,Month-to-month,Fiber optic,No,No,Electronic check,75.85,4062,1,1,0.9103,Very High Risk
8603-IJWDN,1,Month-to-month,Fiber optic,No,No,Electronic check,86.6,5228,1,1,0.9102,Very High Risk
6100-QQHEB,17,Month-to-month,Fiber optic,No,No,Electronic check,92.55,5775,1,1,0.9099,Very High Risk
3027-ZTDHO,1,Month-to-month,Fiber optic,No,No,Electronic check,89.9,5951,1,1,0.9095,Very High Risk
7577-SWIFR,1,Month-to-month,Fiber optic,No,No,Electronic check,89.25,5579,0,1,0.9093,Very High Risk
3068-OMWZA,1,Month-to-month,Fiber optic,No,No,Electronic check,88.8,3106,1,1,0.9093,Very High Risk
0781-LKXBR,9,Month-to-month,Fiber optic,No,No,Electronic check,100.5,4038,1,1,0.909,Very High Risk
6892-EZDTG,4,Month-to-month,Fiber optic,No,No,Electronic check,91.65,2140,1,1,0.9089,Very High Risk
2506-TNFCO,1,Month-to-month,Fiber optic,No,No,Electronic check,69.55,5948,1,1,0.9086,Very High Risk
0970-ETWGE,1,Month-to-month,Fiber optic,No,No,Electronic check,89.55,4996,1,1,0.9084,Very High Risk
4912-PIGUY,1,Month-to-month,Fiber optic,No,No,Electronic check,84.6,2196,0,1,0.9084,Very High Risk
7943-RQCHR,9,Month-to-month,Fiber optic,No,No,Electronic check,94.75,2893,1,1,0.9081,Very High Risk
3722-WPXTK,1,Month-to-month,Fiber optic,No,No,Electronic check,88.35,4254,1,1,0.908,Very High Risk
9725-SCPZG,1,Month-to-month,Fiber optic,No,No,Electronic check,90.85,5086,1,1,0.9078,Very High Risk
8622-ZLFKO,6,Month-to-month,Fiber optic,No,No,Electronic check,90.75,4297,0,1,0.9076,Very High Risk
9897-KXHCM,3,Month-to-month,Fiber optic,No,No,Electronic check,80.3,3212,1,1,0.9076,Very High Risk
2865-TCHJW,4,Month-to-month,Fiber optic,No,No,Electronic check,89.2,5808,1,1,0.9072,Very High Risk
0880-TKATG,4,Month-to-month,Fiber optic,No,No,Electronic check,101.15,4417,1,1,0.9071,Very High Risk
0564-JJHGS,9,Month-to-month,Fiber optic,No,No,Electronic check,95.5,5007,1,1,0.9069,Very High Risk
6474-FVJLC,2,Month-to-month,Fiber optic,No,No,Electronic check,86.0,4546,1,1,0.9069,Very High Risk
0679-IDSTG,1,Month-to-month,Fiber optic,No,No,Electronic check,69.25,4568,1,1,0.9069,Very High Risk
3793-MMFUH,13,Month-to-month,Fiber optic,No,No,Electronic check,95.05,2230,1,1,0.9066,Very High Risk
3096-GKWEB,18,Month-to-month,Fiber optic,No,No,Electronic check,94.75,4477,0,1,0.9064,Very High Risk
0195-IESCP,10,Month-to-month,Fiber optic,No,No,Electronic check,85.25,3573,1,1,0.9064,Very High Risk
7249-WBIYX,10,Month-to-month,Fiber optic,No,No,Electronic check,85.6,5146,1,1,0.9064,Very High Risk
7274-RTAPZ,1,Month-to-month,Fiber optic,No,No,Electronic check,90.55,3898,1,1,0.9063,Very High Risk
2034-GDRCN,2,Month-to-month,Fiber optic,No,No,Electronic check,90.4,4157,1,1,0.9062,Very High Risk
1143-NMNQJ,2,Month-to-month,Fiber optic,No,No,Electronic check,85.7,2187,1,1,0.9062,Very High Risk
1455-ESIQH,1,Month-to-month,Fiber optic,No,No,Electronic check,89.1,2905,1,1,0.9057,Very High Risk
2929-ERCFZ,8,Month-to-month,Fiber optic,No,No,Electronic check,94.2,2939,1,1,0.9055,Very High Risk
8593-WHYHV,3,Month-to-month,Fiber optic,No,No,Electronic check,85.3,4934,1,1,0.9055,Very High Risk
0259-GBZSH,2,Month-to-month,Fiber optic,No,No,Electronic check,85.65,3878,1,1,0.9055,Very High Risk
0021-IKXGC,1,Month-to-month,Fiber optic,No,No,Electronic check,72.1,4432,0,1,0.9054,Very High Risk
7341-LXCAF,4,Month-to-month,Fiber optic,No,No,Electronic check,74.65,4013,1,1,0.9051,Very High Risk
1273-MTETI,4,Month-to-month,Fiber optic,No,No,Electronic check,88.85,2754,1,1,0.9048,Very High Risk
1833-VGRUM,1,Month-to-month,Fiber optic,No,No,Electronic check,74.2,4684,1,1,0.9046,Very High Risk
1724-BQUHA,5,Month-to-month,Fiber optic,No,No,Electronic check,89.5,2718,1,1,0.9046,Very High Risk
1363-TXLSL,1,Month-to-month,Fiber optic,No,No,Electronic check,70.3,4962,1,1,0.9046,Very High Risk
9189-JWSHV,24,Month-to-month,Fiber optic,No,No,Electronic check,93.55,4937,1,1,0.9044,Very High Risk
2077-MPJQO,7,Month-to-month,Fiber optic,No,No,Electronic check,75.4,3533,0,1,0.9044,Very High Risk
0680-DFNNY,15,Month-to-month,Fiber optic,No,No,Electronic check,101.1,2055,1,1,0.9043,Very High Risk
4847-TAJYI,6,Month-to-month,Fiber optic,No,No,Electronic check,89.35,2578,0,1,0.9042,Very High Risk
3097-NQYSN,2,Month-to-month,Fiber optic,No,No,Mailed check,86.85,5204,1,1,0.9039,Very High Risk
8473-VUVJN,1,Month-to-month,Fiber optic,No,No,Electronic check,73.65,5443,1,1,0.9037,Very High Risk
3389-YGYAI,8,Month-to-month,Fiber optic,No,No,Electronic check,105.5,5546,1,1,0.9036,Very High Risk
5955-ERIHD,18,Month-to-month,Fiber optic,No,No,Electronic check,94.7,2206,1,1,0.9032,Very High Risk
0702-PGIBZ,4,Month-to-month,Fiber optic,No,No,Electronic check,101.7,2777,1,1,0.9031,Very High Risk
8414-MYSHR,5,Month-to-month,Fiber optic,No,No,Electronic check,91.4,2834,1,1,0.903,Very High Risk
9611-CTWIH,3,Month-to-month,Fiber optic,No,No,Electronic check,89.45,3591,1,1,0.9029,Very High Risk
5565-FILXA,16,Month-to-month,Fiber optic,No,No,Electronic check,96.15,5913,1,1,0.9027,Very High Risk
6894-LFHLY,1,Month-to-month,Fiber optic,No,No,Electronic check,75.75,5571,1,1,0.9027,Very High Risk
9957-YODKZ,6,Month-to-month,Fiber optic,No,No,Electronic check,80.8,5611,0,1,0.9024,Very High Risk
2959-MJHIC,4,Month-to-month,Fiber optic,No,No,Electronic check,80.35,4167,1,1,0.9022,Very High Risk
9799-CAYJJ,2,Month-to-month,Fiber optic,No,No,Electronic check,69.3,2901,0,1,0.9018,Very High Risk
9546-CQJSU,2,Month-to-month,Fiber optic,No,No,Electronic check,91.4,5100,1,1,0.9017,Very High Risk
9334-GWGOW,7,Month-to-month,Fiber optic,No,No,Electronic check,74.85,2259,0,1,0.9017,Very High Risk
6567-HOOPW,1,Month-to-month,Fiber optic,No,No,Electronic check,79.2,4363,1,1,0.9014,Very High Risk
4988-IQIGL,1,Month-to-month,Fiber optic,No,No,Electronic check,75.35,4403,1,1,0.9012,Very High Risk
4548-SDBKE,5,Month-to-month,Fiber optic,No,No,Electronic check,85.2,4109,1,1,0.9012,Very High Risk
8739-XNIKG,5,Month-to-month,Fiber optic,No,No,Electronic check,84.0,4456,0,1,0.9011,Very High Risk
8185-UPYBR,6,Month-to-month,Fiber optic,No,No,Electronic check,75.5,5838,1,1,0.901,Very High Risk
2485-ITVKB,2,Month-to-month,DSL,No,No,Electronic check,35.1,2643,1,1,0.9009,Very High Risk
2968-SSGAA,10,Month-to-month,Fiber optic,No,No,Electronic check,100.6,4001,1,1,0.9009,Very High Risk
3318-NMQXL,3,Month-to-month,Fiber optic,No,No,Electronic check,92.0,4345,0,1,0.9008,Very High Risk
3473-XIIIT,16,Month-to-month,Fiber optic,No,No,Electronic check,100.0,3794,1,1,0.9007,Very High Risk
7488-MXJIV,4,Month-to-month,Fiber optic,No,No,Electronic check,85.65,3223,1,1,0.9007,Very High Risk
3320-VEOYC,14,Month-to-month,Fiber optic,No,No,Electronic check,95.6,3502,0,1,0.9006,Very High Risk
7450-NWRTR,12,Month-to-month,Fiber optic,No,No,Electronic check,99.45,2819,1,1,0.9004,Very High Risk
4795-KTRTH,5,Month-to-month,Fiber optic,No,No,Electronic check,81.0,4287,1,1,0.9004,Very High Risk
3551-HUAZH,1,Month-to-month,Fiber optic,No,No,Electronic check,74.4,3429,1,1,0.9004,Very High Risk
7932-WPTDS,1,Month-to-month,DSL,No,No,Electronic check,24.8,5377,1,1,0.9003,Very High Risk
6350-XFYGW,4,Month-to-month,Fiber optic,No,No,Electronic check,94.75,2757,0,1,0.9002,Very High Risk
4713-LZDRV,2,Month-to-month,Fiber optic,No,No,Electronic check,79.6,4322,1,1,0.9001,Very High Risk
5240-IJOQT,1,Month-to-month,Fiber optic,No,No,Electronic check,74.7,3348,1,1,0.9001,Very High Risk
8580-AECUZ,1,Month-to-month,Fiber optic,No,No,Electronic check,79.1,5001,1,1,0.9,Very High Risk
3006-XIMLN,2,Month-to-month,Fiber optic,No,No,Bank transfer (automatic),94.2,5299,1,1,0.8998,Very High Risk
9248-OJYKK,1,Month-to-month,Fiber optic,No,No,Electronic check,76.45,3763,1,1,0.8997,Very High Risk
4806-HIPDW,1,Month-to-month,Fiber optic,No,No,Electronic check,68.95,5644,1,1,0.8995,Very High Risk
5519-NPHVG,12,Month-to-month,Fiber optic,No,No,Electronic check,94.2,3975,1,1,0.8994,Very High Risk
4115-NZRKS,7,Month-to-month,Fiber optic,No,No,Electronic check,89.15,2415,0,1,0.8994,Very High Risk
8245-UMPYT,16,Month-to-month,Fiber optic,No,No,Electronic check,96.4,2688,1,1,0.8991,Very High Risk
2636-OHFMN,4,Month-to-month,DSL,No,No,Electronic check,48.55,3955,1,1,0.8988,Very High Risk
5935-FCCNB,17,Month-to-month,Fiber optic,No,No,Electronic check,94.2,4425,0,1,0.8988,Very High Risk
8058-JMEQO,9,Month-to-month,Fiber optic,No,No,Electronic check,84.45,3543,1,1,0.8987,Very High Risk
0684-AOSIH,1,Month-to-month,Fiber optic,No,Yes,Electronic check,95.0,4489,1,1,0.8986,Very High Risk
0697-ZMSWS,4,Month-to-month,Fiber optic,No,No,Electronic check,85.65,2330,1,1,0.8985,Very High Risk
2737-WFVYW,2,Month-to-month,DSL,No,No,Electronic check,45.25,4566,1,1,0.8984,Very High Risk
5868-YWPDW,6,Month-to-month,Fiber optic,No,No,Electronic check,84.2,5834,1,1,0.8982,Very High Risk
2642-DTVCO,9,Month-to-month,Fiber optic,No,No,Electronic check,85.05,5095,1,1,0.8978,Very High Risk
7228-OMTPN,4,Month-to-month,Fiber optic,No,No,Electronic check,88.45,2456,1,1,0.8978,Very High Risk
9965-YOKZB,9,Month-to-month,Fiber optic,No,No,Electronic check,83.85,3723,1,1,0.8976,Very High Risk
6416-TVAIH,1,Month-to-month,Fiber optic,No,No,Electronic check,68.5,5753,1,1,0.8975,Very High Risk
2074-GKOWZ,2,Month-to-month,Fiber optic,No,No,Bank transfer (automatic),89.55,3851,1,1,0.8975,Very High Risk
9919-KNPOO,21,Month-to-month,Fiber optic,No,No,Electronic check,94.3,2058,0,1,0.8973,Very High Risk
2205-YMZZJ,7,Month-to-month,Fiber optic,No,No,Electronic check,84.8,2015,1,1,0.8972,Very High Risk
3198-VELRD,3,Month-to-month,Fiber optic,No,No,Bank transfer (automatic),84.75,2014,1,1,0.8971,Very High Risk
4145-UQXUQ,8,Month-to-month,Fiber optic,No,No,Electronic check,92.1,5662,1,1,0.8964,Very High Risk
7526-BEZQB,12,Month-to-month,Fiber optic,No,No,Electronic check,96.05,2577,1,1,0.8963,Very High Risk
7615-ESMYF,2,Month-to-month,DSL,No,No,Electronic check,44.6,5482,1,1,0.8962,Very High Risk
7218-HKQFK,2,Month-to-month,Fiber optic,Yes,No,Electronic check,94.2,3715,1,1,0.8961,Very High Risk
3811-VBYBZ,7,Month-to-month,Fiber optic,No,No,Electronic check,99.8,2031,1,1,0.896,Very High Risk
0754-UKWQP,2,Month-to-month,Fiber optic,No,No,Electronic check,95.85,3790,1,1,0.8959,Very High Risk
8775-ERLNB,1,Month-to-month,Fiber optic,No,No,Electronic check,74.3,2968,0,1,0.8954,Very High Risk
2990-HWIML,6,Month-to-month,Fiber optic,No,No,Electronic check,89.5,2898,1,1,0.8953,Very High Risk
9185-TQCVP,14,Month-to-month,Fiber optic,No,No,Electronic check,85.15,4550,1,1,0.8953,Very High Risk
1624-NALOJ,5,Month-to-month,Fiber optic,No,No,Electronic check,89.8,2960,1,1,0.8953,Very High Risk
2799-ARNLO,5,Month-to-month,Fiber optic,No,No,Electronic check,69.35,5437,0,1,0.8953,Very High Risk
2845-HSJCY,14,Month-to-month,Fiber optic,No,No,Electronic check,87.25,4786,1,1,0.8949,Very High Risk
4078-SAYYN,11,Month-to-month,Fiber optic,No,No,Electronic check,100.75,2229,1,1,0.8949,Very High Risk
1304-NECVQ,2,Month-to-month,Fiber optic,No,No,Electronic check,78.55,5203,1,1,0.8948,Very High Risk
7384-GHBPI,3,Month-to-month,DSL,No,No,Electronic check,35.15,2987,1,1,0.8947,Very High Risk
4929-XIHVW,2,Month-to-month,Fiber optic,No,No,Credit card (automatic),95.5,4449,0,1,0.8947,Very High Risk
1447-GIQMR,1,Month-to-month,Fiber optic,No,No,Electronic check,69.15,4179,1,1,0.8947,Very High Risk
5445-UTODQ,7,Month-to-month,Fiber optic,No,No,Electronic check,81.1,3238,1,1,0.8946,Very High Risk
4951-UKAAQ,4,Month-to-month,Fiber optic,No,No,Electronic check,88.95,5948,1,1,0.8945,Very High Risk
0236-HFWSV,15,Month-to-month,Fiber optic,No,No,Electronic check,93.35,5264,1,1,0.8944,Very High Risk
9944-HKVVB,3,Month-to-month,Fiber optic,No,No,Electronic check,95.1,5861,1,1,0.8944,Very High Risk
7044-YAACC,4,Month-to-month,Fiber optic,No,No,Electronic check,70.2,4444,0,1,0.8943,Very High Risk
1197-BVMVG,4,Month-to-month,Fiber optic,No,No,Electronic check,74.45,4093,0,1,0.8943,Very High Risk
8816-VXNZD,1,Month-to-month,Fiber optic,No,No,Electronic check,75.1,4335,1,1,0.8942,Very High Risk
2371-JQHZZ,24,Month-to-month,Fiber optic,No,No,Electronic check,93.0,5886,0,1,0.8939,Very High Risk
7321-VGNKU,2,Month-to-month,Fiber optic,No,No,Electronic check,70.35,4917,0,1,0.8938,Very High Risk
5134-IKDAY,1,Month-to-month,Fiber optic,No,No,Electronic check,69.8,2123,1,1,0.8936,Very High Risk
3422-LYEPQ,1,Month-to-month,Fiber optic,No,No,Electronic check,71.0,4207,1,1,0.8936,Very High Risk
3776-EKTKM,1,Month-to-month,DSL,No,No,Electronic check,36.45,5303,1,1,0.8936,Very High Risk
8835-VSDSE,2,Month-to-month,Fiber optic,No,No,Electronic check,70.7,4559,1,1,0.8935,Very High Risk
7363-QTBIW,9,Month-to-month,Fiber optic,No,No,Electronic check,79.75,4654,0,1,0.8935,Very High Risk
9231-ZJYAM,4,Month-to-month,Fiber optic,No,No,Electronic check,78.85,5301,1,1,0.8933,Very High Risk
5834-ASPWA,1,Month-to-month,Fiber optic,No,No,Electronic check,75.45,5518,1,1,0.8933,Very High Risk
2004-OCQXK,1,Month-to-month,Fiber optic,No,No,Electronic check,81.95,5622,1,1,0.8932,Very High Risk
6161-UUUTA,3,Month-to-month,Fiber optic,No,No,Electronic check,79.9,4367,1,1,0.893,Very High Risk
2235-DWLJU,6,Month-to-month,DSL,No,No,Electronic check,44.4,4611,0,1,0.8928,Very High Risk
7576-OYWBN,3,Month-to-month,Fiber optic,No,No,Electronic check,76.05,2930,1,1,0.8924,Very High Risk
7508-MYBOG,14,Month-to-month,Fiber optic,No,No,Electronic check,86.1,2177,1,1,0.8924,Very High Risk
8258-GSTJK,3,Month-to-month,Fiber optic,No,No,Electronic check,77.0,3128,1,1,0.8923,Very High Risk
2868-MZAGQ,1,Month-to-month,Fiber optic,No,No,Electronic check,79.25,5533,1,1,0.8922,Very High Risk
9451-LPGOO,7,Month-to-month,Fiber optic,No,No,Electronic check,86.8,3780,1,1,0.8919,Very High Risk
0365-BZUWY,17,Month-to-month,Fiber optic,No,No,Electronic check,102.55,3803,0,1,0.8919,Very High Risk
6583-KQJLK,15,Month-to-month,Fiber optic,No,No,Electronic check,94.65,5868,0,1,0.8918,Very High Risk
0722-TROQR,4,Month-to-month,Fiber optic,No,No,Electronic check,74.9,2122,1,1,0.8916,Very High Risk
1853-UDXBW,1,Month-to-month,Fiber optic,No,No,Electronic check,70.0,2485,1,1,0.8915,Very High Risk
7903-CMPEY,1,Month-to-month,Fiber optic,No,Yes,Electronic check,80.3,4138,1,1,0.8915,Very High Risk
5685-IIXLY,5,Month-to-month,Fiber optic,No,No,Electronic check,83.6,4565,1,1,0.8915,Very High Risk
6230-BSUXY,1,Month-to-month,Fiber optic,No,No,Electronic check,85.0,2650,1,1,0.8914,Very High Risk
1452-VOQCH,1,Month-to-month,Fiber optic,No,No,Electronic check,75.1,4120,0,1,0.8913,Very High Risk
2880-FPNAE,2,Month-to-month,Fiber optic,No,No,Electronic check,74.2,3170,0,1,0.8913,Very High Risk
7817-BOQPW,2,Month-to-month,Fiber optic,No,No,Electronic check,75.55,4320,1,1,0.891,Very High Risk
4415-IJZTP,1,Month-to-month,Fiber optic,No,No,Electronic check,74.5,2016,1,1,0.8909,Very High Risk
1761-AEZZR,1,Month-to-month,Fiber optic,No,No,Electronic check,79.55,5593,1,1,0.8909,Very High Risk
7594-RQHXR,1,Month-to-month,Fiber optic,No,No,Electronic check,79.6,3108,1,1,0.8907,Very High Risk
8931-GJJIQ,9,Month-to-month,Fiber optic,No,No,Electronic check,83.3,3520,1,1,0.8907,Very High Risk
9391-EOYLI,12,Month-to-month,Fiber optic,No,No,Electronic check,80.45,5374,1,1,0.8906,Very High Risk
2609-IAICY,1,Month-to-month,Fiber optic,No,No,Electronic check,77.15,2756,1,1,0.8904,Very High Risk
6127-ISGTU,16,Month-to-month,Fiber optic,No,No,Electronic check,84.95,3075,1,1,0.8904,Very High Risk
9787-XVQIU,1,Month-to-month,Fiber optic,No,No,Electronic check,75.3,3596,1,1,0.8903,Very High Risk
0637-KVDLV,2,Month-to-month,Fiber optic,No,No,Electronic check,76.5,5944,1,1,0.8903,Very High Risk
2672-HUYVI,6,Month-to-month,Fiber optic,No,No,Electronic check,91.1,2266,1,1,0.8902,Very High Risk
8348-HFYIV,2,Month-to-month,DSL,No,No,Electronic check,49.25,5775,1,1,0.8902,Very High Risk
2495-INZWQ,4,Month-to-month,DSL,No,No,Electronic check,44.55,5605,1,1,0.8899,Very High Risk
1320-HTRDR,3,Month-to-month,Fiber optic,No,No,Electronic check,75.5,5948,1,1,0.8898,Very High Risk
1024-GUALD,1,Month-to-month,DSL,No,No,Electronic check,24.8,4851,1,1,0.8897,Very High Risk
8372-JUXUI,1,Month-to-month,Fiber optic,No,No,Electronic check,74.35,2814,1,1,0.8897,Very High Risk
6979-ZNSFF,8,Month-to-month,Fiber optic,No,No,Electronic check,87.05,2545,1,1,0.8897,Very High Risk
1981-INRFU,2,Month-to-month,Fiber optic,No,No,Electronic check,79.75,5172,1,1,0.8896,Very High Risk
4581-SSPWD,3,Month-to-month,Fiber optic,No,No,Electronic check,75.8,5475,1,1,0.8895,Very High Risk
4844-JJWUY,1,Month-to-month,Fiber optic,No,No,Electronic check,86.0,5359,1,1,0.8895,Very High Risk
6457-USBER,1,Month-to-month,Fiber optic,No,No,Electronic check,80.8,4424,1,1,0.8894,Very High Risk
9300-RENDD,1,Month-to-month,Fiber optic,No,No,Electronic check,79.95,4815,1,1,0.8894,Very High Risk
1569-TTNYJ,5,Month-to-month,Fiber optic,No,No,Electronic check,78.75,3401,1,1,0.8892,Very High Risk
6969-MVBAI,9,Month-to-month,Fiber optic,No,No,Electronic check,90.1,2893,0,1,0.8892,Very High Risk
2514-GINMM,1,Month-to-month,Fiber optic,No,No,Electronic check,79.5,4490,1,1,0.8891,Very High Risk
3387-VATUS,5,Month-to-month,Fiber optic,No,No,Bank transfer (automatic),94.85,5701,1,1,0.889,Very High Risk
9025-AOMKI,6,Month-to-month,Fiber optic,No,No,Bank transfer (automatic),93.55,5617,1,1,0.8889,Very High Risk
0495-RVCBF,1,Month-to-month,Fiber optic,No,No,Electronic check,79.7,2066,1,1,0.8889,Very High Risk
1157-BQCUW,1,Month-to-month,Fiber optic,No,No,Electronic check,74.95,2591,1,1,0.8889,Very High Risk
5561-NWEVX,2,Month-to-month,Fiber optic,No,No,Electronic check,79.2,4225,1,1,0.8889,Very High Risk
6358-LYNGM,1,Month-to-month,Fiber optic,No,No,Electronic check,74.9,2548,1,1,0.8889,Very High Risk
9102-IAYHT,17,Month-to-month,Fiber optic,No,No,Electronic check,85.45,3670,1,1,0.8888,Very High Risk
1564-NTYXF,13,Month-to-month,Fiber optic,No,No,Electronic check,82.0,3363,1,1,0.8888,Very High Risk
6372-RFVNS,1,Month-to-month,Fiber optic,No,No,Electronic check,78.8,5075,1,1,0.8885,Very High Risk
4143-OOBWZ,5,Month-to-month,Fiber optic,No,No,Electronic check,81.3,3819,1,1,0.8883,Very High Risk
1184-PJVDB,10,Month-to-month,Fiber optic,No,No,Electronic check,79.95,5640,1,1,0.8882,Very High Risk
5229-PRWKT,8,Month-to-month,Fiber optic,No,No,Electronic check,86.55,4193,1,1,0.8882,Very High Risk
4094-NSEDU,21,Month-to-month,Fiber optic,No,No,Electronic check,94.25,4819,1,1,0.8881,Very High Risk
7330-WZLNC,5,Month-to-month,Fiber optic,No,No,Electronic check,90.8,5090,1,1,0.8881,Very High Risk
5494-HECPR,1,Month-to-month,Fiber optic,No,No,Electronic check,80.25,2502,1,1,0.8881,Very High Risk
4614-NUVZD,1,Month-to-month,Fiber optic,No,No,Electronic check,81.1,2075,1,1,0.8881,Very High Risk
5960-WPXQM,1,Month-to-month,Fiber optic,No,No,Electronic check,79.05,3555,1,1,0.8879,Very High Risk
2454-RPBRZ,12,Month-to-month,Fiber optic,No,No,Electronic check,98.1,2709,1,1,0.8879,Very High Risk
8058-INTPH,1,Month-to-month,Fiber optic,No,No,Electronic check,79.65,2119,1,1,0.8878,Very High Risk
3247-ZVOUO,10,Month-to-month,Fiber optic,No,No,Electronic check,85.55,3336,1,1,0.8878,Very High Risk
0011-IGKFF,13,Month-to-month,Fiber optic,No,No,Electronic check,98.0,3714,1,1,0.8876,Very High Risk
4021-RQSNY,29,Month-to-month,Fiber optic,No,No,Electronic check,98.5,5137,1,1,0.8876,Very High Risk
4529-CKBCL,2,Month-to-month,Fiber optic,No,No,Electronic check,80.2,4381,1,1,0.8875,Very High Risk
7240-ETPTR,9,Month-to-month,DSL,No,No,Electronic check,48.75,4359,1,1,0.8875,Very High Risk
7234-FECYN,8,Month-to-month,Fiber optic,No,No,Electronic check,101.35,5546,1,1,0.8874,Very High Risk
3797-VTIDR,1,Month-to-month,DSL,No,No,Electronic check,23.45,4517,1,1,0.8874,Very High Risk
5380-AFSSK,5,Month-to-month,Fiber optic,No,No,Mailed check,93.9,5435,1,1,0.8873,Very High Risk
7548-SEPYI,5,Month-to-month,Fiber optic,No,No,Electronic check,96.25,5056,1,1,0.8873,Very High Risk
2215-ZAFGX,9,Month-to-month,Fiber optic,No,No,Electronic check,85.5,4867,0,1,0.8872,Very High Risk
4234-XTNEA,2,Month-to-month,Fiber optic,No,No,Electronic check,79.95,5213,0,1,0.8872,Very High Risk
4228-ZGYUW,4,Month-to-month,Fiber optic,No,No,Electronic check,90.05,3212,1,1,0.8872,Very High Risk
4813-HQMGZ,8,Month-to-month,Fiber optic,Yes,No,Electronic check,90.25,4969,0,1,0.8869,Very High Risk
4853-OITSN,5,Month-to-month,Fiber optic,No,Yes,Electronic check,89.15,2576,0,1,0.8868,Very High Risk
3746-EUBYR,1,Month-to-month,Fiber optic,No,No,Bank transfer (automatic),74.6,5861,1,1,0.8868,Very High Risk
1618-CFHME,2,Month-to-month,Fiber optic,No,No,Electronic check,75.9,2101,1,1,0.8866,Very High Risk
9274-CNFMO,4,Month-to-month,Fiber optic,No,No,Electronic check,74.95,3716,1,1,0.8865,Very High Risk
9221-OTIVJ,14,Month-to-month,Fiber optic,No,No,Electronic check,104.85,2292,1,1,0.8864,Very High Risk
4285-GYRQC,7,Month-to-month,Fiber optic,No,No,Electronic check,86.25,3344,1,1,0.8864,Very High Risk
7439-DKZTW,1,Month-to-month,Fiber optic,No,No,Electronic check,80.55,3154,0,1,0.8863,Very High Risk
2462-XIIJB,5,Month-to-month,Fiber optic,No,No,Electronic check,92.5,2810,1,1,0.8862,Very High Risk
4090-KPJIP,3,Month-to-month,Fiber optic,No,No,Electronic check,74.95,3641,0,1,0.8862,Very High Risk
9689-PTNPG,2,Month-to-month,Fiber optic,No,No,Electronic check,80.25,5055,1,1,0.8859,Very High Risk
9306-CPCBC,3,Month-to-month,Fiber optic,No,No,Electronic check,74.25,3207,1,1,0.8859,Very High Risk
8780-IXSTS,6,Month-to-month,Fiber optic,No,No,Electronic check,90.1,5656,1,1,0.8859,Very High Risk
0018-NYROU,5,Month-to-month,Fiber optic,No,No,Electronic check,68.95,5536,0,1,0.8859,Very High Risk
9399-APLBT,1,Month-to-month,Fiber optic,No,No,Electronic check,74.7,5980,1,1,0.8858,Very High Risk
7156-MHUGY,13,Month-to-month,Fiber optic,No,No,Electronic check,90.5,5394,1,1,0.8858,Very High Risk
7394-FKDNK,9,Month-to-month,Fiber optic,No,No,Electronic check,89.45,4971,1,1,0.8857,Very High Risk
4749-OJKQU,4,Month-to-month,Fiber optic,No,No,Electronic check,75.65,5396,0,1,0.8856,Very High Risk
4210-QFJMF,4,Month-to-month,Fiber optic,No,No,Electronic check,79.15,5762,1,1,0.8855,Very High Risk
8740-CRYFY,1,Month-to-month,Fiber optic,No,No,Electronic check,78.95,2038,1,1,0.8855,Very High Risk
2430-USGXP,24,Month-to-month,Fiber optic,No,No,Electronic check,101.05,4766,1,1,0.8853,Very High Risk
7379-POKDZ,3,Month-to-month,Fiber optic,No,No,Electronic check,70.3,3038,1,1,0.8852,Very High Risk
6198-RTPMF,17,Month-to-month,Fiber optic,No,No,Electronic check,92.6,4756,0,1,0.885,Very High Risk
8779-QRDMV,1,Month-to-month,DSL,No,No,Electronic check,39.65,5433,1,1,0.885,Very High Risk
9878-TNQGW,2,Month-to-month,Fiber optic,No,No,Electronic check,80.95,3533,1,1,0.8849,Very High Risk
1867-BDVFH,11,Month-to-month,Fiber optic,No,No,Electronic check,74.35,5075,1,1,0.8849,Very High Risk
1579-KLYDT,7,Month-to-month,Fiber optic,No,No,Electronic check,90.45,5356,1,1,0.8847,Very High Risk
3178-FESZO,1,Month-to-month,Fiber optic,No,No,Credit card (automatic),100.25,5797,1,1,0.8841,Very High Risk
5835-BEQEU,3,Month-to-month,Fiber optic,No,No,Electronic check,76.95,4428,1,1,0.8839,Very High Risk
5995-SNNEW,23,Month-to-month,Fiber optic,No,No,Electronic check,104.45,5883,0,1,0.8838,Very High Risk
8086-OVPWV,2,Month-to-month,Fiber optic,No,No,Electronic check,80.2,2384,1,1,0.8837,Very High Risk
5550-VFRLC,1,Month-to-month,Fiber optic,No,No,Electronic check,69.85,5056,1,1,0.8837,Very High Risk
3606-TWKGI,13,Month-to-month,Fiber optic,No,No,Electronic check,106.9,2494,1,1,0.8835,Very High Risk
7409-KIUTL,1,Month-to-month,Fiber optic,No,No,Electronic check,71.0,5345,1,1,0.8834,Very High Risk
8357-EQXFO,7,Month-to-month,Fiber optic,No,No,Electronic check,95.35,3077,1,1,0.8834,Very High Risk
5299-SJCZT,3,Month-to-month,Fiber optic,No,No,Bank transfer (automatic),101.55,4480,1,1,0.8834,Very High Risk
4871-JTKJF,1,Month-to-month,Fiber optic,No,No,Electronic check,69.65,4741,1,1,0.8833,Very High Risk
9488-HGMJH,1,Month-to-month,Fiber optic,No,No,Electronic check,71.15,5287,1,1,0.8832,Very High Risk
4140-MUHUG,3,Month-to-month,Fiber optic,No,No,Electronic check,86.85,3561,1,1,0.8832,Very High Risk
5597-GLBUC,1,Month-to-month,Fiber optic,No,No,Electronic check,85.45,4931,1,1,0.8832,Very High Risk
6615-NGGZJ,14,Month-to-month,Fiber optic,No,No,Electronic check,100.55,5224,1,1,0.8832,Very High Risk
2789-HQBOU,3,Month-to-month,Fiber optic,No,No,Electronic check,80.35,4203,0,1,0.8832,Very High Risk
0375-HVGXO,1,Month-to-month,DSL,No,No,Electronic check,34.7,4476,1,1,0.883,Very High Risk
7206-GZCDC,1,Month-to-month,Fiber optic,No,No,Electronic check,69.25,4371,1,1,0.883,Very High Risk
2691-NZETQ,9,Month-to-month,Fiber optic,No,No,Electronic check,85.35,2752,1,1,0.8828,Very High Risk
3878-AVSOQ,1,Month-to-month,Fiber optic,No,No,Electronic check,71.25,5033,0,1,0.8827,Very High Risk
4060-LDNLU,7,Month-to-month,Fiber optic,No,No,Electronic check,96.2,4329,0,1,0.8827,Very High Risk
9507-EXLTT,1,Month-to-month,Fiber optic,No,No,Bank transfer (automatic),79.35,3492,1,1,0.8825,Very High Risk
8062-YBDOE,1,Month-to-month,Fiber optic,No,No,Electronic check,69.65,5844,1,1,0.8824,Very High Risk
0325-XBFAC,8,Month-to-month,Fiber optic,No,No,Electronic check,94.7,5811,1,1,0.8823,Very High Risk
5095-AESKG,3,Month-to-month,Fiber optic,No,No,Credit card (automatic),91.5,5646,1,1,0.8823,Very High Risk
2876-GZYZC,13,Month-to-month,Fiber optic,No,No,Electronic check,85.95,5886,0,1,0.8822,Very High Risk
1678-FYZOW,3,Month-to-month,Fiber optic,No,No,Electronic check,79.4,2448,1,1,0.882,Very High Risk
8361-LTMKD,4,Month-to-month,Fiber optic,No,No,Mailed check,74.4,5839,1,1,0.882,Very High Risk
7074-IEVOJ,3,Month-to-month,Fiber optic,No,No,Electronic check,79.4,3501,1,1,0.8819,Very High Risk
9837-BMCLM,3,Month-to-month,Fiber optic,No,No,Electronic check,78.5,3567,1,1,0.8817,Very High Risk
3462-BJQQA,6,Month-to-month,Fiber optic,No,No,Electronic check,89.75,2370,0,1,0.8815,Very High Risk
6507-ZJSUR,23,Month-to-month,Fiber optic,No,No,Electronic check,90.45,5272,0,1,0.8813,Very High Risk
1448-PWKYE,1,Month-to-month,Fiber optic,No,No,Electronic check,80.0,2046,1,1,0.8812,Very High Risk
7120-RFMVS,1,Month-to-month,Fiber optic,No,No,Electronic check,84.5,4340,1,1,0.8812,Very High Risk
9253-QXKBE,29,Month-to-month,Fiber optic,No,No,Electronic check,94.45,2233,1,1,0.8812,Very High Risk
8375-DKEBR,1,Month-to-month,Fiber optic,No,No,Electronic check,69.6,3438,1,1,0.8811,Very High Risk
4112-LUEIZ,10,Month-to-month,Fiber optic,No,No,Electronic check,89.5,4206,1,1,0.881,Very High Risk
5539-TMZLF,1,Month-to-month,Fiber optic,No,No,Electronic check,69.75,5057,1,1,0.881,Very High Risk
8107-KNCIM,14,Month-to-month,Fiber optic,No,No,Electronic check,75.1,3771,0,1,0.881,Very High Risk
0168-XZKBB,19,Month-to-month,Fiber optic,No,No,Electronic check,86.85,5072,0,1,0.881,Very High Risk
6328-ZPBGN,11,Month-to-month,Fiber optic,No,No,Bank transfer (automatic),95.15,4074,1,1,0.881,Very High Risk
4585-HETAI,4,Month-to-month,Fiber optic,No,No,Electronic check,73.75,5026,1,1,0.881,Very High Risk
8290-YWKHZ,32,Month-to-month,Fiber optic,No,No,Electronic check,93.2,5247,1,1,0.8809,Very High Risk
3329-WDIOK,3,Month-to-month,DSL,No,No,Electronic check,50.6,4800,1,1,0.8808,Very High Risk
6229-LSCKB,6,Month-to-month,Fiber optic,No,No,Electronic check,79.7,2893,0,1,0.8808,Very High Risk
8644-XLFBW,1,Month-to-month,Fiber optic,No,No,Electronic check,71.65,5674,1,1,0.8808,Very High Risk
9809-IMGCQ,22,Month-to-month,Fiber optic,No,No,Electronic check,96.7,4458,1,1,0.8806,Very High Risk
4806-KEXQR,4,Month-to-month,Fiber optic,No,No,Electronic check,79.9,4669,1,1,0.8806,Very High Risk
8000-REIQB,1,Month-to-month,Fiber optic,No,No,Electronic check,69.95,3208,1,1,0.8805,Very High Risk
5378-IKEEG,1,Month-to-month,DSL,No,No,Electronic check,35.75,3351,1,1,0.8804,Very High Risk
7130-VTEWQ,8,Month-to-month,Fiber optic,No,No,Electronic check,75.75,4174,1,1,0.8802,Very High Risk
6357-JJPQT,3,Month-to-month,Fiber optic,No,No,Electronic check,80.5,2032,0,1,0.8802,Very High Risk
9402-ORRAH,15,Month-to-month,Fiber optic,No,No,Electronic check,91.5,4173,0,1,0.8802,Very High Risk
8443-ZRDBZ,4,Month-to-month,Fiber optic,No,No,Electronic check,76.05,3685,1,1,0.8801,Very High Risk
4298-OYIFC,15,Month-to-month,Fiber optic,Yes,No,Electronic check,103.45,5640,0,1,0.8801,Very High Risk
0841-NULXI,1,Month-to-month,DSL,No,No,Electronic check,35.55,3958,1,1,0.8801,Very High Risk
6683-VLCTZ,20,Month-to-month,Fiber optic,No,No,Electronic check,98.55,5444,1,1,0.8798,Very High Risk
1846-XWOQN,1,Month-to-month,Fiber optic,No,No,Electronic check,70.15,2825,1,1,0.8797,Very High Risk
8083-YTZES,4,Month-to-month,Fiber optic,No,No,Electronic check,74.35,3622,1,1,0.8797,Very High Risk
1450-GALXR,10,Month-to-month,Fiber optic,Yes,No,Electronic check,98.5,5184,1,1,0.8796,Very High Risk
2645-QTLMB,7,Month-to-month,Fiber optic,No,No,Electronic check,94.25,5267,1,1,0.8794,Very High Risk
5276-KQWHG,2,Month-to-month,Fiber optic,No,No,Electronic check,69.6,4596,1,1,0.8792,Very High Risk
2575-GFSOE,7,Month-to-month,Fiber optic,No,No,Electronic check,69.0,5672,1,1,0.8792,Very High Risk
1024-VRZHF,11,Month-to-month,Fiber optic,No,No,Electronic check,74.95,2044,1,1,0.879,Very High Risk
6892-XPFPU,24,Month-to-month,Fiber optic,No,No,Electronic check,104.25,2104,1,1,0.879,Very High Risk
9605-WGJVW,1,Month-to-month,Fiber optic,No,No,Electronic check,70.2,2422,0,1,0.879,Very High Risk
2636-ALXXZ,1,Month-to-month,Fiber optic,No,No,Electronic check,69.6,2151,1,1,0.8789,Very High Risk
6941-PMGEP,5,Month-to-month,Fiber optic,No,No,Electronic check,80.0,3937,1,1,0.8789,Very High Risk
7969-AULMZ,21,Month-to-month,Fiber optic,No,No,Electronic check,97.35,4321,1,1,0.8786,Very High Risk
3841-CONLJ,1,Month-to-month,DSL,No,No,Electronic check,35.0,4099,0,1,0.8785,Very High Risk
5949-XIKAE,8,Month-to-month,Fiber optic,No,No,Electronic check,83.55,2879,1,1,0.8785,Very High Risk
7994-UYIVZ,8,Month-to-month,Fiber optic,No,No,Bank transfer (automatic),85.65,2512,0,1,0.8783,Very High Risk
7294-TMAOP,1,Month-to-month,Fiber optic,No,No,Electronic check,90.55,2627,1,1,0.8783,Very High Risk
8051-HJRLT,1,Month-to-month,Fiber optic,No,No,Electronic check,70.55,2146,1,1,0.8782,Very High Risk
5797-APWZC,1,Month-to-month,Fiber optic,No,No,Electronic check,90.6,2540,1,1,0.8781,Very High Risk
4514-GFCFI,16,Month-to-month,Fiber optic,No,No,Electronic check,84.75,5136,1,1,0.878,Very High Risk
8752-STIVR,4,Month-to-month,Fiber optic,No,No,Electronic check,79.0,2085,1,1,0.8776,Very High Risk
9850-OWRHQ,3,Month-to-month,Fiber optic,No,No,Credit card (automatic),74.1,5657,1,1,0.8776,Very High Risk
2202-CUYXZ,1,Month-to-month,Fiber optic,No,No,Electronic check,84.85,3086,1,1,0.8776,Very High Risk
7563-BIUPC,5,Month-to-month,Fiber optic,No,No,Electronic check,80.6,5715,1,1,0.8775,Very High Risk
7493-TPUWZ,1,Month-to-month,Fiber optic,No,No,Electronic check,79.15,4243,1,1,0.8774,Very High Risk
1628-BIZYP,1,Month-to-month,Fiber optic,No,No,Electronic check,85.0,5754,0,1,0.8774,Very High Risk
0334-GDDSO,3,Month-to-month,Fiber optic,No,No,Electronic check,81.35,2818,1,1,0.8773,Very High Risk
3091-FYHKI,1,Month-to-month,DSL,No,No,Electronic check,35.45,2301,1,1,0.8772,Very High Risk
2985-FMWYF,23,Month-to-month,Fiber optic,No,No,Electronic check,93.5,4861,0,1,0.8772,Very High Risk
2612-RRIDN,4,Month-to-month,Fiber optic,No,No,Electronic check,81.0,3591,1,1,0.8771,Very High Risk
0822-GAVAP,2,Month-to-month,DSL,No,No,Electronic check,34.7,3146,1,1,0.877,Very High Risk
6877-TJMBR,1,Month-to-month,Fiber optic,Yes,No,Electronic check,84.8,2627,1,1,0.8769,Very High Risk
1704-NRWYE,9,Month-to-month,Fiber optic,No,No,Electronic check,80.85,5242,1,1,0.8769,Very High Risk
6168-WFVVF,3,Month-to-month,Fiber optic,No,No,Electronic check,70.3,5165,1,1,0.8769,Very High Risk
5569-KGJHX,9,Month-to-month,Fiber optic,No,No,Bank transfer (automatic),85.35,2445,1,1,0.8769,Very High Risk
7858-GTZSP,12,Month-to-month,Fiber optic,No,No,Electronic check,86.55,2061,0,1,0.8766,Very High Risk
3398-FSHON,12,Month-to-month,Fiber optic,No,No,Electronic check,91.3,4703,1,1,0.8765,Very High Risk
2688-BHGOG,9,Month-to-month,Fiber optic,No,No,Electronic check,79.55,5811,0,1,0.8764,Very High Risk
9603-OAIHC,1,Month-to-month,Fiber optic,No,No,Electronic check,70.05,2469,0,1,0.8763,Very High Risk
7029-RPUAV,17,Month-to-month,Fiber optic,No,No,Credit card (automatic),100.45,5508,1,1,0.8762,Very High Risk
4123-DVHPH,9,Month-to-month,Fiber optic,No,Yes,Electronic check,88.05,2715,0,1,0.8762,Very High Risk
1465-VINDH,10,Month-to-month,Fiber optic,No,No,Credit card (automatic),102.1,3596,1,1,0.8761,Very High Risk
9172-ANCRX,10,Month-to-month,Fiber optic,No,Yes,Electronic check,98.7,5561,1,1,0.876,Very High Risk
3106-ULWFW,8,Month-to-month,Fiber optic,No,No,Credit card (automatic),85.2,2887,1,1,0.876,Very High Risk
5940-NFXKV,19,Month-to-month,Fiber optic,No,No,Electronic check,83.65,3427,1,1,0.8759,Very High Risk
7613-LLQFO,12,Month-to-month,Fiber optic,No,No,Electronic check,84.45,3330,1,1,0.8759,Very High Risk
9094-AZPHK,15,Month-to-month,Fiber optic,No,No,Electronic check,100.15,2565,0,1,0.8758,Very High Risk
2754-VDLTR,10,Month-to-month,Fiber optic,No,No,Electronic check,95.2,4922,1,1,0.8756,Very High Risk
1768-ZAIFU,1,Month-to-month,DSL,No,No,Electronic check,25.2,5688,1,1,0.8755,Very High Risk
8821-XNHVZ,1,Month-to-month,Fiber optic,No,No,Mailed check,80.05,2943,1,1,0.8755,Very High Risk
0840-DFEZH,7,Month-to-month,Fiber optic,No,No,Electronic check,75.35,4989,0,1,0.8755,Very High Risk
5804-LEPIM,2,Month-to-month,Fiber optic,No,No,Electronic check,70.35,2671,1,1,0.8754,Very High Risk
9290-SHCMB,13,Month-to-month,Fiber optic,No,No,Electronic check,96.85,3098,0,1,0.8754,Very High Risk
6711-FLDFB,7,Month-to-month,Fiber optic,No,No,Electronic check,74.9,5159,1,1,0.8754,Very High Risk
8625-AZYZY,24,Month-to-month,Fiber optic,No,No,Electronic check,104.65,4734,1,1,0.8754,Very High Risk
9223-UCPVT,1,Month-to-month,Fiber optic,No,No,Electronic check,94.4,5764,1,1,0.8753,Very High Risk
0220-EBGCE,2,Month-to-month,Fiber optic,No,No,Electronic check,85.85,3273,1,1,0.8751,Very High Risk
6356-ELRKD,1,Month-to-month,Fiber optic,No,Yes,Electronic check,95.6,4091,1,1,0.875,Very High Risk
1393-IMKZG,1,Month-to-month,Fiber optic,Yes,No,Electronic check,95.85,3270,0,1,0.875,Very High Risk
8087-LGYHQ,9,Month-to-month,Fiber optic,No,No,Electronic check,94.05,3475,0,1,0.875,Very High Risk
2027-FECZV,12,Month-to-month,Fiber optic,No,No,Electronic check,106.7,2406,1,1,0.875,Very High Risk
5244-IRFIH,33,Month-to-month,Fiber optic,No,No,Electronic check,94.5,4333,1,1,0.8748,Very High Risk
5889-LFOLL,13,Month-to-month,Fiber optic,No,No,Electronic check,84.6,2659,1,1,0.8745,Very High Risk
4229-CZMLL,6,Month-to-month,Fiber optic,No,No,Electronic check,74.9,4160,1,1,0.8745,Very High Risk
4342-HENTK,2,Month-to-month,Fiber optic,No,No,Electronic check,70.65,2189,1,1,0.8745,Very High Risk
7209-JCUDS,10,Month-to-month,Fiber optic,No,No,Electronic check,94.9,2832,1,1,0.8744,Very High Risk
8541-QVFKM,8,Month-to-month,Fiber optic,No,No,Electronic check,73.5,5777,0,1,0.8743,Very High Risk
6424-ELEYH,3,Month-to-month,Fiber optic,No,No,Credit card (automatic),74.75,3972,1,1,0.8742,Very High Risk
5729-KLZAR,4,Month-to-month,Fiber optic,No,No,Electronic check,80.85,2961,1,1,0.8741,Very High Risk
3317-VLGQT,14,Month-to-month,Fiber optic,No,No,Electronic check,78.1,3157,0,1,0.8741,Very High Risk
1173-XZPYF,11,Month-to-month,Fiber optic,No,No,Electronic check,89.2,3734,0,1,0.874,Very High Risk
6653-CBBOM,1,Month-to-month,Fiber optic,No,No,Electronic check,70.3,5963,1,1,0.8739,Very High Risk
8510-AWCXC,13,Month-to-month,Fiber optic,No,Yes,Electronic check,100.8,3269,1,1,0.8739,Very High Risk
0709-TVGUR,9,Month-to-month,Fiber optic,No,No,Electronic check,74.55,3145,1,1,0.8739,Very High Risk
1078-TDCRN,3,Month-to-month,DSL,No,No,Electronic check,30.75,4133,0,1,0.8738,Very High Risk
5644-PDMZC,2,Month-to-month,Fiber optic,No,No,Electronic check,89.5,2065,1,1,0.8734,Very High Risk
0871-URUWO,13,Month-to-month,Fiber optic,No,No,Credit card (automatic),102.25,2003,1,1,0.8732,Very High Risk
7590-VHVEG,1,Month-to-month,DSL,No,No,Electronic check,29.85,3964,0,1,0.8731,Very High Risk
9647-ERGBE,30,Month-to-month,Fiber optic,No,No,Electronic check,100.05,4664,1,1,0.873,Very High Risk
8519-IMDHU,15,Month-to-month,Fiber optic,No,No,Bank transfer (automatic),85.6,4981,1,1,0.873,Very High Risk
9514-JDSKI,1,Month-to-month,DSL,No,No,Electronic check,40.2,5828,1,1,0.8729,Very High Risk
5119-NZPTV,2,Month-to-month,Fiber optic,No,No,Electronic check,70.1,5592,0,1,0.8729,Very High Risk
4815-GBTCD,4,Month-to-month,DSL,No,No,Electronic check,25.15,3891,0,1,0.8728,Very High Risk
3338-CVVEH,12,Month-to-month,Fiber optic,No,No,Electronic check,94.55,5674,0,1,0.8728,Very High Risk
2057-ZBLPD,21,Month-to-month,Fiber optic,No,No,Electronic check,86.5,2036,1,1,0.8727,Very High Risk
9992-RRAMN,22,Month-to-month,Fiber optic,No,No,Electronic check,85.1,5248,1,1,0.8725,Very High Risk
1195-OIYEJ,13,Month-to-month,Fiber optic,No,No,Electronic check,91.1,5347,1,1,0.8723,Very High Risk
1389-CXMLU,3,Month-to-month,Fiber optic,No,No,Electronic check,91.05,2194,1,1,0.8723,Very High Risk
9124-LHCJQ,1,Month-to-month,Fiber optic,No,No,Mailed check,85.45,2318,1,1,0.8723,Very High Risk
0023-HGHWL,1,Month-to-month,DSL,No,No,Electronic check,25.1,5437,1,1,0.8722,Very High Risk
6319-IEJWJ,20,Month-to-month,Fiber optic,No,No,Electronic check,90.2,2058,1,1,0.8721,Very High Risk
7503-ZGUZJ,1,Month-to-month,Fiber optic,No,No,Mailed check,84.65,4261,1,1,0.872,Very High Risk
3143-JQEGI,13,Month-to-month,Fiber optic,No,No,Electronic check,88.35,3740,1,1,0.8719,Very High Risk
5027-QPKTE,7,Month-to-month,Fiber optic,No,No,Electronic check,69.35,4292,1,1,0.8718,Very High Risk
6015-VVHHE,5,Month-to-month,Fiber optic,No,No,Credit card (automatic),83.15,2516,1,1,0.8717,Very High Risk
5382-SOYZL,22,Month-to-month,Fiber optic,No,No,Electronic check,95.1,3729,0,1,0.8716,Very High Risk
3716-BDVDB,1,Month-to-month,Fiber optic,No,No,Electronic check,69.1,5795,1,1,0.8715,Very High Risk
3428-XZMAZ,1,Month-to-month,Fiber optic,No,No,Electronic check,69.35,5796,1,1,0.8713,Very High Risk
0480-BIXDE,19,Month-to-month,Fiber optic,No,No,Electronic check,96.8,3249,0,1,0.8713,Very High Risk
0655-RBDUG,7,Month-to-month,Fiber optic,No,No,Bank transfer (automatic),98.05,2561,1,1,0.8713,Very High Risk
9728-FTTVZ,1,Month-to-month,Fiber optic,No,No,Electronic check,69.2,4073,1,1,0.8713,Very High Risk
9239-ZBZZV,6,Month-to-month,DSL,No,No,Electronic check,47.95,2240,1,1,0.8711,Very High Risk
2055-PDADH,3,Month-to-month,Fiber optic,No,No,Electronic check,70.4,2491,1,1,0.871,Very High Risk
6860-YRJZP,9,Month-to-month,Fiber optic,No,No,Electronic check,74.05,2003,0,1,0.8709,Very High Risk
3244-DCJWY,1,Month-to-month,Fiber optic,No,No,Electronic check,70.25,4133,1,1,0.8706,Very High Risk
0928-JMXNP,4,Month-to-month,DSL,No,No,Electronic check,29.9,2914,0,1,0.8705,Very High Risk
2026-TGDHM,7,Month-to-month,Fiber optic,No,No,Electronic check,79.3,3830,1,1,0.8705,Very High Risk
1640-PLFMP,1,Month-to-month,Fiber optic,No,No,Electronic check,70.25,4063,0,1,0.8705,Very High Risk
2123-AGEEN,7,Month-to-month,Fiber optic,No,No,Electronic check,84.35,2107,0,1,0.8704,Very High Risk
5570-PTWEH,3,Month-to-month,Fiber optic,No,No,Credit card (automatic),75.15,2270,1,1,0.8704,Very High Risk
7314-OXENN,2,Month-to-month,Fiber optic,No,No,Electronic check,82.0,3051,1,1,0.8703,Very High Risk
0122-OAHPZ,7,Month-to-month,Fiber optic,No,No,Electronic check,73.85,2473,1,1,0.8703,Very High Risk
3422-GALYP,2,Month-to-month,Fiber optic,No,No,Electronic check,79.45,2657,0,1,0.8703,Very High Risk
8242-SOQUO,5,Month-to-month,Fiber optic,No,No,Electronic check,84.7,2660,0,1,0.8703,Very High Risk
5376-DEQCP,1,Month-to-month,Fiber optic,No,No,Electronic check,70.6,4063,1,1,0.8702,Very High Risk
0495-ZBNGW,5,Month-to-month,Fiber optic,No,No,Bank transfer (automatic),79.9,4324,1,1,0.8702,Very High Risk
5875-YPQFJ,1,Month-to-month,Fiber optic,No,No,Electronic check,69.9,5367,1,1,0.8701,Very High Risk
7254-IQWOZ,1,Month-to-month,Fiber optic,No,No,Electronic check,69.65,5258,1,1,0.8701,Very High Risk
4636-QRJKY,6,Month-to-month,Fiber optic,Yes,No,Electronic check,80.5,5032,1,1,0.8699,Very High Risk
0328-GRPMV,1,Month-to-month,Fiber optic,No,No,Electronic check,70.1,3706,1,1,0.8699,Very High Risk
7780-OTDSO,18,Month-to-month,Fiber optic,No,Yes,Electronic check,99.4,2421,1,1,0.8698,Very High Risk
1200-TUZHR,8,Month-to-month,Fiber optic,No,No,Electronic check,85.2,2565,0,1,0.8698,Very High Risk
0488-GSLFR,1,Month-to-month,Fiber optic,No,No,Electronic check,69.5,3365,1,1,0.8697,Very High Risk
6702-OHFWR,1,Month-to-month,DSL,No,No,Electronic check,43.3,4972,1,1,0.8696,Very High Risk
0345-HKJVM,6,Month-to-month,Fiber optic,No,No,Electronic check,89.3,5800,1,1,0.8696,Very High Risk
6437-UKHMV,7,Month-to-month,Fiber optic,No,No,Electronic check,79.7,3109,1,1,0.8695,Very High Risk
5956-YHHRX,21,Month-to-month,Fiber optic,No,No,Electronic check,104.35,4934,0,1,0.8694,Very High Risk
7273-TEFQD,3,Month-to-month,DSL,No,No,Electronic check,41.15,2314,1,1,0.8693,Very High Risk
8225-BTJAU,10,Month-to-month,Fiber optic,No,No,Electronic check,79.25,3856,1,1,0.8692,Very High Risk
8699-ASUFO,7,Month-to-month,Fiber optic,No,No,Mailed check,74.4,4969,1,1,0.8692,Very High Risk
7638-QVMVY,7,Month-to-month,Fiber optic,No,No,Electronic check,79.0,3735,1,1,0.8692,Very High Risk
2180-DXNEG,12,Month-to-month,Fiber optic,No,No,Electronic check,96.0,5239,1,1,0.8691,Very High Risk
9874-QLCLH,17,Month-to-month,Fiber optic,No,Yes,Electronic check,104.2,2365,1,1,0.8691,Very High Risk
6986-IXNDM,14,Month-to-month,Fiber optic,No,No,Electronic check,92.9,4296,0,1,0.8691,Very High Risk
4395-PZMSN,5,Month-to-month,Fiber optic,No,No,Electronic check,85.55,2850,0,1,0.8689,Very High Risk
4603-JANFB,1,Month-to-month,Fiber optic,No,No,Electronic check,69.85,4548,1,1,0.8686,Very High Risk
7660-HDPJV,1,Month-to-month,Fiber optic,No,No,Electronic check,69.2,2637,1,1,0.8686,Very High Risk
4439-JMPMT,5,Month-to-month,Fiber optic,Yes,No,Electronic check,85.75,3608,1,1,0.8685,Very High Risk
3721-CNEYS,2,Month-to-month,Fiber optic,No,No,Electronic check,70.95,5390,1,1,0.8683,Very High Risk
2446-PLQVO,1,Month-to-month,Fiber optic,No,No,Electronic check,70.3,4512,1,1,0.8682,Very High Risk
0644-OQMDK,4,Month-to-month,Fiber optic,No,No,Electronic check,70.65,4510,0,1,0.8682,Very High Risk
4282-YMKNA,9,Month-to-month,Fiber optic,No,No,Electronic check,74.75,5003,1,1,0.8681,Very High Risk
4510-HIMLV,1,Month-to-month,Fiber optic,No,No,Electronic check,69.8,4154,1,1,0.8679,Very High Risk
3030-YDNRM,8,Month-to-month,Fiber optic,No,No,Electronic check,74.85,5514,0,1,0.8679,Very High Risk
7665-TOALD,1,Month-to-month,Fiber optic,No,No,Electronic check,69.6,2412,1,1,0.8679,Very High Risk
4550-EVXNY,1,Month-to-month,Fiber optic,No,No,Electronic check,69.65,2418,1,1,0.8678,Very High Risk
7402-EYFXX,26,Month-to-month,Fiber optic,No,No,Electronic check,93.6,4030,0,1,0.8678,Very High Risk
1031-IIDEO,1,Month-to-month,Fiber optic,No,No,Electronic check,70.85,2874,1,1,0.8678,Very High Risk
9885-CSMWE,1,Month-to-month,Fiber optic,No,No,Electronic check,78.45,2139,1,1,0.8678,Very High Risk
5052-PNLOS,3,Month-to-month,Fiber optic,No,No,Bank transfer (automatic),105.35,3662,1,1,0.8678,Very High Risk
1977-STDKI,1,Month-to-month,Fiber optic,No,No,Electronic check,73.0,4116,1,1,0.8677,Very High Risk
5293-WXJAK,11,Month-to-month,Fiber optic,Yes,No,Bank transfer (automatic),104.05,4553,1,1,0.8676,Very High Risk
3427-GGZZI,19,Month-to-month,Fiber optic,No,No,Electronic check,89.1,3624,0,1,0.8675,Very High Risk
7206-PQBBZ,11,Month-to-month,Fiber optic,No,No,Electronic check,70.2,2848,0,1,0.8675,Very High Risk
7394-LWLYN,2,Month-to-month,Fiber optic,No,No,Electronic check,70.15,4840,0,1,0.8675,Very High Risk
7802-EFKNY,5,Month-to-month,DSL,No,No,Electronic check,24.95,5865,1,1,0.8674,Very High Risk
5288-AHOUP,11,Month-to-month,Fiber optic,No,No,Electronic check,78.5,4333,0,1,0.867,Very High Risk
1268-ASBGA,16,Month-to-month,Fiber optic,No,No,Credit card (automatic),85.35,5769,1,1,0.8669,Very High Risk
4702-IOQDC,1,Month-to-month,Fiber optic,No,No,Electronic check,70.1,2007,1,1,0.8667,Very High Risk
3372-KWFBM,16,Month-to-month,Fiber optic,No,No,Electronic check,86.6,2508,1,1,0.8667,Very High Risk
6734-GMPVK,5,Month-to-month,Fiber optic,No,No,Electronic check,105.3,4024,0,1,0.8666,Very High Risk
5883-GTGVD,19,Month-to-month,Fiber optic,No,No,Electronic check,99.95,3670,1,1,0.8665,Very High Risk
5542-TBBWB,1,Month-to-month,Fiber optic,No,No,Electronic check,69.9,3358,0,1,0.8664,Very High Risk
9804-ICWBG,1,Month-to-month,Fiber optic,No,No,Electronic check,69.9,3349,1,1,0.8663,Very High Risk
7511-YMXVQ,9,Month-to-month,DSL,No,No,Electronic check,45.4,5028,1,1,0.8662,Very High Risk
1820-TQVEV,1,Month-to-month,Fiber optic,No,No,Electronic check,69.55,3042,1,1,0.866,Very High Risk
5349-IECLD,2,Month-to-month,Fiber optic,No,No,Electronic check,94.95,4493,1,1,0.8659,Very High Risk
8808-ELEHO,8,Month-to-month,Fiber optic,No,No,Electronic check,81.25,3812,1,1,0.8659,Very High Risk
8065-YKXKD,10,Month-to-month,Fiber optic,No,No,Electronic check,74.75,5578,1,1,0.8658,Very High Risk
6457-GIRWB,1,Month-to-month,Fiber optic,No,No,Electronic check,69.35,2843,1,1,0.8658,Very High Risk
6326-MTTXK,8,Month-to-month,Fiber optic,No,No,Electronic check,100.85,3849,1,1,0.8656,Very High Risk
4301-VVZKA,16,Month-to-month,Fiber optic,No,No,Electronic check,75.4,5432,0,1,0.8656,Very High Risk
5429-LWCMV,12,Month-to-month,Fiber optic,No,No,Electronic check,89.15,4041,0,1,0.8654,Very High Risk
2982-IHMFT,1,Month-to-month,Fiber optic,No,No,Mailed check,74.45,4291,1,1,0.8653,Very High Risk
2840-XANRC,24,Month-to-month,Fiber optic,No,No,Electronic check,93.15,2212,1,1,0.8651,Very High Risk
7354-OIJLX,9,Month-to-month,Fiber optic,No,No,Electronic check,75.85,5212,0,1,0.8651,Very High Risk
3494-JCHRQ,1,Month-to-month,Fiber optic,No,No,Electronic check,70.05,2699,1,1,0.865,Very High Risk
2398-YPMUR,13,Month-to-month,Fiber optic,No,No,Electronic check,70.15,5101,1,1,0.8648,Very High Risk
7465-ZZRVX,1,Month-to-month,Fiber optic,No,No,Electronic check,70.35,2722,0,1,0.8648,Very High Risk
3199-XGZCY,8,Month-to-month,Fiber optic,No,No,Electronic check,75.25,2332,0,1,0.8648,Very High Risk
4482-EWFMI,2,Month-to-month,Fiber optic,No,No,Electronic check,69.7,3056,0,1,0.8648,Very High Risk
1219-NNDDO,9,Month-to-month,Fiber optic,No,No,Electronic check,76.85,4834,0,1,0.8647,Very High Risk
9317-WZPGV,2,Month-to-month,Fiber optic,No,No,Bank transfer (automatic),79.75,4038,1,1,0.8646,Very High Risk
7890-VYYWG,3,Month-to-month,DSL,No,No,Mailed check,36.45,3766,1,1,0.8644,Very High Risk
1567-DSCIC,8,Month-to-month,Fiber optic,No,No,Electronic check,94.0,2632,1,1,0.8644,Very High Risk
1960-UYCNN,10,Month-to-month,Fiber optic,No,No,Electronic check,95.25,4810,0,1,0.8643,Very High Risk
6996-KNSML,1,Month-to-month,Fiber optic,No,No,Electronic check,74.9,5919,1,1,0.8643,Very High Risk
4629-NRXKX,2,Month-to-month,Fiber optic,No,No,Electronic check,70.4,5687,1,1,0.8642,Very High Risk
6502-MJQAE,1,Month-to-month,Fiber optic,No,No,Electronic check,69.6,2072,1,1,0.8641,Very High Risk
9360-OMDZZ,24,Month-to-month,Fiber optic,No,No,Electronic check,94.1,3192,0,1,0.8639,Very High Risk
7245-NIIWQ,3,Month-to-month,Fiber optic,No,No,Electronic check,69.85,4764,0,1,0.8636,Very High Risk
6210-KBBPI,9,Month-to-month,Fiber optic,No,No,Credit card (automatic),99.45,2313,1,1,0.8636,Very High Risk
4597-NUCQV,24,Month-to-month,Fiber optic,No,No,Electronic check,101.25,4287,1,1,0.8633,Very High Risk
7392-YYPYJ,22,Month-to-month,Fiber optic,No,No,Electronic check,100.65,4094,0,1,0.8632,Very High Risk
8380-PEFPE,1,Month-to-month,Fiber optic,No,No,Electronic check,71.65,2377,1,1,0.8632,Very High Risk
5519-YLDGW,21,Month-to-month,Fiber optic,No,Yes,Electronic check,103.9,3769,1,1,0.863,Very High Risk
8118-LSUEL,23,Month-to-month,Fiber optic,No,No,Electronic check,106.4,5507,1,1,0.863,Very High Risk
0872-NXJYS,9,Month-to-month,Fiber optic,No,No,Electronic check,79.55,3246,1,1,0.863,Very High Risk
7861-UVUFT,15,Month-to-month,Fiber optic,No,No,Electronic check,84.3,4003,1,1,0.8629,Very High Risk
2897-DOVND,2,Month-to-month,Fiber optic,No,No,Electronic check,69.8,3527,0,1,0.8628,Very High Risk
5348-CAGXB,12,Month-to-month,Fiber optic,No,No,Electronic check,89.55,2325,0,1,0.8628,Very High Risk
3801-HMYNL,1,Month-to-month,Fiber optic,No,No,Mailed check,89.15,3123,1,1,0.8626,Very High Risk
3990-QYKBE,37,Month-to-month,Fiber optic,No,No,Electronic check,92.5,4127,1,1,0.8625,Very High Risk
8875-AKBYH,20,Month-to-month,Fiber optic,No,No,Electronic check,84.35,4915,0,1,0.8625,Very High Risk
3753-TSEMP,15,Month-to-month,Fiber optic,No,No,Electronic check,88.15,2524,1,1,0.8624,Very High Risk
2685-SREOM,25,Month-to-month,Fiber optic,No,No,Electronic check,89.1,4793,1,1,0.8622,Very High Risk
5583-SXDAG,1,Month-to-month,Fiber optic,No,No,Electronic check,70.0,4094,1,1,0.8622,Very High Risk
4884-ZTHVF,8,Month-to-month,Fiber optic,No,No,Electronic check,87.1,3950,0,1,0.8621,Very High Risk
3045-XETSH,10,Month-to-month,Fiber optic,No,No,Electronic check,94.85,3074,1,1,0.8621,Very High Risk
3317-HRTNN,5,Month-to-month,DSL,No,No,Electronic check,45.7,3561,1,1,0.862,Very High Risk
6857-VWJDT,1,Month-to-month,Fiber optic,No,No,Mailed check,95.65,3473,1,1,0.8619,Very High Risk
2272-QAGFO,14,Month-to-month,Fiber optic,No,No,Electronic check,74.3,5342,1,1,0.8618,Very High Risk
9330-IJWIO,13,Month-to-month,Fiber optic,No,Yes,Electronic check,100.35,2008,1,1,0.8615,Very High Risk
3295-YVUSR,2,Month-to-month,Fiber optic,No,No,Mailed check,72.6,5098,0,1,0.8613,Very High Risk
9717-QEBGU,2,Month-to-month,Fiber optic,No,No,Electronic check,70.3,2980,0,1,0.8613,Very High Risk
7079-QRCBC,24,Month-to-month,Fiber optic,No,No,Electronic check,98.75,4016,1,1,0.8612,Very High Risk
3750-CKVKH,2,Month-to-month,Fiber optic,No,No,Electronic check,67.75,2299,1,1,0.8611,Very High Risk
5442-UTCVD,3,Month-to-month,Fiber optic,No,No,Electronic check,91.85,2704,1,1,0.861,Very High Risk
6087-MVHJH,16,Month-to-month,Fiber optic,No,No,Electronic check,88.45,5186,1,1,0.861,Very High Risk
7568-PODML,1,Month-to-month,DSL,No,No,Mailed check,45.3,4954,1,1,0.8607,Very High Risk
4919-IKATY,5,Month-to-month,Fiber optic,No,Yes,Electronic check,84.5,5141,1,1,0.8606,Very High Risk
0616-ATFGB,1,Month-to-month,DSL,No,No,Electronic check,25.05,2119,1,1,0.8605,Very High Risk
9019-QVLZD,1,Month-to-month,Fiber optic,No,No,Electronic check,79.55,5082,1,1,0.8604,Very High Risk
0302-JOIVN,8,Month-to-month,Fiber optic,No,No,Electronic check,101.15,2750,1,1,0.8603,Very High Risk
7235-NXZCP,2,Month-to-month,Fiber optic,No,No,Mailed check,74.85,5378,1,1,0.8601,Very High Risk
2672-DZUOY,1,Month-to-month,DSL,No,No,Electronic check,25.15,5386,1,1,0.86,Very High Risk
8413-VONUO,2,Month-to-month,Fiber optic,No,No,Electronic check,95.65,5332,1,1,0.8599,Very High Risk
6393-WRYZE,34,Month-to-month,Fiber optic,No,No,Electronic check,97.65,3979,1,1,0.8597,Very High Risk
6000-APYLU,9,Month-to-month,Fiber optic,No,No,Electronic check,80.8,3890,1,1,0.8597,Very High Risk
0306-JAELE,5,Month-to-month,Fiber optic,Yes,No,Electronic check,96.1,4192,1,1,0.8597,Very High Risk
6851-WEFYX,35,Month-to-month,Fiber optic,No,No,Electronic check,100.8,3318,0,1,0.8597,Very High Risk
1309-BXVOQ,21,Month-to-month,Fiber optic,Yes,No,Electronic check,106.1,3584,1,1,0.8594,Very High Risk
5701-YVSVF,11,Month-to-month,Fiber optic,Yes,No,Electronic check,82.9,4413,0,1,0.8592,Very High Risk
7005-CCBKV,6,Month-to-month,Fiber optic,No,No,Electronic check,84.4,4539,1,1,0.8592,Very High Risk
9633-XQABV,3,Month-to-month,Fiber optic,No,No,Electronic check,70.25,2156,0,1,0.8592,Very High Risk
9121-PHQSR,16,Month-to-month,Fiber optic,No,No,Credit card (automatic),85.05,3739,0,1,0.8591,Very High Risk
5357-TZHPP,9,Month-to-month,Fiber optic,No,No,Credit card (automatic),84.4,5745,1,1,0.859,Very High Risk
2516-VQRRV,2,Month-to-month,Fiber optic,No,No,Mailed check,75.45,3350,1,1,0.8589,Very High Risk
8443-WVPSS,10,Month-to-month,Fiber optic,Yes,No,Electronic check,99.85,4243,1,1,0.8586,Very High Risk
5159-YFPKQ,2,Month-to-month,Fiber optic,No,No,Electronic check,75.8,5270,1,1,0.8586,Very High Risk
2777-PHDEI,1,Month-to-month,Fiber optic,No,No,Electronic check,78.05,3458,1,1,0.8584,Very High Risk
7938-OUHIO,3,Month-to-month,Fiber optic,Yes,No,Electronic check,98.7,3916,1,1,0.8583,Very High Risk
6077-BDPXA,3,Month-to-month,Fiber optic,No,No,Electronic check,70.15,2228,0,1,0.8582,Very High Risk
6960-HVYXR,1,Month-to-month,Fiber optic,No,No,Electronic check,76.0,2567,1,1,0.8582,Very High Risk
8945-GRKHX,1,Month-to-month,Fiber optic,No,No,Electronic check,78.65,2728,1,1,0.858,Very High Risk
0925-VYDLG,3,Month-to-month,Fiber optic,No,No,Electronic check,75.25,5898,1,1,0.8577,Very High Risk
1086-LXKFY,1,Month-to-month,Fiber optic,No,No,Mailed check,69.1,4779,1,1,0.8575,Very High Risk
2612-RANWT,12,Month-to-month,Fiber optic,No,No,Bank transfer (automatic),100.15,3682,1,1,0.8575,Very High Risk
3677-IYRBF,2,Month-to-month,DSL,No,No,Electronic check,30.4,4002,1,1,0.8573,Very High Risk
6116-RFVHN,34,Month-to-month,Fiber optic,No,No,Electronic check,100.45,3744,0,1,0.8573,Very High Risk
2397-BRLOM,8,Month-to-month,Fiber optic,No,No,Credit card (automatic),80.45,3443,1,1,0.8573,Very High Risk
5928-QLDHB,9,Month-to-month,Fiber optic,No,No,Electronic check,76.25,2062,0,1,0.8573,Very High Risk
2761-OCIAX,2,Month-to-month,Fiber optic,No,No,Electronic check,74.7,2803,1,1,0.8572,Very High Risk
5976-JCJRH,10,Month-to-month,Fiber optic,No,No,Electronic check,70.3,2162,1,1,0.8571,Very High Risk
0329-GTIAJ,3,Month-to-month,Fiber optic,Yes,No,Electronic check,97.9,4330,1,1,0.8568,Very High Risk
6215-NQCPY,15,Month-to-month,Fiber optic,No,Yes,Electronic check,99.7,4157,0,1,0.8568,Very High Risk
1980-KXVPM,3,Month-to-month,Fiber optic,No,No,Credit card (automatic),75.05,3553,1,1,0.8568,Very High Risk
6689-TCZHQ,5,Month-to-month,Fiber optic,No,No,Electronic check,78.95,4054,1,1,0.8564,Very High Risk
9172-JITSM,26,Month-to-month,Fiber optic,No,No,Electronic check,90.8,2641,1,1,0.8563,Very High Risk
5520-FVEWJ,12,Month-to-month,Fiber optic,No,No,Electronic check,84.5,4154,1,1,0.8563,Very High Risk
0396-YCHWO,36,Month-to-month,Fiber optic,No,No,Electronic check,95.4,5111,0,1,0.8562,Very High Risk
7831-QGOXH,18,Month-to-month,Fiber optic,No,No,Electronic check,85.2,3326,1,1,0.8562,Very High Risk
7365-BVCJH,1,Month-to-month,DSL,No,No,Electronic check,24.4,3145,0,1,0.8561,Very High Risk
2984-AFWNC,3,Month-to-month,Fiber optic,No,No,Electronic check,95.4,2813,0,1,0.8559,Very High Risk
9903-LYSAB,18,Month-to-month,Fiber optic,No,No,Electronic check,73.15,4283,0,1,0.8559,Very High Risk
1731-TVIUK,4,Month-to-month,Fiber optic,Yes,No,Electronic check,93.5,4554,1,1,0.8558,Very High Risk
1334-FJSVR,1,Month-to-month,DSL,No,No,Electronic check,24.25,2846,1,1,0.8556,Very High Risk
5216-WASFJ,31,Month-to-month,Fiber optic,No,No,Electronic check,84.85,5603,0,1,0.8556,Very High Risk
2568-BRGYX,4,Month-to-month,Fiber optic,No,No,Electronic check,70.2,5094,1,1,0.8554,Very High Risk
0388-EOPEX,2,Month-to-month,Fiber optic,No,Yes,Electronic check,74.4,4263,1,1,0.8553,Very High Risk
6705-LXORM,5,Month-to-month,Fiber optic,No,No,Electronic check,70.05,2064,0,1,0.8552,Very High Risk
6379-RXJRQ,10,Month-to-month,Fiber optic,No,No,Electronic check,70.1,2457,1,1,0.8551,Very High Risk
3765-JXVKY,1,Month-to-month,Fiber optic,No,No,Electronic check,74.7,4692,1,1,0.8551,Very High Risk
2905-KFQUV,2,Month-to-month,Fiber optic,No,No,Credit card (automatic),70.4,5748,0,1,0.8551,Very High Risk
3254-YRILK,19,Month-to-month,Fiber optic,No,No,Electronic check,88.2,5683,1,1,0.8551,Very High Risk
3138-BKYAV,6,Month-to-month,Fiber optic,No,No,Electronic check,85.35,4694,1,1,0.855,Very High Risk
1251-STYSZ,4,Month-to-month,Fiber optic,No,Yes,Electronic check,80.25,3828,0,1,0.8549,Very High Risk
3957-LXOLK,28,Month-to-month,Fiber optic,No,No,Electronic check,106.15,5030,1,1,0.8547,Very High Risk
5196-SGOAK,1,Month-to-month,Fiber optic,No,No,Electronic check,75.7,4884,1,1,0.8547,Very High Risk
2754-SDJRD,8,Month-to-month,Fiber optic,Yes,No,Credit card (automatic),100.15,5157,0,1,0.8547,Very High Risk
5167-ZFFMM,1,Month-to-month,Fiber optic,No,No,Credit card (automatic),90.85,3424,1,1,0.8545,Very High Risk
9444-JTXHZ,1,Month-to-month,Fiber optic,No,No,Electronic check,76.2,5973,1,1,0.8545,Very High Risk
8397-MVTAZ,34,Month-to-month,Fiber optic,No,No,Electronic check,100.05,2568,1,1,0.8542,Very High Risk
5937-EORGB,15,Month-to-month,Fiber optic,No,Yes,Electronic check,96.5,2394,0,1,0.854,Very High Risk
4274-OWWYO,1,Month-to-month,Fiber optic,No,No,Electronic check,74.35,5633,1,1,0.854,Very High Risk
2379-ENZGV,6,Month-to-month,Fiber optic,No,No,Electronic check,84.85,3420,1,1,0.8539,Very High Risk
8861-HGGKB,10,Month-to-month,Fiber optic,No,No,Electronic check,86.45,5699,1,1,0.8539,Very High Risk
2249-YPRNG,20,Month-to-month,Fiber optic,No,No,Bank transfer (automatic),105.85,4223,1,1,0.8539,Very High Risk
6772-KSATR,1,Month-to-month,Fiber optic,No,Yes,Electronic check,81.7,5574,1,1,0.8538,Very High Risk
9279-CJEOJ,21,Month-to-month,Fiber optic,No,No,Bank transfer (automatic),95.4,5691,0,1,0.8536,Very High Risk
4445-ZJNMU,9,Month-to-month,Fiber optic,No,No,Credit card (automatic),99.3,3540,0,1,0.8535,Very High Risk
2737-YNGYW,2,Month-to-month,Fiber optic,No,No,Electronic check,80.55,2856,1,1,0.8535,Very High Risk
7198-GLXTC,2,Month-to-month,Fiber optic,No,No,Electronic check,79.0,5239,1,1,0.8534,Very High Risk
1016-DJTSV,8,Month-to-month,Fiber optic,No,No,Electronic check,69.7,5242,0,1,0.8534,Very High Risk
2665-NPTGL,26,Month-to-month,Fiber optic,No,No,Bank transfer (automatic),98.1,3114,0,1,0.8533,Very High Risk
3276-HDUEG,1,Month-to-month,Fiber optic,No,No,Mailed check,75.05,4838,1,1,0.8533,Very High Risk
3292-PBZEJ,11,Month-to-month,Fiber optic,Yes,No,Electronic check,111.4,3175,0,1,0.8532,Very High Risk
0746-JTRFU,2,Month-to-month,DSL,No,No,Electronic check,25.05,4810,1,1,0.8532,Very High Risk
2867-UIMSS,1,Month-to-month,Fiber optic,No,No,Electronic check,80.5,2734,1,1,0.8532,Very High Risk
4706-AXVKM,11,Month-to-month,Fiber optic,No,No,Credit card (automatic),84.8,5118,1,1,0.8531,Very High Risk
5393-RXQSZ,1,Month-to-month,Fiber optic,No,No,Electronic check,79.6,2199,1,1,0.8528,Very High Risk
7823-JSOAG,3,Month-to-month,Fiber optic,No,No,Electronic check,74.5,5203,0,1,0.8528,Very High Risk
7625-XCQRH,11,Month-to-month,Fiber optic,No,No,Electronic check,76.5,2291,1,1,0.8525,Very High Risk
5054-IEXZT,1,Month-to-month,Fiber optic,No,No,Electronic check,75.35,5284,1,1,0.8525,Very High Risk
7908-QCBCA,1,Month-to-month,Fiber optic,No,No,Mailed check,69.4,2404,1,1,0.8524,Very High Risk
4039-HEUNW,36,Month-to-month,Fiber optic,No,No,Electronic check,96.5,4652,1,1,0.8521,Very High Risk
0749-IRGQE,13,Month-to-month,DSL,No,No,Electronic check,45.3,4118,0,1,0.8518,Very High Risk
4559-UWIHT,14,Month-to-month,Fiber optic,No,No,Electronic check,82.65,4965,0,1,0.8517,Very High Risk
3346-BRMIS,18,Month-to-month,DSL,No,No,Electronic check,48.35,2167,1,1,0.8513,Very High Risk
8183-ONMXC,2,Month-to-month,Fiber optic,No,No,Electronic check,80.75,2176,1,1,0.851,Very High Risk
3370-HXOPH,3,Month-to-month,Fiber optic,No,No,Electronic check,76.1,2650,0,1,0.8509,Very High Risk
2845-AFFTX,41,Month-to-month,Fiber optic,No,No,Electronic check,99.8,4726,1,1,0.8509,Very High Risk
3453-RTHJQ,6,Month-to-month,Fiber optic,No,No,Electronic check,69.1,5741,0,1,0.8508,Very High Risk
4132-KALRO,4,Month-to-month,Fiber optic,Yes,No,Mailed check,100.85,5354,0,1,0.8507,Very High Risk
8648-PFRMP,14,Month-to-month,DSL,No,No,Electronic check,46.35,2056,0,1,0.8507,Very High Risk
2568-OIADY,37,Month-to-month,Fiber optic,No,No,Electronic check,99.5,4233,1,1,0.8506,Very High Risk
4735-ASGMA,26,Month-to-month,Fiber optic,No,No,Electronic check,98.35,4997,1,1,0.8504,Very High Risk
3707-GNWHM,1,Month-to-month,Fiber optic,No,No,Mailed check,74.25,4750,1,1,0.8504,Very High Risk
4373-MAVJG,14,Month-to-month,Fiber optic,No,No,Bank transfer (automatic),90.9,5148,1,1,0.8503,Very High Risk
3834-XUIFC,7,Month-to-month,Fiber optic,No,No,Mailed check,85.2,3905,1,1,0.8502,Very High Risk
3217-FZDMN,8,Month-to-month,Fiber optic,No,No,Credit card (automatic),94.45,3676,1,1,0.8501,Very High Risk
6432-TWQLB,5,Month-to-month,Fiber optic,Yes,No,Electronic check,85.4,3676,1,1,0.8499,Very High Risk
5117-IFGPS,29,Month-to-month,Fiber optic,No,No,Electronic check,84.3,2217,0,1,0.8499,Very High Risk
0722-SVSFK,7,Month-to-month,Fiber optic,Yes,No,Electronic check,100.4,5041,0,1,0.8498,Very High Risk
1891-UAWWU,20,Month-to-month,Fiber optic,No,No,Electronic check,90.8,2312,1,1,0.8497,Very High Risk
8313-NDOIA,24,Month-to-month,Fiber optic,No,No,Electronic check,104.15,5813,0,1,0.8496,Very High Risk
2058-DCJBE,5,Month-to-month,Fiber optic,No,No,Electronic check,69.75,3965,1,1,0.8496,Very High Risk
9685-WKZGT,14,Month-to-month,Fiber optic,No,No,Electronic check,74.95,2075,1,1,0.8493,Very High Risk
0219-YTZUE,4,Month-to-month,Fiber optic,No,No,Bank transfer (automatic),84.8,4939,1,1,0.849,Very High Risk
3411-WLRSQ,3,Month-to-month,Fiber optic,No,No,Bank transfer (automatic),74.6,3711,0,1,0.8485,Very High Risk
3999-QGRJH,8,Month-to-month,Fiber optic,No,No,Electronic check,69.7,3068,1,1,0.8484,Very High Risk
6110-OHIHY,3,Month-to-month,Fiber optic,No,No,Electronic check,79.25,4183,1,1,0.8484,Very High Risk
3585-ISXZP,8,Month-to-month,Fiber optic,No,No,Bank transfer (automatic),95.65,5335,1,1,0.8481,Very High Risk
1062-LHZOD,1,Month-to-month,Fiber optic,No,No,Mailed check,69.9,2100,1,1,0.848,Very High Risk
1254-IZEYF,31,Month-to-month,Fiber optic,No,No,Electronic check,99.95,5362,1,1,0.848,Very High Risk
8111-RKSPX,4,Month-to-month,Fiber optic,No,No,Bank transfer (automatic),72.2,5668,1,1,0.848,Very High Risk
2439-LYPMQ,38,Month-to-month,Fiber optic,No,No,Electronic check,102.6,5469,0,1,0.8479,Very High Risk
6242-MBHPK,23,Month-to-month,Fiber optic,No,Yes,Electronic check,95.1,4025,0,1,0.8477,Very High Risk
2952-QAYZF,5,Month-to-month,Fiber optic,No,No,Electronic check,85.3,2264,1,1,0.8477,Very High Risk
4631-OACRM,15,Month-to-month,Fiber optic,No,No,Electronic check,79.4,3621,1,1,0.8476,Very High Risk
4521-YEEHE,18,Month-to-month,Fiber optic,Yes,No,Electronic check,88.85,3127,0,1,0.8474,Very High Risk
3565-UNOCC,29,Month-to-month,Fiber optic,No,No,Bank transfer (automatic),99.05,3179,1,1,0.8473,Very High Risk
1028-FFNJK,30,Month-to-month,Fiber optic,Yes,No,Electronic check,101.5,4828,0,1,0.847,Very High Risk
2276-YDAVZ,3,Month-to-month,Fiber optic,No,No,Credit card (automatic),75.1,4965,1,1,0.847,Very High Risk
9250-WYPLL,5,Month-to-month,Fiber optic,No,No,Electronic check,75.55,4600,1,1,0.847,Very High Risk
4770-UEZOX,2,Month-to-month,Fiber optic,No,No,Electronic check,74.75,4545,0,1,0.8469,Very High Risk
5228-EXCET,13,Month-to-month,Fiber optic,No,No,Electronic check,80.85,5964,1,1,0.8467,Very High Risk
8436-BJUMM,26,Month-to-month,Fiber optic,No,No,Electronic check,83.75,2404,1,1,0.8467,Very High Risk
3496-LFSZU,4,Month-to-month,Fiber optic,No,No,Electronic check,70.5,2896,0,1,0.8466,Very High Risk
7598-UAASY,2,Month-to-month,Fiber optic,No,No,Electronic check,76.4,4340,1,1,0.8466,Very High Risk
1602-IJQQE,4,Month-to-month,Fiber optic,No,No,Electronic check,75.35,2220,1,1,0.8465,Very High Risk
9912-GVSEQ,26,Month-to-month,Fiber optic,No,No,Electronic check,93.85,2591,1,1,0.8465,Very High Risk
8844-TONUD,13,Month-to-month,Fiber optic,No,No,Mailed check,96.65,5295,1,1,0.8464,Very High Risk
8111-SLLHI,39,Month-to-month,Fiber optic,No,No,Electronic check,105.65,4687,1,1,0.8464,Very High Risk
2408-WITXK,10,Month-to-month,DSL,No,No,Electronic check,34.7,3244,1,1,0.8463,Very High Risk
3629-ZNKXA,17,Month-to-month,Fiber optic,No,No,Electronic check,101.8,3296,0,1,0.8463,Very High Risk
0928-XUTSN,13,Month-to-month,Fiber optic,No,No,Electronic check,80.5,3895,0,1,0.8462,Very High Risk
7854-FOKSF,1,Month-to-month,DSL,No,No,Electronic check,35.9,4747,1,1,0.8461,Very High Risk
9846-GKXAS,9,Month-to-month,Fiber optic,No,No,Bank transfer (automatic),90.8,2578,1,1,0.8461,Very High Risk
0378-NHQXU,17,Month-to-month,Fiber optic,No,No,Electronic check,88.25,4041,1,1,0.8459,Very High Risk
3296-SILRA,1,Month-to-month,Fiber optic,No,No,Mailed check,76.4,2426,1,1,0.8457,Very High Risk
5673-FSSMF,1,Month-to-month,DSL,No,No,Electronic check,60.15,4611,1,1,0.8457,Very High Risk
8943-URTMR,2,Month-to-month,Fiber optic,No,No,Mailed check,79.65,5082,1,1,0.8457,Very High Risk
5419-CONWX,4,Month-to-month,Fiber optic,No,No,Credit card (automatic),99.8,2268,1,1,0.8456,Very High Risk
0004-TLHLJ,4,Month-to-month,Fiber optic,No,No,Electronic check,73.9,4479,1,1,0.8456,Very High Risk
5219-YIPTK,33,Month-to-month,Fiber optic,No,No,Electronic check,104.4,3185,1,1,0.8454,Very High Risk
2504-DSHIH,23,Month-to-month,Fiber optic,No,No,Electronic check,86.8,5788,0,1,0.8454,Very High Risk
2969-QWUBZ,2,Month-to-month,DSL,No,No,Electronic check,51.4,2580,0,1,0.8453,Very High Risk
0330-IVZHA,5,Month-to-month,Fiber optic,No,No,Electronic check,69.95,2969,1,1,0.8449,Very High Risk
0524-IAVZO,30,Month-to-month,Fiber optic,No,No,Electronic check,85.0,3698,1,1,0.8449,Very High Risk
1226-IENZN,16,Month-to-month,Fiber optic,No,No,Electronic check,78.75,4351,0,1,0.8448,Very High Risk
0654-HMSHN,21,Month-to-month,Fiber optic,No,No,Electronic check,104.4,3796,1,1,0.8448,Very High Risk
8708-XPXHZ,42,Month-to-month,Fiber optic,No,No,Electronic check,94.2,5458,1,1,0.8446,Very High Risk
1104-TNLZA,28,Month-to-month,Fiber optic,Yes,No,Electronic check,105.8,4174,0,1,0.8445,Very High Risk
0115-TFERT,21,Month-to-month,Fiber optic,Yes,No,Electronic check,111.2,4123,1,1,0.8444,Very High Risk
5261-QSHQM,4,Month-to-month,DSL,No,No,Electronic check,24.45,4909,1,1,0.8444,Very High Risk
4291-SHSBH,7,Month-to-month,Fiber optic,No,No,Electronic check,69.55,4704,0,1,0.8442,Very High Risk
6618-RYATB,1,Month-to-month,Fiber optic,No,No,Mailed check,79.55,5571,1,1,0.8442,Very High Risk
6198-ZFIOJ,5,Month-to-month,Fiber optic,No,No,Electronic check,75.6,3469,0,1,0.8441,Very High Risk
2983-ZANRP,2,Month-to-month,Fiber optic,No,No,Bank transfer (automatic),73.55,5799,1,1,0.8441,Very High Risk
1965-AKTSX,14,Month-to-month,Fiber optic,No,No,Electronic check,78.95,5203,1,1,0.8438,Very High Risk
2082-OJVTK,29,Month-to-month,Fiber optic,No,No,Electronic check,89.2,5292,1,1,0.8438,Very High Risk
3420-YJLQT,2,Month-to-month,Fiber optic,No,No,Electronic check,79.55,5965,0,1,0.8438,Very High Risk
0023-XUOPT,13,Month-to-month,Fiber optic,No,No,Electronic check,94.1,2973,1,1,0.8436,Very High Risk
5628-FCGYG,21,Month-to-month,Fiber optic,No,No,Electronic check,84.1,4649,0,1,0.8436,Very High Risk
6407-UTSLV,2,Month-to-month,Fiber optic,No,No,Bank transfer (automatic),83.8,2885,0,1,0.8436,Very High Risk
6543-XRMYR,30,Month-to-month,Fiber optic,No,No,Electronic check,99.7,3548,1,1,0.8436,Very High Risk
6030-REHUX,28,Month-to-month,Fiber optic,Yes,No,Electronic check,110.85,3906,0,1,0.8433,Very High Risk
6331-EWIEB,20,Month-to-month,Fiber optic,No,No,Electronic check,85.25,2414,1,1,0.8432,Very High Risk
9606-PBKBQ,32,Month-to-month,Fiber optic,No,No,Electronic check,85.0,4584,1,1,0.8432,Very High Risk
5275-SQEIZ,1,Month-to-month,Fiber optic,No,No,Mailed check,80.85,3096,1,1,0.843,Very High Risk
0685-MLYYM,2,Month-to-month,Fiber optic,No,No,Electronic check,70.75,4407,1,1,0.843,Very High Risk
6221-AVQYL,2,Month-to-month,Fiber optic,No,No,Credit card (automatic),73.25,2919,1,1,0.8429,Very High Risk
3951-NJCVI,42,Month-to-month,Fiber optic,No,No,Electronic check,95.05,2677,0,1,0.8427,Very High Risk
6856-RAURS,2,Month-to-month,Fiber optic,No,No,Mailed check,74.9,2044,0,1,0.8427,Very High Risk
2107-FBPTK,30,Month-to-month,Fiber optic,No,No,Electronic check,104.1,5655,0,1,0.8426,Very High Risk
4910-AQFFX,9,Month-to-month,Fiber optic,No,No,Bank transfer (automatic),79.35,4533,1,1,0.8422,Very High Risk
0013-EXCHZ,3,Month-to-month,Fiber optic,Yes,No,Mailed check,83.9,3464,1,1,0.842,Very High Risk
6712-OAWRH,26,Month-to-month,Fiber optic,No,No,Electronic check,91.25,5154,1,1,0.8419,Very High Risk
1508-DFXCU,12,Month-to-month,Fiber optic,No,No,Electronic check,81.45,2916,0,1,0.8417,Very High Risk
3663-MITLP,15,Month-to-month,Fiber optic,No,No,Electronic check,101.25,3968,1,1,0.8417,Very High Risk
3871-IKPYH,1,Month-to-month,Fiber optic,No,No,Electronic check,69.1,2767,1,1,0.8415,Very High Risk
3393-FMZPV,25,Month-to-month,Fiber optic,No,No,Electronic check,100.25,2195,1,1,0.8414,Very High Risk
4633-MKHYU,9,Month-to-month,Fiber optic,No,No,Mailed check,88.4,2952,0,1,0.8413,Very High Risk
1754-GKYPY,22,Month-to-month,Fiber optic,No,No,Bank transfer (automatic),89.75,4180,0,1,0.8412,Very High Risk
0742-NXBGR,1,Month-to-month,Fiber optic,No,No,Electronic check,82.3,4278,1,1,0.8409,Very High Risk
2081-VEYEH,3,Month-to-month,Fiber optic,Yes,No,Electronic check,107.95,5653,0,1,0.8407,Very High Risk
8417-FMLZI,6,Month-to-month,Fiber optic,No,No,Credit card (automatic),83.55,4242,1,1,0.8406,Very High Risk
0727-IWKVK,9,Month-to-month,Fiber optic,No,No,Electronic check,79.9,4748,1,1,0.8401,Very High Risk
5442-XSDCW,11,Month-to-month,Fiber optic,No,No,Bank transfer (automatic),79.5,3469,1,1,0.84,Very High Risk
0793-TWELN,4,Month-to-month,Fiber optic,No,Yes,Electronic check,80.15,2841,0,1,0.84,Very High Risk
7479-NITWS,7,Month-to-month,Fiber optic,No,No,Credit card (automatic),89.35,4154,1,1,0.84,Very High Risk
6900-PXRMS,26,Month-to-month,Fiber optic,No,No,Electronic check,105.75,3157,1,1,0.8399,Very High Risk
0576-WNXXC,27,Month-to-month,Fiber optic,No,No,Electronic check,95.55,2999,1,1,0.8398,Very High Risk
4566-NECEV,5,Month-to-month,Fiber optic,No,No,Electronic check,96.55,3787,0,1,0.8397,Very High Risk
1342-JPNKI,10,Month-to-month,Fiber optic,No,No,Bank transfer (automatic),86.05,2966,1,1,0.8396,Very High Risk
1522-VVDMG,7,Month-to-month,Fiber optic,Yes,No,Electronic check,89.75,3807,1,1,0.8395,Very High Risk
3877-JRJIP,1,Month-to-month,DSL,No,No,Electronic check,59.85,4017,1,1,0.8395,Very High Risk
6918-UMQCG,5,Month-to-month,Fiber optic,No,No,Electronic check,80.2,3391,0,1,0.8392,Very High Risk
6376-GAHQE,4,Month-to-month,Fiber optic,No,No,Electronic check,77.85,2140,1,1,0.8391,Very High Risk
8017-LXHFA,23,Month-to-month,Fiber optic,No,No,Electronic check,94.75,2740,1,1,0.8384,Very High Risk
5186-SAMNZ,1,Month-to-month,Fiber optic,No,No,Bank transfer (automatic),69.5,3273,1,1,0.8382,Very High Risk
4290-BSXUX,3,Month-to-month,Fiber optic,Yes,No,Bank transfer (automatic),79.65,5036,1,1,0.8382,Very High Risk
6267-DCFFZ,30,Month-to-month,Fiber optic,No,No,Electronic check,90.05,3792,0,1,0.838,Very High Risk
1740-CSDJP,1,Month-to-month,DSL,No,No,Bank transfer (automatic),35.25,2548,1,1,0.8379,Very High Risk
3318-OSATS,35,Month-to-month,Fiber optic,No,No,Electronic check,95.45,2080,1,1,0.8376,Very High Risk
8063-GBATB,27,Month-to-month,Fiber optic,No,No,Electronic check,85.25,5172,1,1,0.8376,Very High Risk
5366-IJEQJ,20,Month-to-month,Fiber optic,No,No,Electronic check,88.7,4115,1,1,0.8375,Very High Risk
4385-GZQXV,16,Month-to-month,Fiber optic,Yes,No,Electronic check,94.45,3810,1,1,0.8373,Very High Risk
7517-LDMPS,12,Month-to-month,Fiber optic,No,No,Electronic check,84.6,4807,0,1,0.8372,Very High Risk
0612-RTZZA,1,Month-to-month,DSL,No,No,Electronic check,25.25,4628,1,1,0.8366,Very High Risk
4873-ILOLJ,24,Month-to-month,Fiber optic,No,No,Electronic check,90.35,5546,1,1,0.8365,Very High Risk
2809-ZMYOQ,32,Month-to-month,Fiber optic,No,No,Electronic check,101.35,4341,0,1,0.8365,Very High Risk
3001-CBHLQ,32,Month-to-month,Fiber optic,Yes,No,Electronic check,104.9,3966,1,1,0.8363,Very High Risk
2013-SGDXK,1,Month-to-month,Fiber optic,No,No,Electronic check,84.3,2172,1,1,0.836,Very High Risk
0235-KGSLC,1,Month-to-month,Fiber optic,No,No,Credit card (automatic),85.55,3967,1,1,0.836,Very High Risk
5931-FLJJF,7,Month-to-month,Fiber optic,No,No,Mailed check,70.1,3669,1,1,0.836,Very High Risk
3049-NDXFL,1,Month-to-month,Fiber optic,No,No,Mailed check,85.8,2850,1,1,0.8359,Very High Risk
3904-UKFRE,4,Month-to-month,Fiber optic,No,Yes,Electronic check,80.1,2333,0,1,0.8359,Very High Risk
7912-SYRQT,7,Month-to-month,Fiber optic,No,No,Bank transfer (automatic),75.1,5514,1,1,0.8358,Very High Risk
4647-MUZON,18,Month-to-month,Fiber optic,No,No,Credit card (automatic),95.95,5009,0,1,0.8355,Very High Risk
8010-EZLOU,15,Month-to-month,Fiber optic,No,No,Electronic check,80.2,4958,1,1,0.8355,Very High Risk
0848-ZGQIJ,16,Month-to-month,Fiber optic,No,No,Bank transfer (automatic),94.65,3050,0,1,0.8353,Very High Risk
9572-WUKSB,3,Month-to-month,DSL,Yes,No,Electronic check,29.9,4416,0,1,0.8352,Very High Risk
5980-NOPLP,44,Month-to-month,Fiber optic,No,No,Electronic check,96.1,5606,1,1,0.8351,Very High Risk
6899-PPEEA,37,Month-to-month,Fiber optic,No,No,Electronic check,96.55,4448,1,1,0.8346,Very High Risk
3074-GQWYX,5,Month-to-month,Fiber optic,No,No,Bank transfer (automatic),75.9,3520,1,1,0.8346,Very High Risk
8325-QRPZR,7,Month-to-month,Fiber optic,No,No,Electronic check,75.15,4216,0,1,0.8344,Very High Risk
5609-CEBID,20,Month-to-month,Fiber optic,No,No,Electronic check,94.1,2666,1,1,0.8344,Very High Risk
2260-USTRB,2,Month-to-month,Fiber optic,No,No,Bank transfer (automatic),70.2,2767,1,1,0.8343,Very High Risk
6502-HCJTI,7,Month-to-month,Fiber optic,No,Yes,Credit card (automatic),94.7,3591,1,1,0.8342,Very High Risk
0601-WZHJF,14,Month-to-month,DSL,No,No,Electronic check,46.35,5360,1,1,0.8341,Very High Risk
8714-EUHJO,31,Month-to-month,Fiber optic,No,No,Electronic check,91.15,5219,1,1,0.8341,Very High Risk
6435-SRWBJ,5,Month-to-month,Fiber optic,Yes,No,Electronic check,82.75,5269,0,1,0.8339,Very High Risk
4716-HHKQH,20,Month-to-month,Fiber optic,Yes,No,Electronic check,107.05,5328,0,1,0.8339,Very High Risk
1636-NTNCO,4,Month-to-month,DSL,No,No,Credit card (automatic),50.95,2104,0,1,0.8339,Very High Risk
0411-EZJZE,3,Month-to-month,DSL,No,No,Electronic check,60.25,4830,0,1,0.8338,Very High Risk
0923-PNFUB,3,Month-to-month,Fiber optic,No,No,Electronic check,83.75,4852,1,1,0.8337,Very High Risk
3488-PGMQJ,8,Month-to-month,Fiber optic,No,No,Electronic check,74.5,4345,1,1,0.8337,Very High Risk
0689-NKYLF,13,Month-to-month,Fiber optic,No,No,Electronic check,83.2,4028,1,1,0.8333,Very High Risk
5138-WVKYJ,10,Month-to-month,Fiber optic,No,Yes,Electronic check,98.55,3658,1,1,0.8333,Very High Risk
2774-LVQUS,15,Month-to-month,Fiber optic,Yes,No,Electronic check,83.05,2596,1,1,0.8332,Very High Risk
0225-ZORZP,3,Month-to-month,Fiber optic,No,No,Electronic check,84.3,5828,0,1,0.833,Very High Risk
5564-NEMQO,1,Month-to-month,Fiber optic,No,No,Bank transfer (automatic),75.3,4902,1,1,0.8329,Very High Risk
1915-IOFGU,1,Month-to-month,Fiber optic,No,No,Electronic check,70.5,4123,1,1,0.8328,Very High Risk
9921-ZVRHG,14,Month-to-month,Fiber optic,No,No,Electronic check,80.45,4155,1,1,0.8326,Very High Risk
1475-VWVDO,7,Month-to-month,Fiber optic,No,No,Electronic check,74.9,5335,0,1,0.8322,Very High Risk
8309-IEYJD,1,Month-to-month,Fiber optic,No,No,Mailed check,70.6,2576,0,1,0.8321,Very High Risk
4077-CROMM,31,Month-to-month,Fiber optic,Yes,No,Electronic check,104.2,5000,1,1,0.832,Very High Risk
0611-DFXKO,20,Month-to-month,Fiber optic,No,No,Mailed check,89.0,4594,1,1,0.832,Very High Risk
2856-HYAPG,1,Month-to-month,Fiber optic,No,No,Electronic check,68.65,3052,1,1,0.832,Very High Risk
7153-OANIO,1,Month-to-month,Fiber optic,No,No,Electronic check,69.95,5066,1,1,0.8317,Very High Risk
1771-OADNZ,29,Month-to-month,Fiber optic,No,No,Electronic check,95.9,2151,1,1,0.8314,Very High Risk
6400-BWQKW,6,Month-to-month,Fiber optic,No,Yes,Electronic check,79.05,3263,1,1,0.8313,Very High Risk
6060-DRTNL,5,Month-to-month,Fiber optic,No,No,Mailed check,84.85,3305,1,1,0.8313,Very High Risk
5044-LRQAQ,7,Month-to-month,Fiber optic,No,No,Bank transfer (automatic),69.2,2551,0,1,0.8312,Very High Risk
5399-ZIMKF,5,Month-to-month,Fiber optic,No,No,Electronic check,74.65,3319,0,1,0.831,Very High Risk
6993-OHLXR,2,Month-to-month,Fiber optic,No,No,Electronic check,68.95,5225,1,1,0.831,Very High Risk
3249-ZPQRG,4,Month-to-month,Fiber optic,No,No,Electronic check,78.45,5048,1,1,0.8309,Very High Risk
3799-ISUZQ,7,Month-to-month,Fiber optic,No,No,Bank transfer (automatic),69.95,3296,1,1,0.8305,Very High Risk
2254-DLXRI,1,Month-to-month,Fiber optic,No,No,Mailed check,79.15,2742,0,1,0.8304,Very High Risk
7176-WIONM,12,Month-to-month,DSL,No,No,Bank transfer (automatic),49.85,2873,0,1,0.8304,Very High Risk
8634-MPHTR,47,Month-to-month,Fiber optic,No,No,Electronic check,100.05,5166,1,1,0.8303,Very High Risk
6275-YDUVO,2,Month-to-month,Fiber optic,No,No,Mailed check,86.2,2969,1,1,0.8303,Very High Risk
0137-OCGAB,1,Month-to-month,Fiber optic,No,No,Mailed check,80.2,3056,1,1,0.8302,Very High Risk
1196-AMORA,7,Month-to-month,Fiber optic,No,No,Electronic check,73.6,2679,1,1,0.83,Very High Risk
4583-PARNH,16,Month-to-month,Fiber optic,Yes,No,Electronic check,91.55,4045,0,1,0.8299,Very High Risk
5318-IXUZF,2,Month-to-month,Fiber optic,No,No,Bank transfer (automatic),87.15,4149,1,1,0.8299,Very High Risk
8665-UTDHZ,1,Month-to-month,DSL,No,No,Electronic check,30.2,2915,1,1,0.8297,Very High Risk
4817-VYYWS,30,Month-to-month,Fiber optic,No,No,Electronic check,100.2,3598,1,1,0.8296,Very High Risk
8008-HAWED,14,Month-to-month,DSL,No,No,Electronic check,50.75,4883,1,1,0.8296,Very High Risk
9560-ARGQJ,16,Month-to-month,Fiber optic,No,No,Electronic check,81.0,2335,1,1,0.8296,Very High Risk
6877-LGWXO,18,Month-to-month,Fiber optic,No,No,Electronic check,78.55,3521,1,1,0.8295,Very High Risk
2038-OEQZH,4,Month-to-month,Fiber optic,No,No,Electronic check,86.05,3653,0,1,0.8295,Very High Risk
4759-TRPLW,1,Month-to-month,Fiber optic,No,No,Electronic check,70.4,4238,1,1,0.8294,Very High Risk
2262-SLNVK,1,Month-to-month,Fiber optic,No,No,Electronic check,70.1,2475,0,1,0.8293,Very High Risk
3223-DWFIO,4,Month-to-month,Fiber optic,No,No,Electronic check,69.35,4140,0,1,0.8291,Very High Risk
4958-XCBDQ,35,Month-to-month,Fiber optic,No,No,Electronic check,101.4,3689,1,1,0.829,Very High Risk
4612-SSVHJ,20,Month-to-month,Fiber optic,No,No,Electronic check,81.45,2416,0,1,0.8289,Very High Risk
7853-OETYL,4,Month-to-month,DSL,No,Yes,Electronic check,29.05,3306,0,1,0.8289,Very High Risk
9696-RMYBA,5,Month-to-month,Fiber optic,No,No,Mailed check,80.1,5225,0,1,0.8288,Very High Risk
1112-CUNAO,15,Month-to-month,Fiber optic,No,No,Electronic check,89.85,2668,1,1,0.8287,Very High Risk
8374-XGEJJ,43,Month-to-month,Fiber optic,No,No,Electronic check,101.0,3123,1,1,0.8287,Very High Risk
3223-WZWJM,26,Month-to-month,Fiber optic,No,No,Electronic check,83.95,5869,1,1,0.8285,Very High Risk
8873-GLDMH,6,Month-to-month,Fiber optic,No,No,Mailed check,73.85,4220,0,1,0.8285,Very High Risk
3177-LASXD,1,Month-to-month,Fiber optic,No,No,Electronic check,71.35,2619,1,1,0.8285,Very High Risk
9095-HFAFX,5,Month-to-month,Fiber optic,No,No,Credit card (automatic),81.0,3718,1,1,0.8285,Very High Risk
6330-JKLPC,11,Month-to-month,Fiber optic,No,No,Bank transfer (automatic),80.5,5119,1,1,0.8285,Very High Risk
7801-KICAO,18,Month-to-month,Fiber optic,No,No,Electronic check,74.15,5033,0,1,0.8281,Very High Risk
8650-RHRKE,4,Month-to-month,DSL,No,No,Electronic check,29.65,4207,1,1,0.8281,Very High Risk
3908-BLSYF,6,Month-to-month,Fiber optic,No,No,Electronic check,83.9,3962,1,1,0.8279,Very High Risk
8270-RKSAP,9,Month-to-month,Fiber optic,No,No,Electronic check,70.5,3198,0,1,0.8278,Very High Risk
9208-OLGAQ,18,Month-to-month,Fiber optic,No,No,Electronic check,84.95,3878,0,1,0.8278,Very High Risk
0674-DGMAQ,32,Month-to-month,Fiber optic,No,No,Electronic check,93.5,5804,0,1,0.8278,Very High Risk
9436-ZBZCT,14,Month-to-month,Fiber optic,Yes,No,Electronic check,89.95,5463,1,1,0.8278,Very High Risk
7315-WYOAW,13,Month-to-month,Fiber optic,Yes,No,Electronic check,100.75,5985,0,1,0.8274,Very High Risk
4277-PVRAN,8,Month-to-month,Fiber optic,No,No,Bank transfer (automatic),80.1,5071,1,1,0.8274,Very High Risk
5482-PLVPE,2,Month-to-month,DSL,No,No,Electronic check,24.35,3278,1,1,0.8274,Very High Risk
8922-LIEGH,25,Month-to-month,Fiber optic,No,No,Electronic check,89.7,4078,1,1,0.8267,Very High Risk
9600-UDOPK,30,Month-to-month,Fiber optic,No,No,Credit card (automatic),94.05,4095,1,1,0.8263,Very High Risk
5442-BHQNG,2,Month-to-month,Fiber optic,No,No,Electronic check,70.35,3430,0,1,0.8263,Very High Risk
2482-CZGBB,10,Month-to-month,Fiber optic,No,No,Electronic check,70.0,3156,1,1,0.826,Very High Risk
8868-WOZGU,28,Month-to-month,Fiber optic,No,No,Electronic check,105.7,2464,1,1,0.8256,Very High Risk
6595-YGXIT,25,Month-to-month,Fiber optic,No,No,Electronic check,88.95,3878,1,1,0.8255,Very High Risk
8266-VBFQL,4,Month-to-month,Fiber optic,Yes,No,Electronic check,90.4,3314,0,1,0.8255,Very High Risk
5449-FIBXJ,19,Month-to-month,Fiber optic,Yes,No,Electronic check,103.3,2349,1,1,0.8254,Very High Risk
9227-LUNBG,1,Month-to-month,DSL,No,No,Electronic check,24.6,5768,1,1,0.8253,Very High Risk
9985-MWVIX,1,Month-to-month,Fiber optic,No,No,Mailed check,70.15,5773,1,1,0.8252,Very High Risk
6029-WTIPC,37,Month-to-month,Fiber optic,No,No,Electronic check,101.1,4424,1,1,0.8252,Very High Risk
6339-YPSAH,9,Month-to-month,Fiber optic,No,No,Electronic check,73.8,4895,0,1,0.8251,Very High Risk
9824-BEMCV,17,Month-to-month,Fiber optic,No,No,Electronic check,69.0,3368,1,1,0.8249,Very High Risk
4236-XPXAV,5,Month-to-month,Fiber optic,Yes,No,Mailed check,99.15,2283,1,1,0.8249,Very High Risk
4195-NZGTA,1,Month-to-month,DSL,No,No,Electronic check,25.25,5858,0,1,0.8249,Very High Risk
0420-HLGXF,39,Month-to-month,Fiber optic,No,No,Electronic check,99.75,3860,0,1,0.8249,Very High Risk
4289-DTDKW,40,Month-to-month,Fiber optic,No,No,Electronic check,101.3,2576,1,1,0.8248,Very High Risk
3672-YITQD,36,Month-to-month,Fiber optic,No,No,Electronic check,84.1,2987,1,1,0.8246,Very High Risk
7538-GWHML,2,Month-to-month,Fiber optic,No,No,Electronic check,69.65,2323,1,1,0.8245,Very High Risk
0139-IVFJG,2,Month-to-month,Fiber optic,No,Yes,Electronic check,90.35,5361,0,1,0.8245,Very High Risk
8714-CTZJW,4,Month-to-month,Fiber optic,No,No,Credit card (automatic),82.85,3154,0,1,0.8244,Very High Risk
3066-RRJIO,1,Month-to-month,Fiber optic,No,No,Mailed check,69.95,5341,1,1,0.8244,Very High Risk
9283-LZQOH,13,Month-to-month,Fiber optic,No,No,Credit card (automatic),74.4,3687,1,1,0.8244,Very High Risk
9734-YWGEX,9,Month-to-month,Fiber optic,No,No,Credit card (automatic),98.3,2954,1,1,0.8243,Very High Risk
5590-BYNII,22,Month-to-month,Fiber optic,No,Yes,Electronic check,100.75,4152,1,1,0.8242,Very High Risk
8356-WUAOJ,1,Month-to-month,DSL,No,No,Electronic check,45.0,5669,0,1,0.8241,Very High Risk
4822-NGOCH,13,Month-to-month,Fiber optic,No,No,Electronic check,84.45,5801,1,1,0.8241,Very High Risk
5339-PXDVH,4,Month-to-month,Fiber optic,No,Yes,Electronic check,90.65,3559,0,1,0.8239,Very High Risk
8337-MSSXB,14,Month-to-month,Fiber optic,No,No,Electronic check,86.3,3677,1,1,0.8239,Very High Risk
7470-MCQTK,13,Month-to-month,DSL,No,No,Bank transfer (automatic),48.75,2655,1,1,0.8237,Very High Risk
3235-ETOOB,8,Month-to-month,Fiber optic,No,Yes,Electronic check,74.5,3683,1,1,0.8236,Very High Risk
0135-NMXAP,12,Month-to-month,Fiber optic,No,No,Bank transfer (automatic),89.75,5671,1,1,0.8236,Very High Risk
7028-DVOIQ,35,Month-to-month,Fiber optic,No,No,Electronic check,99.05,2074,1,1,0.8235,Very High Risk
8739-WWKDU,25,Month-to-month,Fiber optic,No,No,Electronic check,89.5,4849,1,1,0.8235,Very High Risk
7137-RYLPP,37,Month-to-month,Fiber optic,No,No,Electronic check,85.7,4712,1,1,0.8234,Very High Risk
1496-GGSUK,1,Month-to-month,DSL,No,No,Mailed check,25.7,4095,1,1,0.8234,Very High Risk
4822-YCXMX,25,Month-to-month,Fiber optic,No,No,Electronic check,84.8,4203,1,1,0.8233,Very High Risk
5091-HFAZW,2,Month-to-month,Fiber optic,No,Yes,Electronic check,91.15,2686,0,1,0.8232,Very High Risk
4433-JCGCG,46,Month-to-month,Fiber optic,No,No,Electronic check,101.0,2436,1,1,0.8232,Very High Risk
6910-HADCM,1,Month-to-month,Fiber optic,No,No,Electronic check,76.35,5613,1,1,0.8231,Very High Risk
5879-SESNB,11,Month-to-month,Fiber optic,No,No,Electronic check,75.25,5902,0,1,0.823,Very High Risk
4854-CIDCF,3,Month-to-month,Fiber optic,No,No,Electronic check,73.85,2868,0,1,0.823,Very High Risk
3538-WZPHD,3,Month-to-month,DSL,No,No,Electronic check,29.6,2734,1,1,0.8228,Very High Risk
0661-XEYAN,1,Month-to-month,DSL,No,No,Mailed check,25.8,3884,1,1,0.8228,Very High Risk
0886-QGENL,27,Month-to-month,Fiber optic,No,Yes,Electronic check,101.25,4853,1,1,0.8226,Very High Risk
4652-NNHNY,16,Month-to-month,Fiber optic,No,No,Bank transfer (automatic),73.85,3226,1,1,0.8225,Very High Risk
8035-PWSEV,6,Month-to-month,Fiber optic,Yes,No,Electronic check,89.25,4430,0,1,0.8225,Very High Risk
0812-WUPTB,1,Month-to-month,Fiber optic,No,No,Mailed check,70.85,3022,1,1,0.8224,Very High Risk
6581-NQCBA,16,Month-to-month,DSL,Yes,No,Electronic check,49.95,4840,1,1,0.8224,Very High Risk
3398-ZOUAA,21,Month-to-month,Fiber optic,No,No,Electronic check,69.1,3853,1,1,0.8223,Very High Risk
0899-LIIBW,34,Month-to-month,Fiber optic,No,No,Electronic check,100.85,5891,0,1,0.8222,Very High Risk
8709-KRDVL,33,Month-to-month,Fiber optic,No,No,Electronic check,100.0,4643,0,1,0.8221,Very High Risk
2955-BJZHG,17,Month-to-month,Fiber optic,No,No,Electronic check,80.85,5174,1,1,0.8215,Very High Risk
8481-YYXWG,5,Month-to-month,Fiber optic,Yes,No,Electronic check,89.35,4584,1,1,0.8214,Very High Risk
0231-LXVAP,1,Month-to-month,Fiber optic,Yes,No,Electronic check,75.9,3389,1,1,0.8213,Very High Risk
3003-CMDUU,25,Month-to-month,Fiber optic,Yes,No,Electronic check,95.15,3273,0,1,0.8213,Very High Risk
1751-NCDLI,46,Month-to-month,Fiber optic,No,No,Electronic check,98.85,2641,0,1,0.8211,Very High Risk
6005-OBZPH,26,Month-to-month,Fiber optic,No,No,Electronic check,89.15,4074,1,1,0.8211,Very High Risk
4124-MMETB,22,Month-to-month,Fiber optic,No,No,Credit card (automatic),94.65,3665,1,1,0.821,Very High Risk
3050-GBUSH,3,Month-to-month,DSL,No,No,Credit card (automatic),34.8,2496,0,1,0.821,Very High Risk
4423-YLHDV,21,Month-to-month,Fiber optic,No,Yes,Bank transfer (automatic),104.4,5570,1,1,0.8209,Very High Risk
5032-MIYKT,1,Month-to-month,Fiber optic,No,No,Mailed check,70.7,4056,0,1,0.8206,Very High Risk
6906-ANDWJ,15,Month-to-month,Fiber optic,No,No,Bank transfer (automatic),74.9,2510,1,1,0.8206,Very High Risk
5480-HPRRX,3,Month-to-month,DSL,No,No,Electronic check,25.3,3542,1,1,0.8206,Very High Risk
9415-DPEWS,18,Month-to-month,Fiber optic,Yes,No,Electronic check,88.35,5727,1,1,0.8206,Very High Risk
0432-CAJZV,3,Month-to-month,Fiber optic,No,No,Mailed check,90.7,3953,0,1,0.8205,Very High Risk
3669-LVWZB,5,Month-to-month,DSL,No,No,Mailed check,51.0,4630,1,1,0.8203,Very High Risk
2754-XBHTB,9,Month-to-month,Fiber optic,No,No,Bank transfer (automatic),77.65,3847,1,1,0.8203,Very High Risk
0258-NOKBL,3,Month-to-month,Fiber optic,No,No,Electronic check,90.4,5625,0,1,0.8201,Very High Risk
0968-GSIKN,1,Month-to-month,Fiber optic,No,No,Mailed check,70.8,3901,1,1,0.8201,Very High Risk
1907-UBQFC,10,Month-to-month,Fiber optic,No,No,Electronic check,72.85,3189,1,1,0.8201,Very High Risk
8042-JVNFH,1,Month-to-month,Fiber optic,No,No,Mailed check,71.35,5730,1,1,0.8201,Very High Risk
5233-GEEAX,8,Month-to-month,DSL,No,No,Electronic check,29.4,5971,1,1,0.82,Very High Risk
6140-QNRQQ,1,Month-to-month,Fiber optic,No,No,Mailed check,71.55,5739,1,1,0.8199,Very High Risk
4283-FUTGF,19,Month-to-month,Fiber optic,No,No,Electronic check,79.85,3715,1,1,0.8198,Very High Risk
0248-IPDFW,1,Month-to-month,DSL,No,No,Electronic check,50.1,5617,0,1,0.8197,Very High Risk
2528-HFYZX,17,Month-to-month,Fiber optic,No,No,Electronic check,76.45,3266,1,1,0.8196,Very High Risk
7284-BUYEC,5,Month-to-month,DSL,No,No,Credit card (automatic),50.95,3573,0,1,0.8192,Very High Risk
0148-DCDOS,25,Month-to-month,Fiber optic,No,No,Bank transfer (automatic),94.7,5641,1,1,0.8192,Very High Risk
8621-MNIHH,34,Month-to-month,Fiber optic,No,No,Electronic check,94.25,3369,1,1,0.8191,Very High Risk
2357-COQEK,28,Month-to-month,Fiber optic,Yes,No,Electronic check,103.3,4136,1,1,0.8191,Very High Risk
2619-WFQWU,1,Month-to-month,Fiber optic,No,No,Mailed check,70.15,3208,1,1,0.8191,Very High Risk
8433-WXGNA,2,Month-to-month,Fiber optic,No,Yes,Electronic check,75.7,4676,1,1,0.819,Very High Risk
2325-NBPZG,3,Month-to-month,Fiber optic,No,Yes,Electronic check,74.55,5125,0,1,0.8189,Very High Risk
5043-TRZWM,1,Month-to-month,Fiber optic,No,No,Electronic check,75.55,3503,0,1,0.8188,Very High Risk
1989-PRJHP,27,Month-to-month,Fiber optic,No,No,Electronic check,75.5,2377,1,1,0.8187,Very High Risk
4299-SIMNS,9,Month-to-month,Fiber optic,No,Yes,Electronic check,81.15,4544,0,1,0.8187,Very High Risk
0947-IDHRQ,7,Month-to-month,Fiber optic,No,No,Mailed check,80.3,3949,1,1,0.8187,Very High Risk
1792-UXAFY,17,Month-to-month,Fiber optic,No,No,Electronic check,89.15,5082,1,1,0.8187,Very High Risk
7881-EVUAD,2,Month-to-month,DSL,No,Yes,Electronic check,42.6,4648,1,1,0.8186,Very High Risk
3748-FVMZZ,4,Month-to-month,DSL,Yes,No,Electronic check,40.05,2664,0,1,0.8186,Very High Risk
5760-IFJOZ,3,Month-to-month,Fiber optic,No,No,Mailed check,107.95,3449,0,1,0.8185,Very High Risk
4763-PGDPO,4,Month-to-month,Fiber optic,No,No,Electronic check,70.4,4494,1,1,0.8185,Very High Risk
0147-ESWWR,39,Month-to-month,Fiber optic,Yes,No,Electronic check,101.25,3172,0,1,0.8184,Very High Risk
7142-HVGBG,43,Month-to-month,Fiber optic,No,No,Electronic check,103.0,2505,1,1,0.8183,Very High Risk
6496-JDSSB,8,Month-to-month,Fiber optic,No,No,Bank transfer (automatic),80.0,2165,0,1,0.8183,Very High Risk
1658-TJVOA,6,Month-to-month,Fiber optic,No,Yes,Electronic check,74.1,4716,0,1,0.8183,Very High Risk
4236-UJPWO,2,Month-to-month,DSL,No,No,Electronic check,24.5,5786,0,1,0.8183,Very High Risk
0939-YAPAF,35,Month-to-month,Fiber optic,No,No,Electronic check,100.25,2744,1,1,0.8179,Very High Risk
6543-CPZMK,9,Month-to-month,DSL,No,No,Electronic check,29.95,2573,1,1,0.8177,Very High Risk
9828-AOQLM,1,Month-to-month,DSL,No,No,Electronic check,45.7,3187,1,1,0.8174,Very High Risk
2114-MGINA,14,Month-to-month,Fiber optic,No,No,Mailed check,89.8,4107,1,1,0.8173,Very High Risk
9494-MRNYX,10,Month-to-month,Fiber optic,No,No,Electronic check,75.05,3399,0,1,0.8171,Very High Risk
0196-JTUQI,9,Month-to-month,Fiber optic,No,No,Credit card (automatic),75.2,5841,0,1,0.8171,Very High Risk
1932-UEDCX,33,Month-to-month,Fiber optic,No,No,Bank transfer (automatic),100.6,3669,0,1,0.8171,Very High Risk
8263-JQAIK,2,Month-to-month,DSL,No,No,Mailed check,24.45,5573,1,1,0.817,Very High Risk
7240-FQLHE,18,Month-to-month,Fiber optic,Yes,No,Bank transfer (automatic),99.75,5857,1,1,0.817,Very High Risk
9588-OZDMQ,2,Month-to-month,DSL,No,No,Electronic check,45.0,5225,0,1,0.8168,Very High Risk
9576-ANLXO,3,Month-to-month,Fiber optic,No,No,Bank transfer (automatic),69.55,2876,1,1,0.8166,Very High Risk
4441-NIHPT,13,Month-to-month,Fiber optic,No,No,Electronic check,74.3,2995,1,1,0.8166,Very High Risk
0581-BXBUB,4,Month-to-month,Fiber optic,No,No,Electronic check,72.75,4503,0,1,0.8165,Very High Risk
9840-DVNDC,6,Month-to-month,Fiber optic,No,No,Credit card (automatic),80.5,2181,1,1,0.8164,Very High Risk
9692-TUSXH,18,Month-to-month,Fiber optic,No,Yes,Electronic check,96.05,5581,1,1,0.8163,Very High Risk
4572-DVCGN,10,Month-to-month,Fiber optic,No,No,Bank transfer (automatic),80.25,3598,1,1,0.8162,Very High Risk
2674-MIAHT,4,Month-to-month,Fiber optic,No,No,Mailed check,80.3,3132,0,1,0.8162,Very High Risk
0256-LTHVJ,28,Month-to-month,Fiber optic,No,No,Electronic check,81.05,5201,1,1,0.816,Very High Risk
5923-GXUOC,10,Month-to-month,Fiber optic,No,Yes,Electronic check,104.4,5035,1,1,0.816,Very High Risk
0674-EYYZV,1,Month-to-month,DSL,No,No,Electronic check,54.65,5882,0,1,0.816,Very High Risk
3992-YWPKO,6,Month-to-month,Fiber optic,Yes,No,Credit card (automatic),109.9,5750,1,1,0.816,Very High Risk
9524-EGPJC,18,Month-to-month,Fiber optic,Yes,No,Electronic check,90.1,4260,1,1,0.816,Very High Risk
1571-SAVHK,12,Month-to-month,Fiber optic,Yes,No,Mailed check,99.95,5598,1,1,0.8159,Very High Risk
4919-MOAVT,3,Month-to-month,Fiber optic,No,No,Electronic check,69.65,2421,1,1,0.8158,Very High Risk
9940-RHLFB,1,Month-to-month,Fiber optic,No,No,Electronic check,75.3,2176,1,1,0.8158,Very High Risk
6017-PPLPX,20,Month-to-month,Fiber optic,No,No,Electronic check,70.45,4773,1,1,0.8158,Very High Risk
9822-OAOVB,1,Month-to-month,DSL,No,No,Electronic check,55.45,5286,0,1,0.8156,Very High Risk
0515-YPMCW,1,Month-to-month,Fiber optic,No,No,Mailed check,70.45,3525,1,1,0.8156,Very High Risk
2154-KVJFF,15,Month-to-month,Fiber optic,No,No,Electronic check,79.75,2813,1,1,0.8155,Very High Risk
9617-INGJY,1,Month-to-month,Fiber optic,No,No,Mailed check,70.6,3530,0,1,0.8154,Very High Risk
1302-UHBDD,20,Month-to-month,Fiber optic,No,No,Electronic check,89.95,4812,0,1,0.8151,Very High Risk
9050-IKDZA,2,Month-to-month,Fiber optic,No,No,Mailed check,81.5,4267,0,1,0.815,Very High Risk
2369-UAPKZ,5,Month-to-month,Fiber optic,No,No,Mailed check,104.1,3131,1,1,0.8146,Very High Risk
1262-OPMFY,9,Month-to-month,Fiber optic,No,No,Bank transfer (automatic),75.75,5105,1,1,0.8142,Very High Risk
9741-YLNTD,6,Month-to-month,Fiber optic,Yes,No,Bank transfer (automatic),87.95,2684,0,1,0.8142,Very High Risk
6833-JMZYP,15,Month-to-month,Fiber optic,No,No,Credit card (automatic),94.0,4521,0,1,0.8139,Very High Risk
5989-PGKJB,16,Month-to-month,Fiber optic,No,No,Electronic check,86.25,3511,0,1,0.8139,Very High Risk
3420-ZDBMA,5,Month-to-month,Fiber optic,No,No,Mailed check,71.45,5171,0,1,0.8138,Very High Risk
1666-JXLKU,37,Month-to-month,Fiber optic,No,No,Electronic check,100.05,2904,0,1,0.8138,Very High Risk
0947-MUGVO,20,Month-to-month,Fiber optic,No,No,Electronic check,73.65,5849,1,1,0.8137,Very High Risk
8485-GJCDN,5,Month-to-month,Fiber optic,No,No,Mailed check,69.05,3368,1,1,0.8136,Very High Risk
5405-ZMYXQ,8,Month-to-month,Fiber optic,No,No,Credit card (automatic),74.6,2142,0,1,0.8133,Very High Risk
9734-UYXQI,2,Month-to-month,DSL,No,No,Electronic check,49.4,5115,1,1,0.8133,Very High Risk
9840-EFJQB,1,Month-to-month,Fiber optic,No,No,Electronic check,74.35,4237,0,1,0.8132,Very High Risk
8063-RJYNF,16,Month-to-month,Fiber optic,No,Yes,Electronic check,94.25,2827,1,1,0.8131,Very High Risk
8610-WFCJF,49,Month-to-month,Fiber optic,No,No,Electronic check,95.6,5732,1,1,0.8131,Very High Risk
9506-UXUSK,13,Month-to-month,Fiber optic,No,No,Electronic check,70.15,4599,0,1,0.8129,Very High Risk
8999-BOHSE,11,Month-to-month,Fiber optic,No,No,Bank transfer (automatic),89.7,2202,1,1,0.8125,Very High Risk
8224-DWCKX,12,Month-to-month,Fiber optic,No,No,Credit card (automatic),73.3,5159,0,1,0.8123,Very High Risk
8066-POXGX,13,Month-to-month,DSL,No,No,Electronic check,35.1,3104,1,1,0.8123,Very High Risk
7379-FNIUJ,2,Month-to-month,Fiber optic,No,Yes,Electronic check,100.2,4855,0,1,0.8122,Very High Risk
0875-CABNR,10,Month-to-month,Fiber optic,No,No,Credit card (automatic),84.6,3320,1,1,0.8121,Very High Risk
4741-WWJQZ,2,Month-to-month,Fiber optic,Yes,Yes,Electronic check,80.15,5251,0,1,0.8121,Very High Risk
5271-DBYSJ,11,Month-to-month,Fiber optic,No,No,Credit card (automatic),79.15,3355,0,1,0.8121,Very High Risk
4325-NFSKC,19,Month-to-month,Fiber optic,No,Yes,Electronic check,90.6,2373,1,1,0.812,Very High Risk
1010-DIAUQ,5,Month-to-month,Fiber optic,No,No,Bank transfer (automatic),96.5,5383,1,1,0.812,Very High Risk
8104-OSKWT,12,Month-to-month,Fiber optic,No,Yes,Electronic check,79.8,5906,0,1,0.8118,Very High Risk
0125-LZQXK,15,Month-to-month,Fiber optic,Yes,No,Electronic check,101.35,3025,1,1,0.8116,Very High Risk
4367-NHWMM,1,Month-to-month,DSL,No,No,Mailed check,24.9,5318,0,1,0.8116,Very High Risk
4059-IIEBK,7,Month-to-month,Fiber optic,No,No,Bank transfer (automatic),78.55,4025,0,1,0.8116,Very High Risk
7295-JOMMD,4,Month-to-month,Fiber optic,Yes,No,Bank transfer (automatic),98.1,2895,1,1,0.8115,Very High Risk
4971-PUYQO,27,Month-to-month,Fiber optic,No,No,Mailed check,94.55,4464,1,1,0.8112,Very High Risk
2860-RANUS,20,Month-to-month,Fiber optic,No,No,Credit card (automatic),85.8,3336,1,1,0.8111,Very High Risk
3365-SAIGS,17,Month-to-month,Fiber optic,No,No,Electronic check,83.55,5564,0,1,0.811,Very High Risk
7595-EUIVN,1,Month-to-month,Fiber optic,No,No,Electronic check,75.8,3940,1,1,0.811,Very High Risk
3583-EKAPL,1,Month-to-month,DSL,No,No,Electronic check,55.0,4877,1,1,0.811,Very High Risk
6956-SMUCM,3,Month-to-month,Fiber optic,No,Yes,Credit card (automatic),99.0,5236,1,1,0.8105,Very High Risk
8903-WMRNW,15,Month-to-month,Fiber optic,No,Yes,Electronic check,101.75,2919,0,1,0.8105,Very High Risk
4983-CCWMC,3,Month-to-month,Fiber optic,No,No,Mailed check,69.6,5487,0,1,0.8104,Very High Risk
4505-EXZHB,6,Month-to-month,Fiber optic,No,No,Electronic check,74.4,3964,1,1,0.8104,Very High Risk
1766-GKNMI,29,Month-to-month,Fiber optic,No,No,Electronic check,84.9,4388,0,1,0.8104,Very High Risk
5652-MSDEY,10,Month-to-month,Fiber optic,No,No,Mailed check,75.75,4525,0,1,0.8104,Very High Risk
2025-JKFWI,13,Month-to-month,Fiber optic,Yes,No,Mailed check,99.0,3493,1,1,0.8104,Very High Risk
5669-SRAIP,5,Month-to-month,DSL,No,No,Electronic check,39.5,2863,1,1,0.8101,Very High Risk
0434-CSFON,47,Month-to-month,Fiber optic,No,No,Electronic check,100.5,4488,0,1,0.8101,Very High Risk
6923-JHPMP,2,Month-to-month,Fiber optic,No,Yes,Electronic check,80.45,5602,0,1,0.8101,Very High Risk
6032-IGALN,1,Month-to-month,DSL,No,No,Mailed check,25.1,4769,1,1,0.81,Very High Risk
6032-KRXXO,30,Month-to-month,Fiber optic,No,No,Electronic check,90.25,5654,1,1,0.8099,Very High Risk
2815-CPTUL,5,Month-to-month,Fiber optic,No,No,Mailed check,70.25,3684,1,1,0.8097,Very High Risk
6907-NZZIJ,36,Month-to-month,Fiber optic,No,No,Electronic check,99.15,4188,1,1,0.8094,Very High Risk
5909-ECHUI,1,Month-to-month,DSL,No,No,Electronic check,56.25,3065,1,1,0.8093,Very High Risk
4658-HCOHW,21,Month-to-month,Fiber optic,Yes,No,Electronic check,102.8,3123,1,1,0.8092,Very High Risk
5569-OUICF,28,Month-to-month,Fiber optic,Yes,No,Credit card (automatic),101.3,4994,1,1,0.8092,Very High Risk
2740-TVLFN,1,Month-to-month,DSL,No,No,Electronic check,50.15,3043,0,1,0.8092,Very High Risk
3647-GMGDH,22,Month-to-month,Fiber optic,No,No,Credit card (automatic),94.7,5615,1,1,0.8091,Very High Risk
6821-BUXUX,13,Month-to-month,Fiber optic,No,Yes,Electronic check,96.65,2110,1,1,0.8089,Very High Risk
6338-AVWCY,3,Month-to-month,DSL,No,No,Mailed check,40.15,4710,1,1,0.8088,Very High Risk
8160-HOWOX,7,Month-to-month,DSL,No,No,Electronic check,66.85,4858,0,1,0.8088,Very High Risk
7924-GJZFI,25,Month-to-month,Fiber optic,No,No,Electronic check,69.3,4442,0,1,0.8087,Very High Risk
6347-DCUIK,10,Month-to-month,Fiber optic,No,No,Mailed check,74.15,4231,1,1,0.8087,Very High Risk
7767-UXAGJ,1,Month-to-month,DSL,No,No,Electronic check,50.45,2928,1,1,0.8086,Very High Risk
4536-PLEQY,12,Month-to-month,Fiber optic,No,No,Credit card (automatic),85.05,2540,0,1,0.8085,Very High Risk
5832-XKAES,2,Month-to-month,Fiber optic,No,No,Credit card (automatic),69.8,2320,1,1,0.8082,Very High Risk
3063-QFSZL,1,Month-to-month,DSL,No,No,Electronic check,55.4,2294,1,1,0.8082,Very High Risk
2024-BASKD,1,Month-to-month,Fiber optic,No,No,Mailed check,74.6,3860,1,1,0.8081,Very High Risk
1866-RZZQS,41,Month-to-month,Fiber optic,No,No,Electronic check,98.4,2169,1,1,0.8079,Very High Risk
0378-TOVMS,3,Month-to-month,Fiber optic,Yes,No,Electronic check,85.8,5641,1,1,0.8079,Very High Risk
5842-POCOP,5,Month-to-month,Fiber optic,No,Yes,Mailed check,88.9,4356,1,1,0.8078,Very High Risk
2761-XECQW,8,Month-to-month,DSL,No,No,Mailed check,43.35,2560,0,1,0.8077,Very High Risk
5167-GBFRE,4,Month-to-month,DSL,No,No,Bank transfer (automatic),25.2,4694,1,1,0.8077,Very High Risk
4450-DLLMH,2,Month-to-month,Fiber optic,No,No,Credit card (automatic),71.3,2274,0,1,0.8075,Very High Risk
8393-DLHGA,25,Month-to-month,Fiber optic,No,No,Electronic check,95.9,2241,1,1,0.8073,Very High Risk
4029-HPFVY,3,Month-to-month,Fiber optic,No,No,Mailed check,70.3,4275,0,1,0.8072,Very High Risk
9133-AYJZG,23,Month-to-month,Fiber optic,No,No,Credit card (automatic),98.7,5781,0,1,0.8071,Very High Risk
6086-ESGRL,1,Month-to-month,Fiber optic,No,No,Credit card (automatic),80.15,3947,1,1,0.8071,Very High Risk
2034-CGRHZ,24,Month-to-month,Fiber optic,No,No,Credit card (automatic),102.95,5245,1,1,0.807,Very High Risk
7537-RBWEA,1,Month-to-month,DSL,No,No,Mailed check,25.15,3513,0,1,0.8068,Very High Risk
2959-FENLU,9,Month-to-month,Fiber optic,No,No,Credit card (automatic),85.3,5850,0,1,0.8066,Very High Risk
5501-TVMGM,1,Month-to-month,DSL,No,No,Electronic check,55.25,3255,0,1,0.8066,Very High Risk
2041-JIJCI,5,Month-to-month,DSL,No,No,Electronic check,64.0,4421,0,1,0.8065,Very High Risk
3597-MVHJT,27,Month-to-month,Fiber optic,No,No,Bank transfer (automatic),95.6,2026,0,1,0.8064,Very High Risk
0447-RXSGD,24,Month-to-month,Fiber optic,No,No,Bank transfer (automatic),99.65,5207,0,1,0.8062,Very High Risk
1335-NTIUC,9,Month-to-month,DSL,No,No,Electronic check,24.95,5473,0,1,0.8061,Very High Risk
9565-DJPIB,4,Month-to-month,Fiber optic,No,No,Mailed check,89.6,4689,1,1,0.8057,Very High Risk
2135-DQWAQ,5,Month-to-month,Fiber optic,No,No,Mailed check,85.3,2689,0,1,0.8057,Very High Risk
9894-EZEWG,1,Month-to-month,Fiber optic,No,No,Credit card (automatic),74.3,5996,1,1,0.8056,Very High Risk
6715-OFDBP,5,Month-to-month,DSL,No,No,Electronic check,70.05,4944,1,1,0.8052,Very High Risk
4009-ALQFH,25,Month-to-month,Fiber optic,No,No,Electronic check,99.5,5932,1,1,0.8052,Very High Risk
5119-KEPFY,36,Month-to-month,Fiber optic,No,No,Bank transfer (automatic),95.0,3057,0,1,0.8044,Very High Risk
5233-AOZUF,29,Month-to-month,Fiber optic,No,No,Electronic check,74.95,3483,0,1,0.8043,Very High Risk
2608-BHKFN,4,Month-to-month,Fiber optic,No,No,Credit card (automatic),70.05,3600,1,1,0.804,Very High Risk
8404-GFGCZ,4,Month-to-month,DSL,No,No,Electronic check,65.6,4552,0,1,0.804,Very High Risk
8132-YPVBX,6,Month-to-month,Fiber optic,No,No,Mailed check,85.95,3291,0,1,0.804,Very High Risk
4030-VPZBD,2,Month-to-month,DSL,Yes,No,Electronic check,30.9,2860,1,1,0.8039,Very High Risk
7714-YXSMB,26,Month-to-month,Fiber optic,No,No,Bank transfer (automatic),100.5,2921,0,1,0.8038,Very High Risk
5712-PTIWW,2,Month-to-month,Fiber optic,Yes,No,Electronic check,79.85,3280,1,1,0.8036,Very High Risk
1428-GTBJJ,11,Month-to-month,Fiber optic,No,No,Electronic check,74.55,4601,1,1,0.8034,Very High Risk
6178-KFNHS,12,Month-to-month,Fiber optic,No,Yes,Electronic check,78.3,3545,1,1,0.8033,Very High Risk
3703-KBKZP,16,Month-to-month,Fiber optic,No,No,Bank transfer (automatic),74.45,5111,0,1,0.8031,Very High Risk
7422-WNBTY,33,Month-to-month,Fiber optic,No,No,Electronic check,93.35,3348,0,1,0.803,Very High Risk
7321-PKUYW,11,Month-to-month,Fiber optic,Yes,No,Electronic check,90.15,5250,1,1,0.8028,Very High Risk
5087-SUURX,18,Month-to-month,DSL,No,No,Electronic check,39.05,2601,1,1,0.8027,Very High Risk
2080-GKCWQ,2,Month-to-month,Fiber optic,No,No,Electronic check,74.95,3969,0,1,0.8026,Very High Risk
6680-WKXRZ,3,Month-to-month,Fiber optic,No,No,Bank transfer (automatic),74.4,2054,1,1,0.8025,Very High Risk
4686-UXDML,21,Month-to-month,Fiber optic,No,No,Credit card (automatic),99.85,2113,0,1,0.8025,Very High Risk
0529-ONKER,15,Month-to-month,Fiber optic,No,No,Electronic check,75.65,2099,1,1,0.8024,Very High Risk
2187-PKZAY,12,Month-to-month,Fiber optic,No,No,Bank transfer (automatic),79.95,2968,0,1,0.8024,Very High Risk
8854-CCVSQ,18,Month-to-month,Fiber optic,No,No,Electronic check,80.65,3788,1,1,0.8021,Very High Risk
2984-MIIZL,4,Month-to-month,Fiber optic,No,No,Bank transfer (automatic),74.8,5882,1,1,0.802,Very High Risk
9866-QEVEE,19,Month-to-month,Fiber optic,No,No,Bank transfer (automatic),86.0,4857,1,1,0.802,Very High Risk
0506-LVNGN,5,Month-to-month,Fiber optic,No,No,Credit card (automatic),75.55,4028,1,1,0.802,Very High Risk
5605-IYGFG,7,Month-to-month,Fiber optic,No,No,Bank transfer (automatic),69.85,5501,0,1,0.8016,Very High Risk
9961-JBNMK,21,Month-to-month,Fiber optic,No,No,Bank transfer (automatic),96.8,4317,1,1,0.8015,Very High Risk
9773-PEQBZ,10,Month-to-month,Fiber optic,No,No,Electronic check,79.85,5739,0,1,0.8014,Very High Risk
0491-KAPQG,21,Month-to-month,Fiber optic,No,No,Electronic check,73.7,2071,0,1,0.8013,Very High Risk
9355-NPPFS,26,Month-to-month,Fiber optic,No,No,Electronic check,78.8,4509,0,1,0.8012,Very High Risk
4704-ERYFC,22,Month-to-month,Fiber optic,No,No,Electronic check,69.25,2159,1,1,0.8011,Very High Risk
6651-AZVTJ,49,Month-to-month,Fiber optic,No,No,Electronic check,99.8,6088,1,1,0.8008,Very High Risk
2592-SEIFQ,3,Month-to-month,DSL,No,No,Electronic check,24.75,3503,1,1,0.8005,Very High Risk
7056-IMHCC,53,Month-to-month,Fiber optic,No,No,Electronic check,101.9,5884,1,1,0.8004,Very High Risk
0315-LVCRK,11,Month-to-month,Fiber optic,No,No,Electronic check,84.8,4924,0,1,0.8003,Very High Risk
6413-XKKPU,17,Month-to-month,Fiber optic,No,Yes,Electronic check,89.4,2544,1,1,0.8003,Very High Risk
8182-BJDSI,28,Month-to-month,Fiber optic,No,No,Electronic check,89.95,2468,1,1,0.8002,Very High Risk
8993-PHFWD,3,Month-to-month,DSL,No,No,Electronic check,25.25,2088,1,1,0.8002,Very High Risk
7571-YXDAD,2,Month-to-month,Fiber optic,No,No,Credit card (automatic),74.9,2078,1,1,0.8001,Very High Risk
3384-CTMSF,47,Month-to-month,Fiber optic,No,No,Electronic check,104.1,3142,0,1,0.7998,Very High Risk
9601-BRXPO,25,Month-to-month,Fiber optic,Yes,No,Bank transfer (automatic),104.95,3642,1,1,0.7997,Very High Risk
9136-ALYBR,1,Month-to-month,DSL,No,No,Mailed check,24.45,2121,1,1,0.7997,Very High Risk
6518-LGAOV,38,Month-to-month,Fiber optic,Yes,No,Electronic check,105.0,2341,1,1,0.7997,Very High Risk
8617-ENBDS,3,Month-to-month,Fiber optic,No,No,Credit card (automatic),73.6,5510,0,1,0.7995,Very High Risk
4484-CGXFK,3,Month-to-month,DSL,No,No,Electronic check,55.3,3190,1,1,0.7994,Very High Risk
7426-RHZGU,9,Month-to-month,Fiber optic,Yes,No,Bank transfer (automatic),95.9,5017,0,1,0.7994,Very High Risk
2979-SXESE,17,Month-to-month,Fiber optic,No,Yes,Electronic check,94.4,4103,1,1,0.7994,Very High Risk
1513-XNPPH,12,Month-to-month,Fiber optic,Yes,No,Electronic check,89.4,5047,1,1,0.7993,Very High Risk
3312-UUMZW,32,Month-to-month,Fiber optic,No,No,Credit card (automatic),98.85,3981,0,1,0.7992,Very High Risk
3858-VOBET,23,Month-to-month,Fiber optic,No,No,Electronic check,74.95,5897,1,1,0.7992,Very High Risk
2079-FBMZK,6,Month-to-month,Fiber optic,No,No,Mailed check,69.25,5816,1,1,0.7992,Very High Risk
0265-EDXBD,32,Month-to-month,Fiber optic,No,No,Electronic check,74.9,4105,1,1,0.7989,Very High Risk
9898-KZQDZ,40,Month-to-month,Fiber optic,No,No,Credit card (automatic),94.55,5676,1,1,0.7988,Very High Risk
4480-QQRHC,8,Month-to-month,Fiber optic,No,No,Bank transfer (automatic),74.05,4899,0,1,0.7984,Very High Risk
8784-CGILN,18,Month-to-month,Fiber optic,Yes,No,Bank transfer (automatic),99.85,3068,1,1,0.7984,Very High Risk
0354-WYROK,31,Month-to-month,Fiber optic,Yes,No,Electronic check,98.9,4050,1,1,0.7984,Very High Risk
4998-IKFSE,30,Month-to-month,Fiber optic,No,No,Electronic check,100.45,3936,0,1,0.7984,Very High Risk
4587-NUKOX,3,Month-to-month,Fiber optic,No,Yes,Electronic check,79.1,5339,1,1,0.798,Very High Risk
7270-BDIOA,22,Month-to-month,Fiber optic,Yes,No,Electronic check,90.0,4739,1,1,0.7977,Very High Risk
0682-USIXD,21,Month-to-month,Fiber optic,Yes,No,Electronic check,86.05,2937,0,1,0.7976,Very High Risk
5908-QMGOE,15,Month-to-month,Fiber optic,No,No,Credit card (automatic),74.2,4553,1,1,0.7973,Very High Risk
9190-MFJLN,19,Month-to-month,Fiber optic,No,No,Credit card (automatic),95.9,2851,1,1,0.7973,Very High Risk
9638-JIQYA,2,Month-to-month,DSL,No,No,Credit card (automatic),24.9,4033,0,1,0.7972,Very High Risk
3588-WSTTJ,35,Month-to-month,Fiber optic,No,Yes,Electronic check,99.05,3484,0,1,0.797,Very High Risk
0921-OHLVP,22,Month-to-month,Fiber optic,No,No,Electronic check,83.05,5357,0,1,0.7969,Very High Risk
9743-DQKQW,3,Month-to-month,DSL,No,No,Electronic check,25.1,2013,0,1,0.7968,Very High Risk
4547-KQRTM,10,Month-to-month,Fiber optic,No,No,Bank transfer (automatic),80.05,3740,1,1,0.7968,Very High Risk
3755-JBMNH,16,Month-to-month,Fiber optic,No,No,Bank transfer (automatic),71.8,3327,1,1,0.7965,Very High Risk
4369-HTUIF,6,Month-to-month,Fiber optic,No,Yes,Bank transfer (automatic),85.15,5831,1,1,0.7963,Very High Risk
2800-VEQXM,3,Month-to-month,Fiber optic,No,No,Mailed check,74.75,3319,0,1,0.7963,Very High Risk
9947-OTFQU,15,Month-to-month,Fiber optic,No,No,Electronic check,74.4,4616,1,1,0.7963,Very High Risk
3934-HXCFZ,23,Month-to-month,Fiber optic,No,Yes,Electronic check,99.25,5338,1,1,0.7962,Very High Risk
7318-EIVKO,8,Month-to-month,DSL,No,No,Electronic check,59.25,3003,0,1,0.7962,Very High Risk
3070-DVEYC,7,Month-to-month,Fiber optic,No,No,Mailed check,73.75,5638,1,1,0.7962,Very High Risk
7278-CKDNC,24,Month-to-month,Fiber optic,No,No,Electronic check,80.5,4422,0,1,0.7962,Very High Risk
0988-JRWWP,3,Month-to-month,DSL,No,No,Electronic check,54.2,3167,0,1,0.7961,Very High Risk
5599-HVLTW,14,Month-to-month,Fiber optic,No,No,Bank transfer (automatic),80.35,3276,0,1,0.796,Very High Risk
5666-CYCYZ,24,Month-to-month,Fiber optic,Yes,No,Electronic check,89.55,5352,0,1,0.796,Very High Risk
6101-IMRMM,6,Month-to-month,Fiber optic,No,No,Mailed check,94.5,3469,1,1,0.7959,Very High Risk
5692-ICXLW,31,Month-to-month,Fiber optic,No,No,Electronic check,90.7,3493,0,1,0.7959,Very High Risk
7534-BFESC,24,Month-to-month,Fiber optic,No,No,Electronic check,76.1,2018,1,1,0.7957,Very High Risk
2373-NTKOD,8,Month-to-month,DSL,No,No,Electronic check,66.25,3026,0,1,0.7956,Very High Risk
1746-TGTWV,1,Month-to-month,Fiber optic,No,No,Credit card (automatic),75.35,3514,0,1,0.7954,Very High Risk
5960-MVTUK,3,Month-to-month,DSL,Yes,No,Electronic check,29.75,3425,0,1,0.7952,Very High Risk
3536-IQCTX,32,Month-to-month,Fiber optic,No,No,Electronic check,85.3,2712,1,1,0.795,Very High Risk
3550-SAHFP,33,Month-to-month,Fiber optic,No,No,Electronic check,83.35,5456,1,1,0.795,Very High Risk
9658-WYUFB,17,Month-to-month,Fiber optic,No,Yes,Electronic check,94.4,2825,1,1,0.7948,Very High Risk
8990-ZXLSU,9,Month-to-month,Fiber optic,No,No,Electronic check,69.05,5121,0,1,0.7948,Very High Risk
5439-WIKXB,41,Month-to-month,Fiber optic,No,No,Electronic check,94.55,4914,0,1,0.7948,Very High Risk
4013-UBXWQ,7,Month-to-month,DSL,Yes,No,Electronic check,74.65,4612,1,1,0.7946,Very High Risk
2424-WVHPL,1,Month-to-month,Fiber optic,Yes,No,Electronic check,74.7,4182,0,1,0.7943,Very High Risk
5606-AMZBO,10,Month-to-month,Fiber optic,No,Yes,Credit card (automatic),78.15,3403,0,1,0.7942,Very High Risk
5480-TBGPH,24,Month-to-month,Fiber optic,No,No,Credit card (automatic),99.3,4811,1,1,0.794,Very High Risk
4659-NZRUF,19,Month-to-month,Fiber optic,No,Yes,Electronic check,95.15,5830,1,1,0.7939,Very High Risk
5533-NHFRF,7,Month-to-month,DSL,Yes,No,Electronic check,44.4,3410,0,1,0.7935,Very High Risk
1894-IGFSG,22,Month-to-month,Fiber optic,No,No,Electronic check,89.25,3161,1,1,0.7935,Very High Risk
5453-AXEPF,17,Month-to-month,Fiber optic,No,No,Bank transfer (automatic),80.5,3591,0,1,0.793,Very High Risk
4184-TJFAN,3,Month-to-month,Fiber optic,Yes,Yes,Mailed check,88.3,4486,1,1,0.7928,Very High Risk
9796-BPKIW,8,Month-to-month,Fiber optic,No,No,Credit card (automatic),69.95,2939,0,1,0.7927,Very High Risk
3440-JPSCL,6,Month-to-month,Fiber optic,Yes,No,Mailed check,99.95,3722,1,1,0.7926,Very High Risk
7703-ZEKEF,23,Month-to-month,Fiber optic,No,No,Electronic check,81.0,5701,1,1,0.7926,Very High Risk
8949-JTMAY,29,Month-to-month,Fiber optic,No,No,Credit card (automatic),98.6,5144,1,1,0.7924,Very High Risk
2919-HBCJO,4,Month-to-month,Fiber optic,No,No,Bank transfer (automatic),76.65,4580,1,1,0.7922,Very High Risk
3751-KTZEL,1,Month-to-month,DSL,No,No,Mailed check,35.05,3706,1,1,0.7921,Very High Risk
8676-TRMJS,3,Month-to-month,Fiber optic,No,No,Mailed check,75.0,3190,1,1,0.7918,Very High Risk
1194-HVAIF,27,Month-to-month,Fiber optic,No,No,Credit card (automatic),95.0,4235,0,1,0.7917,Very High Risk
0637-YLETY,16,Month-to-month,Fiber optic,No,No,Credit card (automatic),95.6,5915,1,1,0.7917,Very High Risk
9432-VOFYX,17,Month-to-month,Fiber optic,No,No,Electronic check,70.8,5420,0,1,0.7917,Very High Risk
2080-CAZNM,41,Month-to-month,Fiber optic,No,No,Electronic check,104.4,4477,0,1,0.7916,Very High Risk
3754-DXMRT,2,Month-to-month,DSL,No,No,Electronic check,44.15,5655,1,1,0.7914,Very High Risk
3884-HCSWG,17,Month-to-month,Fiber optic,No,No,Electronic check,70.0,4390,1,1,0.7913,Very High Risk
5364-XYIRR,51,Month-to-month,Fiber optic,No,No,Electronic check,94.65,4747,1,1,0.7912,Very High Risk
5543-QDCRY,4,Month-to-month,DSL,No,No,Electronic check,56.4,5344,0,1,0.7905,Very High Risk
0224-RLWWD,2,Month-to-month,DSL,No,No,Electronic check,44.3,3805,0,1,0.7904,Very High Risk
4581-LNWUM,13,Month-to-month,DSL,No,No,Electronic check,49.15,3000,0,1,0.7904,Very High Risk
1236-WFCDV,14,Month-to-month,Fiber optic,No,No,Credit card (automatic),90.45,4777,1,1,0.79,Very High Risk
0637-UBJRP,13,Month-to-month,Fiber optic,No,Yes,Electronic check,84.05,4745,1,1,0.7899,Very High Risk
1976-CFOCS,1,Month-to-month,DSL,No,No,Electronic check,46.0,4531,1,1,0.7899,Very High Risk
3640-PHQXK,31,Month-to-month,Fiber optic,No,No,Electronic check,89.9,2031,1,1,0.7898,Very High Risk
0958-YHXGP,7,Month-to-month,Fiber optic,No,No,Mailed check,69.9,4562,0,1,0.7898,Very High Risk
0650-BWOZN,18,Month-to-month,Fiber optic,No,No,Electronic check,73.55,5313,0,1,0.7894,Very High Risk
7718-RXDGG,15,Month-to-month,Fiber optic,No,No,Bank transfer (automatic),68.6,3351,0,1,0.7894,Very High Risk
8695-ARGXZ,34,Month-to-month,Fiber optic,No,No,Electronic check,75.55,5381,0,1,0.7893,Very High Risk
3744-ZRRDZ,21,Month-to-month,Fiber optic,No,No,Electronic check,82.35,2902,1,1,0.7892,Very High Risk
9167-APMXZ,22,Month-to-month,Fiber optic,No,No,Bank transfer (automatic),84.15,3549,0,1,0.7892,Very High Risk
8778-LMWTJ,9,Month-to-month,Fiber optic,No,Yes,Electronic check,74.85,5770,0,1,0.7892,Very High Risk
0940-OUQEC,10,Month-to-month,Fiber optic,No,No,Bank transfer (automatic),80.7,3492,1,1,0.7891,Very High Risk
0337-CNPZE,41,Month-to-month,Fiber optic,No,No,Electronic check,106.3,5383,1,1,0.7889,Very High Risk
5899-MQZZL,13,Month-to-month,Fiber optic,No,No,Mailed check,75.0,2189,1,1,0.7886,Very High Risk
4547-LYTDD,16,Month-to-month,Fiber optic,No,No,Electronic check,72.65,2850,1,1,0.7884,Very High Risk
6994-KERXL,4,Month-to-month,DSL,No,No,Electronic check,55.9,3545,0,1,0.7883,Very High Risk
5896-NPFWW,3,Month-to-month,DSL,No,No,Electronic check,50.15,3273,1,1,0.7881,Very High Risk
9801-GDWGV,39,Month-to-month,Fiber optic,No,No,Electronic check,103.45,4811,1,1,0.7881,Very High Risk
4816-JBHOV,2,Month-to-month,DSL,No,No,Electronic check,44.7,4618,1,1,0.788,Very High Risk
7089-IVVAZ,8,Month-to-month,Fiber optic,Yes,Yes,Bank transfer (automatic),103.35,2363,1,1,0.7877,Very High Risk
3186-BAXNB,1,Month-to-month,Fiber optic,Yes,No,Electronic check,91.7,4319,1,1,0.7877,Very High Risk
6778-YSNIH,2,Month-to-month,DSL,No,No,Electronic check,59.0,5810,0,1,0.7874,Very High Risk
5183-SNMJQ,10,Month-to-month,Fiber optic,Yes,No,Credit card (automatic),95.1,5787,0,1,0.7872,Very High Risk
1769-GRUIK,18,Month-to-month,Fiber optic,No,No,Electronic check,71.1,4911,0,1,0.7872,Very High Risk
2956-GGUCQ,24,Month-to-month,Fiber optic,No,Yes,Electronic check,78.85,3079,1,1,0.787,Very High Risk
4257-GAESD,6,Month-to-month,DSL,No,No,Credit card (automatic),45.0,2270,0,1,0.787,Very High Risk
4183-MYFRB,21,Month-to-month,Fiber optic,No,No,Electronic check,90.05,5982,0,1,0.7869,Very High Risk
9050-QLROH,18,Month-to-month,Fiber optic,No,No,Credit card (automatic),90.7,2931,1,1,0.7868,Very High Risk
3518-PZXZQ,1,Month-to-month,DSL,No,No,Mailed check,55.3,2849,0,1,0.7868,Very High Risk
9512-UIBFX,18,Month-to-month,Fiber optic,No,No,Mailed check,95.15,4643,1,1,0.7865,Very High Risk
6646-VRFOL,53,Month-to-month,Fiber optic,No,No,Electronic check,103.85,5860,1,1,0.7864,Very High Risk
4855-SNKMY,1,Month-to-month,DSL,No,No,Electronic check,44.1,5955,1,1,0.7863,Very High Risk
2868-SNELZ,2,Month-to-month,Fiber optic,No,No,Mailed check,80.6,2683,1,1,0.7862,Very High Risk
6235-VDHOM,5,Month-to-month,DSL,No,No,Electronic check,28.45,4099,1,1,0.7861,Very High Risk
9365-SRSZE,27,Month-to-month,Fiber optic,No,No,Electronic check,70.55,2534,0,1,0.7861,Very High Risk
5959-BELXA,32,Month-to-month,Fiber optic,No,No,Credit card (automatic),96.15,2246,1,1,0.7857,Very High Risk
3627-FCRDW,9,Month-to-month,Fiber optic,No,No,Electronic check,71.0,2236,1,1,0.7857,Very High Risk
9206-GVPEQ,13,Month-to-month,DSL,Yes,Yes,Electronic check,54.45,5212,1,1,0.7853,Very High Risk
4817-QRJSX,10,Month-to-month,Fiber optic,No,No,Credit card (automatic),81.0,2946,1,1,0.785,Very High Risk
4484-GLZOU,52,Month-to-month,Fiber optic,No,No,Electronic check,105.05,4839,1,1,0.7849,Very High Risk
6352-TWCAU,35,Month-to-month,Fiber optic,No,No,Electronic check,86.45,5874,1,1,0.7849,Very High Risk
9058-MJLZC,24,Month-to-month,Fiber optic,No,Yes,Electronic check,94.6,3667,0,1,0.7844,Very High Risk
7786-WBJYI,4,Month-to-month,Fiber optic,No,No,Bank transfer (automatic),77.95,5365,1,1,0.7844,Very High Risk
2311-QYMUQ,16,Month-to-month,Fiber optic,No,No,Credit card (automatic),89.45,3696,1,1,0.7841,Very High Risk
5857-TYBCJ,44,Month-to-month,Fiber optic,No,No,Electronic check,89.2,2925,0,1,0.784,Very High Risk
2322-VCZHZ,23,Month-to-month,Fiber optic,No,Yes,Electronic check,90.0,4999,0,1,0.784,Very High Risk
4501-EQDRN,1,Month-to-month,Fiber optic,No,No,Bank transfer (automatic),69.7,4620,1,1,0.784,Very High Risk
5899-OUVKV,31,Month-to-month,Fiber optic,No,No,Electronic check,94.5,3949,0,1,0.7839,Very High Risk
9129-UXERG,18,Month-to-month,Fiber optic,Yes,No,Credit card (automatic),103.6,2094,0,1,0.7837,Very High Risk
2722-JMONI,1,Month-to-month,DSL,No,Yes,Electronic check,49.55,4989,1,1,0.7837,Very High Risk
1100-DDVRV,17,Month-to-month,DSL,No,No,Mailed check,49.8,5575,0,1,0.7831,Very High Risk
3916-NRPAP,3,Month-to-month,Fiber optic,No,No,Credit card (automatic),85.7,5806,0,1,0.7829,Very High Risk
8429-XIBUM,22,Month-to-month,Fiber optic,No,Yes,Bank transfer (automatic),101.35,4694,1,1,0.7827,Very High Risk
6298-QDFNH,22,Month-to-month,Fiber optic,No,No,Electronic check,79.35,4718,1,1,0.7827,Very High Risk
5922-ABDVO,19,Month-to-month,Fiber optic,No,No,Mailed check,89.65,3046,1,1,0.7826,Very High Risk
0093-EXYQL,40,Month-to-month,Fiber optic,No,No,Electronic check,91.55,5742,0,1,0.7823,Very High Risk
1583-IHQZE,12,Month-to-month,Fiber optic,Yes,No,Mailed check,112.95,3965,1,1,0.7821,Very High Risk
1723-HKXJQ,42,Month-to-month,Fiber optic,No,No,Electronic check,101.75,5545,1,1,0.782,Very High Risk
4128-ETESU,47,Month-to-month,Fiber optic,No,No,Electronic check,99.7,4787,0,1,0.7819,Very High Risk
3336-JORSO,33,Month-to-month,Fiber optic,Yes,No,Electronic check,110.45,3401,1,1,0.7818,Very High Risk
0620-DLSLK,13,Month-to-month,Fiber optic,No,No,Mailed check,81.9,2054,0,1,0.7818,Very High Risk
5655-JSMZM,49,Month-to-month,Fiber optic,No,No,Electronic check,96.2,5904,1,1,0.7817,Very High Risk
6704-UTUKK,29,Month-to-month,DSL,No,No,Electronic check,45.9,5074,0,1,0.7815,Very High Risk
4154-AQUGT,13,Month-to-month,Fiber optic,Yes,No,Bank transfer (automatic),89.05,3861,1,1,0.7814,Very High Risk
5307-DZCVC,32,Month-to-month,Fiber optic,No,No,Credit card (automatic),85.95,2431,1,1,0.7813,Very High Risk
6652-YFFJO,11,Month-to-month,DSL,No,No,Electronic check,64.9,2775,0,1,0.7813,Very High Risk
0439-IFYUN,18,Month-to-month,Fiber optic,No,No,Electronic check,74.7,3896,0,1,0.7812,Very High Risk
6166-ILMNY,2,Month-to-month,Fiber optic,No,No,Bank transfer (automatic),69.75,5667,1,1,0.7811,Very High Risk
6128-CZOMY,1,Month-to-month,DSL,No,No,Electronic check,45.65,4689,1,1,0.781,Very High Risk
9518-XXBXE,10,Month-to-month,Fiber optic,No,Yes,Electronic check,75.3,4254,0,1,0.7809,Very High Risk
3211-AAPKX,20,Month-to-month,Fiber optic,Yes,No,Mailed check,98.55,3300,0,1,0.7809,Very High Risk
1580-BMCMR,19,Month-to-month,Fiber optic,No,Yes,Electronic check,87.3,4447,0,1,0.7807,Very High Risk
8630-FJLIB,18,Month-to-month,Fiber optic,No,No,Electronic check,69.8,2421,0,1,0.7805,Very High Risk
5759-RCVCB,3,Month-to-month,DSL,No,No,Credit card (automatic),35.2,5450,1,1,0.7804,Very High Risk
5650-VDUDS,4,Month-to-month,DSL,No,No,Mailed check,24.25,2038,1,1,0.7801,Very High Risk
6959-UWKHF,1,Month-to-month,DSL,No,No,Electronic check,42.9,4895,1,1,0.7801,Very High Risk
0376-YMCJC,23,Month-to-month,Fiber optic,Yes,No,Electronic check,90.6,4359,1,1,0.7801,Very High Risk
0778-NELLA,9,Month-to-month,DSL,No,No,Credit card (automatic),34.7,5352,1,1,0.7799,Very High Risk
8645-KWHJO,14,Month-to-month,DSL,Yes,No,Electronic check,55.0,4900,0,1,0.7799,Very High Risk
9625-QSTYE,13,Month-to-month,Fiber optic,No,No,Electronic check,81.15,4806,1,1,0.7798,Very High Risk
4803-AXVYP,38,Month-to-month,Fiber optic,Yes,No,Electronic check,99.55,3474,1,1,0.7798,Very High Risk
9465-RWMXL,32,Month-to-month,Fiber optic,No,No,Electronic check,78.9,5949,1,1,0.7798,Very High Risk
6175-IRFIT,5,Month-to-month,Fiber optic,No,No,Mailed check,78.75,2610,0,1,0.7798,Very High Risk
0578-SKVMF,22,Month-to-month,Fiber optic,No,No,Electronic check,83.3,3804,1,1,0.7798,Very High Risk
4373-VVHQL,1,Month-to-month,DSL,No,No,Electronic check,44.75,5479,0,1,0.7797,Very High Risk
0876-WDUUZ,5,Month-to-month,Fiber optic,Yes,No,Credit card (automatic),85.4,3716,1,1,0.7794,Very High Risk
6243-OZGFH,23,Month-to-month,DSL,No,No,Electronic check,44.95,3248,0,1,0.7793,Very High Risk
6103-BOCOU,26,Month-to-month,Fiber optic,No,No,Electronic check,80.7,4501,0,1,0.7793,Very High Risk
7395-IGJOS,17,Month-to-month,Fiber optic,No,No,Bank transfer (automatic),81.5,3443,1,1,0.7792,Very High Risk
4690-PKDQG,42,Month-to-month,Fiber optic,No,No,Electronic check,95.55,4121,0,1,0.7791,Very High Risk
4818-QIUFN,20,Month-to-month,Fiber optic,No,Yes,Electronic check,79.15,4997,1,1,0.7791,Very High Risk
2037-SGXHH,38,Month-to-month,Fiber optic,No,No,Electronic check,94.65,3498,1,1,0.7791,Very High Risk
9600-NAXZN,43,Month-to-month,Fiber optic,No,No,Electronic check,101.4,3370,1,1,0.779,Very High Risk
5364-EVNIB,13,Month-to-month,Fiber optic,No,No,Electronic check,79.8,5067,1,1,0.7786,Very High Risk
5144-TVGLP,38,Month-to-month,Fiber optic,No,No,Electronic check,94.75,3654,0,1,0.7785,Very High Risk
3866-MDTUB,2,Month-to-month,DSL,No,Yes,Electronic check,70.75,3257,1,1,0.7785,Very High Risk
9907-SWKKF,1,Month-to-month,DSL,No,No,Mailed check,25.05,4842,1,1,0.7784,Very High Risk
8818-DOPVL,46,Month-to-month,Fiber optic,No,No,Electronic check,104.45,4103,0,1,0.7784,Very High Risk
5981-ITEMU,40,Month-to-month,Fiber optic,No,No,Bank transfer (automatic),97.1,3099,1,1,0.7783,Very High Risk
6719-OXYBR,15,Month-to-month,Fiber optic,No,No,Electronic check,85.3,5559,0,1,0.7783,Very High Risk
2739-CACDQ,17,Month-to-month,Fiber optic,No,No,Credit card (automatic),82.65,3754,0,1,0.7782,Very High Risk
3315-TOTBP,15,Month-to-month,Fiber optic,No,No,Mailed check,76.0,4938,1,1,0.7781,Very High Risk
8642-GVWRF,2,Month-to-month,Fiber optic,No,No,Bank transfer (automatic),79.7,3039,1,1,0.778,Very High Risk
4398-HSCJH,3,Month-to-month,DSL,Yes,No,Electronic check,63.6,3155,1,1,0.7778,Very High Risk
5868-CZJDR,1,Month-to-month,DSL,No,No,Mailed check,31.35,3605,1,1,0.7777,Very High Risk
0428-IKYCP,22,Month-to-month,Fiber optic,No,No,Bank transfer (automatic),87.0,5233,0,1,0.7776,Very High Risk
1212-GLHMD,3,Month-to-month,Fiber optic,No,Yes,Mailed check,86.05,2500,0,1,0.7776,Very High Risk
6599-SFQVE,6,Month-to-month,DSL,No,No,Electronic check,55.0,2629,0,1,0.7775,Very High Risk
8687-BAFGU,1,Month-to-month,Fiber optic,Yes,No,Electronic check,74.0,4148,0,1,0.7775,Very High Risk
8849-AYPTR,33,Month-to-month,Fiber optic,No,No,Electronic check,91.25,3296,0,1,0.7774,Very High Risk
7739-LAXOG,32,Month-to-month,Fiber optic,No,No,Bank transfer (automatic),91.05,3590,1,1,0.7774,Very High Risk
2187-LZGPL,7,Month-to-month,DSL,No,No,Credit card (automatic),40.1,4414,1,1,0.7773,Very High Risk
8212-CRQXP,22,Month-to-month,Fiber optic,No,No,Credit card (automatic),80.0,2640,0,1,0.7772,Very High Risk
4137-BTIKL,2,Month-to-month,Fiber optic,No,Yes,Mailed check,90.75,4766,0,1,0.7771,Very High Risk
6542-LWGXJ,3,Month-to-month,DSL,No,No,Mailed check,25.0,2730,0,1,0.7771,Very High Risk
4816-LXZYW,23,Month-to-month,Fiber optic,No,No,Electronic check,79.15,5216,1,1,0.7769,Very High Risk
0511-JTEOY,1,Month-to-month,Fiber optic,No,No,Mailed check,71.1,5824,1,1,0.7769,Very High Risk
3211-ILJTT,17,Month-to-month,Fiber optic,No,No,Bank transfer (automatic),70.4,4469,1,1,0.7768,Very High Risk
1902-XBTFB,22,Month-to-month,Fiber optic,No,No,Electronic check,89.4,5438,1,1,0.7767,Very High Risk
3737-GCSPV,11,Month-to-month,Fiber optic,Yes,Yes,Credit card (automatic),96.2,3101,1,1,0.7767,Very High Risk
0946-CLJTI,58,Month-to-month,Fiber optic,No,No,Electronic check,98.7,4662,1,1,0.7767,Very High Risk
7978-DKUQH,25,Month-to-month,Fiber optic,No,No,Electronic check,74.6,4591,0,1,0.7765,Very High Risk
9492-TOKRI,18,Month-to-month,Fiber optic,No,No,Credit card (automatic),90.0,2708,1,1,0.7764,Very High Risk
9851-QXEEQ,41,Month-to-month,Fiber optic,No,No,Electronic check,104.7,3316,1,1,0.7758,Very High Risk
9430-FRQOC,4,Month-to-month,Fiber optic,Yes,No,Mailed check,87.1,5587,1,1,0.7758,Very High Risk
0320-JDNQG,23,Month-to-month,Fiber optic,Yes,Yes,Electronic check,99.85,3425,1,1,0.7756,Very High Risk
6260-ONULR,1,Month-to-month,DSL,No,No,Mailed check,62.8,2438,0,1,0.7756,Very High Risk
1597-LHYNC,26,Month-to-month,Fiber optic,No,Yes,Electronic check,95.0,4232,1,1,0.7756,Very High Risk
2582-FFFZR,22,Month-to-month,DSL,No,No,Electronic check,50.6,2854,0,1,0.7753,Very High Risk
2657-ALMWY,26,Month-to-month,Fiber optic,No,No,Electronic check,84.95,4316,1,1,0.7749,Very High Risk
4902-OHLSK,29,Month-to-month,Fiber optic,Yes,No,Electronic check,98.65,4235,1,1,0.7748,Very High Risk
3757-NJYBX,32,Month-to-month,Fiber optic,No,No,Bank transfer (automatic),106.35,4113,1,1,0.7748,Very High Risk
3771-PZOBW,20,Month-to-month,Fiber optic,No,No,Credit card (automatic),90.7,2927,0,1,0.7747,Very High Risk
5077-DXTCG,1,Month-to-month,DSL,No,No,Electronic check,45.3,2293,1,1,0.7746,Very High Risk
1092-GANHU,17,Month-to-month,Fiber optic,No,No,Electronic check,76.65,3182,1,1,0.7745,Very High Risk
1084-UQCHV,1,Month-to-month,Fiber optic,No,No,Bank transfer (automatic),69.75,2901,1,1,0.7745,Very High Risk
0772-GYEQQ,3,Month-to-month,Fiber optic,Yes,No,Mailed check,88.35,5202,1,1,0.7744,Very High Risk
6519-CFDBX,2,Month-to-month,DSL,No,No,Electronic check,45.4,4964,0,1,0.7743,Very High Risk
2362-IBOOY,36,Month-to-month,Fiber optic,No,No,Electronic check,84.75,5272,1,1,0.7743,Very High Risk
5760-FXFVO,6,Month-to-month,Fiber optic,No,Yes,Electronic check,78.95,4093,0,1,0.7742,Very High Risk
0151-ONTOV,1,Month-to-month,Fiber optic,No,No,Mailed check,70.9,4739,1,1,0.774,Very High Risk
8837-VVWLQ,8,Month-to-month,Fiber optic,No,Yes,Electronic check,84.95,4437,1,1,0.774,Very High Risk
2696-NARTR,11,Month-to-month,Fiber optic,Yes,No,Electronic check,73.85,3634,1,1,0.774,Very High Risk
0311-UNPFF,26,Month-to-month,Fiber optic,No,No,Bank transfer (automatic),88.8,4910,1,1,0.7738,Very High Risk
5914-DVBWJ,18,Month-to-month,Fiber optic,Yes,No,Electronic check,85.45,5145,1,1,0.7737,Very High Risk
0096-BXERS,6,Month-to-month,DSL,No,No,Electronic check,50.35,3442,0,1,0.7737,Very High Risk
6834-NXDCA,13,Month-to-month,DSL,No,No,Electronic check,23.9,2967,1,1,0.7736,Very High Risk
9540-JYROE,8,Month-to-month,Fiber optic,No,No,Mailed check,70.1,2899,1,1,0.7735,Very High Risk
4512-ZUIYL,2,Month-to-month,Fiber optic,No,No,Bank transfer (automatic),70.0,2928,1,1,0.7734,Very High Risk
7993-PYKOF,8,Month-to-month,Fiber optic,No,Yes,Electronic check,75.0,2587,1,1,0.7733,Very High Risk
7480-QNVZJ,50,Month-to-month,Fiber optic,No,No,Electronic check,95.7,4287,1,1,0.773,Very High Risk
3312-ZWLGF,29,Month-to-month,Fiber optic,Yes,No,Electronic check,79.3,3172,0,1,0.7728,Very High Risk
9093-FPDLG,11,Month-to-month,Fiber optic,Yes,No,Electronic check,94.2,2405,0,1,0.7726,Very High Risk
8128-YVJRG,7,Month-to-month,Fiber optic,No,Yes,Mailed check,79.65,4513,1,1,0.7724,Very High Risk
7517-SAWMO,19,Month-to-month,Fiber optic,No,Yes,Electronic check,73.2,4718,1,1,0.7723,Very High Risk
0599-XNYDO,20,Month-to-month,Fiber optic,No,No,Bank transfer (automatic),69.8,5456,0,1,0.772,Very High Risk
0221-WMXNQ,4,Month-to-month,Fiber optic,No,Yes,Electronic check,75.35,4033,0,1,0.772,Very High Risk
0519-XUZJU,1,Month-to-month,Fiber optic,No,No,Mailed check,70.75,3963,1,1,0.772,Very High Risk
1730-ZMAME,32,Month-to-month,Fiber optic,No,No,Electronic check,79.5,3041,0,1,0.7718,Very High Risk
0114-PEGZZ,33,Month-to-month,Fiber optic,No,No,Electronic check,107.55,4800,0,1,0.7718,Very High Risk
2082-CEFLT,1,Month-to-month,DSL,No,No,Electronic check,45.6,3037,1,1,0.7718,Very High Risk
1373-ORVIZ,11,Month-to-month,DSL,Yes,No,Electronic check,66.35,2860,1,1,0.7717,Very High Risk
5649-ANRML,2,Month-to-month,Fiber optic,Yes,No,Credit card (automatic),95.1,4486,1,1,0.7716,Very High Risk
4546-FOKWR,16,Month-to-month,Fiber optic,No,No,Credit card (automatic),74.75,3574,0,1,0.7714,Very High Risk
9048-JVYVF,3,Month-to-month,DSL,Yes,No,Electronic check,69.35,3520,1,1,0.7714,Very High Risk
6365-MTGZX,24,Month-to-month,Fiber optic,Yes,No,Electronic check,96.0,3068,1,1,0.7714,Very High Risk
3269-ATYWD,39,Month-to-month,Fiber optic,No,No,Bank transfer (automatic),95.65,4892,1,1,0.7713,Very High Risk
9885-AIBVB,29,Month-to-month,Fiber optic,No,No,Electronic check,85.8,2568,0,1,0.7709,Very High Risk
6240-EURKS,18,Month-to-month,DSL,No,No,Electronic check,35.0,2649,1,1,0.7709,Very High Risk
8705-WZCYL,1,Month-to-month,DSL,No,No,Electronic check,44.8,2269,0,1,0.7705,Very High Risk
2135-RXIHG,1,Month-to-month,DSL,No,No,Electronic check,45.65,2600,1,1,0.7704,Very High Risk
8189-XRIKE,32,Month-to-month,Fiber optic,No,No,Electronic check,90.95,5936,0,1,0.7704,Very High Risk
7410-YTJIK,7,Month-to-month,Fiber optic,No,No,Mailed check,75.45,2872,1,1,0.7704,Very High Risk
9026-LHEVG,9,Month-to-month,DSL,No,No,Electronic check,40.75,2973,0,1,0.7701,Very High Risk
5022-KVDQT,27,Month-to-month,Fiber optic,No,No,Electronic check,81.3,5158,0,1,0.7701,Very High Risk
3956-MGXOG,28,Month-to-month,Fiber optic,No,No,Electronic check,80.6,2951,0,1,0.77,Very High Risk
4110-PFEUZ,1,Month-to-month,Fiber optic,No,No,Mailed check,69.55,2792,1,1,0.7699,Very High Risk
3671-SHRSP,4,Month-to-month,Fiber optic,Yes,No,Mailed check,80.6,3080,1,1,0.7699,Very High Risk
5747-PMBSQ,10,Month-to-month,Fiber optic,Yes,No,Mailed check,92.5,2415,1,1,0.7697,Very High Risk
1565-RHDJD,4,Month-to-month,Fiber optic,No,No,Bank transfer (automatic),84.05,5552,1,1,0.7697,Very High Risk
9747-DDZOS,1,Month-to-month,Fiber optic,No,No,Bank transfer (automatic),73.5,4378,1,1,0.7696,Very High Risk
4248-QPAVC,17,Month-to-month,Fiber optic,No,Yes,Bank transfer (automatic),85.35,3209,1,1,0.7696,Very High Risk
3703-VAVCL,2,Month-to-month,Fiber optic,Yes,No,Credit card (automatic),90.0,3902,1,1,0.7695,Very High Risk
9574-RKJIF,30,Month-to-month,Fiber optic,No,Yes,Electronic check,94.4,2792,1,1,0.7694,Very High Risk
4238-JSSWH,35,Month-to-month,Fiber optic,No,No,Bank transfer (automatic),102.05,3199,0,1,0.7693,Very High Risk
4360-PNRQB,18,Month-to-month,Fiber optic,No,No,Bank transfer (automatic),75.6,4030,0,1,0.7692,Very High Risk
2209-XADXF,1,Month-to-month,DSL,No,No,Bank transfer (automatic),25.25,4831,0,1,0.7691,Very High Risk
9529-OFXHY,15,Month-to-month,Fiber optic,No,Yes,Bank transfer (automatic),87.75,5415,0,1,0.7689,Very High Risk
8040-MNRTF,1,Month-to-month,Fiber optic,No,No,Mailed check,71.1,3029,0,1,0.7688,Very High Risk
2603-HVKCG,31,Month-to-month,Fiber optic,No,No,Electronic check,101.4,2025,0,1,0.7688,Very High Risk
8818-XYFCQ,32,Month-to-month,Fiber optic,No,Yes,Credit card (automatic),99.55,5026,1,1,0.7688,Very High Risk
7952-OBOYL,3,Month-to-month,Fiber optic,Yes,No,Mailed check,89.85,4096,0,1,0.7685,Very High Risk
9552-TGUZV,8,Month-to-month,Fiber optic,No,Yes,Mailed check,75.0,5413,0,1,0.7681,Very High Risk
2501-XWWTZ,11,Month-to-month,Fiber optic,No,No,Electronic check,70.2,2535,0,1,0.7681,Very High Risk
3096-JRDSO,27,Month-to-month,Fiber optic,Yes,Yes,Bank transfer (automatic),104.3,3444,1,1,0.768,Very High Risk
2359-KMGLI,24,Month-to-month,Fiber optic,No,No,Electronic check,80.25,4418,1,1,0.768,Very High Risk
6311-UEUME,29,Month-to-month,Fiber optic,No,No,Electronic check,78.9,3249,1,1,0.7679,Very High Risk
3196-NVXLZ,25,Month-to-month,Fiber optic,No,No,Mailed check,84.6,4874,0,1,0.7678,Very High Risk
5143-EGQFK,10,Month-to-month,DSL,Yes,No,Electronic check,29.65,5702,1,1,0.7677,Very High Risk
5108-ADXWO,11,Month-to-month,Fiber optic,No,Yes,Electronic check,73.5,4509,1,1,0.7677,Very High Risk
5373-SFODM,36,Month-to-month,Fiber optic,No,No,Credit card (automatic),85.25,3041,1,1,0.7675,Very High Risk
7852-LECYP,13,Month-to-month,Fiber optic,No,Yes,Credit card (automatic),93.8,5870,0,1,0.7674,Very High Risk
9821-POOTN,35,Month-to-month,Fiber optic,No,No,Electronic check,75.2,4639,1,1,0.7674,Very High Risk
2719-BDAQO,17,Month-to-month,Fiber optic,No,Yes,Electronic check,93.85,4940,1,1,0.7673,Very High Risk
8914-RBTSB,31,Month-to-month,Fiber optic,No,No,Electronic check,93.8,4115,1,1,0.7673,Very High Risk
1271-SJBGZ,12,Month-to-month,DSL,Yes,No,Electronic check,43.65,2437,1,1,0.7669,Very High Risk
0212-ISBBF,22,Month-to-month,DSL,No,No,Electronic check,50.35,2875,0,1,0.7668,Very High Risk
0362-ZBZWJ,36,Month-to-month,Fiber optic,No,No,Electronic check,84.9,2455,1,1,0.7667,Very High Risk
6522-YRBXD,35,Month-to-month,Fiber optic,No,Yes,Electronic check,94.55,2631,0,1,0.7667,Very High Risk
3914-FDRHP,9,Month-to-month,Fiber optic,Yes,No,Electronic check,86.25,4754,0,1,0.7666,Very High Risk
0817-HSUSE,1,Month-to-month,DSL,Yes,No,Electronic check,75.5,2954,0,1,0.7665,Very High Risk
8584-KMVXD,8,Month-to-month,Fiber optic,No,No,Electronic check,75.6,2934,0,1,0.7659,Very High Risk
7126-RBHSD,17,Month-to-month,Fiber optic,No,Yes,Electronic check,78.9,2362,0,1,0.7658,Very High Risk
2675-DHUTR,58,Month-to-month,Fiber optic,No,No,Electronic check,98.9,4993,0,1,0.7658,Very High Risk
2189-WWOEW,15,Month-to-month,Fiber optic,No,No,Bank transfer (automatic),85.9,3579,1,1,0.7658,Very High Risk
5028-GZLDO,2,Month-to-month,Fiber optic,No,No,Credit card (automatic),70.7,5317,1,1,0.7657,Very High Risk
1965-DDBWU,16,Month-to-month,Fiber optic,Yes,No,Credit card (automatic),89.05,5953,1,1,0.7657,Very High Risk
6366-ZGQGL,1,Month-to-month,DSL,No,No,Bank transfer (automatic),24.8,5087,1,1,0.7656,Very High Risk
5940-AHUHD,1,Month-to-month,Fiber optic,No,No,Mailed check,70.6,3338,1,1,0.7656,Very High Risk
5482-VXSXJ,22,Month-to-month,Fiber optic,No,No,Mailed check,93.2,4093,0,1,0.7655,Very High Risk
7508-SMHXL,15,Month-to-month,Fiber optic,No,No,Credit card (automatic),89.0,4452,0,1,0.7655,Very High Risk
5884-GCYMI,1,Month-to-month,Fiber optic,No,No,Mailed check,69.4,2847,1,1,0.7655,Very High Risk
2697-NQBPF,34,Month-to-month,Fiber optic,Yes,No,Electronic check,105.35,5503,0,1,0.7654,Very High Risk
6078-VESFR,13,Month-to-month,Fiber optic,No,No,Bank transfer (automatic),70.45,5225,0,1,0.7653,Very High Risk
7855-DIWPO,21,Month-to-month,Fiber optic,No,No,Electronic check,68.65,2006,0,1,0.765,Very High Risk
4391-RESHN,23,Month-to-month,Fiber optic,Yes,No,Mailed check,104.05,5963,1,1,0.765,Very High Risk
8685-WHQPW,22,Month-to-month,Fiber optic,No,No,Bank transfer (automatic),74.4,2407,1,1,0.7648,Very High Risk
2309-OSFEU,10,Month-to-month,DSL,No,No,Mailed check,33.9,2529,1,1,0.7647,Very High Risk
0581-MDMPW,24,Month-to-month,Fiber optic,No,No,Credit card (automatic),88.95,5557,0,1,0.7646,Very High Risk
8155-IBNHG,24,Month-to-month,Fiber optic,No,No,Credit card (automatic),75.4,2325,1,1,0.7644,Very High Risk
2962-XPMCQ,2,Month-to-month,DSL,No,No,Electronic check,45.15,2699,1,1,0.7642,Very High Risk
7587-RZNME,3,Month-to-month,DSL,No,No,Electronic check,43.3,4849,1,1,0.7641,Very High Risk
7895-VONWT,25,Month-to-month,DSL,No,No,Electronic check,48.25,4284,0,1,0.7639,Very High Risk
6402-ZFPPI,25,Month-to-month,Fiber optic,No,Yes,Mailed check,102.8,4969,1,1,0.7639,Very High Risk
5647-FXOTP,60,Month-to-month,Fiber optic,No,No,Electronic check,105.9,5084,0,1,0.7638,Very High Risk
3806-DXQOM,4,Month-to-month,DSL,No,Yes,Electronic check,33.65,2563,1,1,0.7637,Very High Risk
9921-QFQUL,23,Month-to-month,Fiber optic,No,No,Mailed check,90.15,5110,0,1,0.7633,Very High Risk
7503-QQRVF,16,Month-to-month,Fiber optic,No,No,Credit card (automatic),74.3,2076,1,1,0.7633,Very High Risk
0818-OCPZO,27,Month-to-month,Fiber optic,No,No,Electronic check,81.45,2571,1,1,0.7632,Very High Risk
8938-UMKPI,47,Month-to-month,Fiber optic,No,No,Electronic check,106.4,4804,1,1,0.763,Very High Risk
6559-PDZLR,26,Month-to-month,Fiber optic,Yes,No,Electronic check,98.65,4191,0,1,0.7627,Very High Risk
2091-RFFBA,31,Month-to-month,Fiber optic,No,No,Electronic check,73.9,2560,1,1,0.7625,Very High Risk
5385-SUIRI,52,Month-to-month,Fiber optic,No,Yes,Electronic check,104.2,5648,1,1,0.7625,Very High Risk
1319-YLZJG,12,Month-to-month,Fiber optic,No,Yes,Electronic check,84.6,2499,0,1,0.7623,Very High Risk
2203-GHNWN,24,Month-to-month,Fiber optic,No,No,Mailed check,79.65,3816,0,1,0.7621,Very High Risk
5828-AVIPD,19,One year,Fiber optic,Yes,No,Electronic check,100.95,4072,1,1,0.7619,Very High Risk
1101-SSWAG,15,Month-to-month,DSL,No,No,Electronic check,51.1,4858,0,1,0.7619,Very High Risk
0869-PAPRP,26,Month-to-month,Fiber optic,No,No,Credit card (automatic),85.7,3935,0,1,0.7618,Very High Risk
3082-VQXNH,3,Month-to-month,DSL,No,No,Credit card (automatic),29.8,5614,0,1,0.7615,Very High Risk
9895-VFOXH,1,Month-to-month,DSL,No,No,Mailed check,24.4,5092,0,1,0.7615,Very High Risk
6557-BZXLQ,16,Month-to-month,Fiber optic,No,No,Electronic check,69.65,5610,0,1,0.7614,Very High Risk
3966-HRMZA,3,Month-to-month,Fiber optic,No,No,Mailed check,75.05,3545,0,1,0.7614,Very High Risk
9274-UARKJ,15,Month-to-month,Fiber optic,No,No,Bank transfer (automatic),83.2,4096,0,1,0.7613,Very High Risk
8276-MQBYC,51,Month-to-month,Fiber optic,No,No,Electronic check,97.8,6204,1,1,0.7613,Very High Risk
0952-KMEEH,13,Month-to-month,Fiber optic,No,Yes,Mailed check,98.15,5525,1,1,0.7609,Very High Risk
5498-TXHLF,34,Month-to-month,Fiber optic,No,No,Electronic check,87.45,3358,1,1,0.7607,Very High Risk
6390-DSAZX,1,Month-to-month,Fiber optic,No,Yes,Mailed check,73.6,2565,1,1,0.7607,Very High Risk
1399-UBQIU,11,Month-to-month,DSL,No,No,Electronic check,69.35,2288,0,1,0.7601,Very High Risk
9490-DFPMD,42,Month-to-month,Fiber optic,No,No,Electronic check,84.65,4871,1,1,0.7599,Very High Risk
5950-AAAGJ,18,Month-to-month,Fiber optic,No,No,Bank transfer (automatic),84.3,4612,0,1,0.7597,Very High Risk
0376-OIWME,36,Month-to-month,Fiber optic,No,Yes,Electronic check,93.6,2701,0,1,0.7596,Very High Risk
5590-YRFJT,20,Month-to-month,DSL,No,No,Electronic check,24.45,3298,1,1,0.7595,Very High Risk
1391-UBDAR,11,Month-to-month,Fiber optic,No,No,Electronic check,72.9,3042,0,1,0.7594,Very High Risk
2468-SJFLM,1,Month-to-month,Fiber optic,Yes,No,Mailed check,74.3,3063,0,1,0.7593,Very High Risk
7979-CORPM,24,Month-to-month,Fiber optic,No,No,Credit card (automatic),90.55,5927,1,1,0.7591,Very High Risk
9851-KIELU,10,Month-to-month,Fiber optic,Yes,Yes,Electronic check,110.1,5803,1,1,0.7591,Very High Risk
6331-LWDTQ,10,Month-to-month,DSL,No,No,Credit card (automatic),72.15,2457,1,1,0.759,Very High Risk
2507-QZPQS,15,Month-to-month,Fiber optic,Yes,No,Electronic check,95.7,4999,0,1,0.7588,Very High Risk
3096-IZETN,12,Month-to-month,Fiber optic,No,No,Bank transfer (automatic),78.1,4741,1,1,0.7583,Very High Risk
1307-ATKGB,24,Month-to-month,Fiber optic,No,No,Electronic check,89.55,2007,0,1,0.7583,Very High Risk
3955-JBZZM,20,Month-to-month,Fiber optic,No,No,Electronic check,78.8,2317,0,1,0.7583,Very High Risk
4718-DHSMV,11,Month-to-month,DSL,No,No,Mailed check,35.8,2534,0,1,0.7583,Very High Risk
6217-TOWGS,17,Month-to-month,DSL,No,No,Bank transfer (automatic),75.4,4852,0,1,0.7582,Very High Risk
2344-JMOGN,9,Month-to-month,Fiber optic,Yes,No,Mailed check,94.85,3016,1,1,0.7576,Very High Risk
3088-LHEFH,11,Month-to-month,Fiber optic,No,Yes,Bank transfer (automatic),79.0,3885,0,1,0.7575,Very High Risk
2474-BRUCM,40,Month-to-month,Fiber optic,No,Yes,Electronic check,101.85,2837,1,1,0.7573,Very High Risk
8490-BXHEO,18,Month-to-month,Fiber optic,No,No,Credit card (automatic),80.55,5137,0,1,0.7572,Very High Risk
2675-OTVVJ,31,Month-to-month,Fiber optic,No,Yes,Electronic check,89.45,5597,0,1,0.7572,Very High Risk
5122-CYFXA,3,Month-to-month,DSL,Yes,No,Electronic check,75.3,5387,0,1,0.7571,Very High Risk
2832-KJCRD,38,Month-to-month,Fiber optic,Yes,No,Electronic check,103.65,2511,0,1,0.7564,Very High Risk
2916-BQZLN,19,Month-to-month,Fiber optic,No,Yes,Electronic check,84.75,5157,0,1,0.7561,Very High Risk
3002-WQZWT,29,Month-to-month,Fiber optic,No,No,Electronic check,74.2,3982,0,1,0.7561,Very High Risk
7851-FLGGQ,1,Month-to-month,DSL,Yes,No,Mailed check,44.65,3704,1,1,0.7561,Very High Risk
8456-QDAVC,19,Month-to-month,Fiber optic,No,No,Bank transfer (automatic),78.7,2464,0,1,0.7559,Very High Risk
1304-BCCFO,9,Month-to-month,DSL,No,No,Mailed check,70.05,4900,0,1,0.7559,Very High Risk
7351-KYHQH,7,Month-to-month,DSL,No,No,Electronic check,64.95,4615,0,1,0.7559,Very High Risk
8543-MSDMF,3,Month-to-month,DSL,No,Yes,Electronic check,77.4,5528,0,1,0.7558,Very High Risk
2523-EWWZL,27,Month-to-month,Fiber optic,No,No,Electronic check,76.1,3291,0,1,0.7557,Very High Risk
3717-OEAUQ,2,Month-to-month,Fiber optic,No,No,Mailed check,70.7,2388,0,1,0.7556,Very High Risk
1589-AGTLK,3,Month-to-month,DSL,No,No,Electronic check,45.35,2450,1,1,0.7553,Very High Risk
3334-CTHOL,1,Month-to-month,DSL,No,No,Bank transfer (automatic),49.95,2041,1,1,0.7553,Very High Risk
5016-IBERQ,23,Month-to-month,Fiber optic,No,No,Electronic check,84.25,2781,0,1,0.7552,Very High Risk
3439-GVUSX,1,Month-to-month,DSL,No,No,Mailed check,24.4,4570,0,1,0.755,Very High Risk
9752-ZNQUT,1,Month-to-month,DSL,No,No,Electronic check,48.6,3704,0,1,0.7549,Very High Risk
8260-NGFNY,1,Month-to-month,DSL,No,No,Mailed check,25.2,3196,1,1,0.7548,Very High Risk
6339-DKLMK,13,Month-to-month,DSL,No,No,Electronic check,31.65,4959,0,1,0.7545,Very High Risk
7011-CVEUC,25,Month-to-month,Fiber optic,Yes,No,Credit card (automatic),95.7,4535,0,1,0.7543,Very High Risk
6212-ATMLK,50,Month-to-month,Fiber optic,No,No,Electronic check,95.7,4164,0,1,0.7543,Very High Risk
5889-JTMUL,50,Month-to-month,Fiber optic,No,No,Electronic check,95.05,5863,1,1,0.7539,Very High Risk
1173-NOEYG,27,Month-to-month,Fiber optic,No,No,Bank transfer (automatic),90.15,5750,0,1,0.7539,Very High Risk
4749-VFKVB,1,Month-to-month,DSL,No,No,Mailed check,50.1,4778,1,1,0.7537,Very High Risk
8718-PTMEZ,13,Month-to-month,DSL,No,No,Electronic check,31.05,5131,1,1,0.7536,Very High Risk
7658-UYUQS,21,Month-to-month,Fiber optic,No,No,Bank transfer (automatic),86.55,5318,0,1,0.7536,Very High Risk
4625-EWPTF,8,Month-to-month,DSL,No,Yes,Electronic check,30.45,4549,1,1,0.7535,Very High Risk
6608-QQLVK,1,Month-to-month,DSL,No,No,Electronic check,50.5,2077,1,1,0.7533,Very High Risk
6158-HDPXZ,1,Month-to-month,DSL,No,No,Mailed check,25.35,4193,0,1,0.7527,Very High Risk
0082-OQIQY,29,Month-to-month,Fiber optic,Yes,No,Electronic check,94.2,4561,0,1,0.7527,Very High Risk
0708-LGSMF,13,Month-to-month,DSL,No,Yes,Electronic check,65.85,2731,0,1,0.7526,Very High Risk
4317-VTEOA,1,Month-to-month,DSL,No,No,Electronic check,50.75,5355,1,1,0.7524,Very High Risk
4959-JOSRX,2,Month-to-month,DSL,No,No,Credit card (automatic),44.6,4884,1,1,0.7524,Very High Risk
7783-YKGDV,12,Month-to-month,Fiber optic,No,Yes,Bank transfer (automatic),99.7,2538,1,1,0.7523,Very High Risk
5419-KLXBN,25,Month-to-month,Fiber optic,No,No,Bank transfer (automatic),89.15,5853,1,1,0.7523,Very High Risk
1436-ZMJAN,10,Month-to-month,DSL,No,No,Credit card (automatic),67.8,2709,0,1,0.7521,Very High Risk
5226-NOZFC,26,Month-to-month,Fiber optic,No,No,Electronic check,85.75,3178,0,1,0.752,Very High Risk
8565-CLBZW,24,Month-to-month,Fiber optic,No,No,Mailed check,89.85,2050,1,1,0.752,Very High Risk
8878-HMWBV,3,Month-to-month,DSL,No,No,Electronic check,49.15,5598,1,1,0.7515,Very High Risk
1624-WOIWJ,10,Month-to-month,Fiber optic,No,Yes,Mailed check,84.7,5686,1,1,0.7514,Very High Risk
2141-RRYGO,4,Month-to-month,DSL,No,No,Bank transfer (automatic),68.65,5274,1,1,0.7513,Very High Risk
8640-SDGKB,4,Month-to-month,DSL,Yes,No,Electronic check,74.4,3633,1,1,0.7512,Very High Risk
5916-QEWPT,2,Month-to-month,DSL,No,No,Credit card (automatic),69.0,2798,0,1,0.7508,Very High Risk
2974-GGUXS,36,Month-to-month,Fiber optic,No,No,Credit card (automatic),91.95,3273,0,1,0.7507,Very High Risk
2519-FAKOD,38,Month-to-month,Fiber optic,No,No,Bank transfer (automatic),99.25,5274,1,1,0.7501,Very High Risk
7442-YGZFK,1,Month-to-month,DSL,No,No,Credit card (automatic),49.8,4796,0,1,0.7499,High Risk
3165-HDOEW,1,Month-to-month,DSL,No,No,Mailed check,45.85,3706,1,1,0.7499,High Risk
6284-AHOOQ,22,Month-to-month,Fiber optic,Yes,No,Bank transfer (automatic),90.5,5014,1,1,0.7498,High Risk
4503-BDXBD,11,Month-to-month,Fiber optic,No,No,Electronic check,74.95,4251,1,1,0.7498,High Risk
9722-UJOJR,29,Month-to-month,Fiber optic,No,No,Electronic check,70.75,2663,1,1,0.7498,High Risk
2831-EBWRN,4,Month-to-month,DSL,No,No,Electronic check,45.9,3200,0,1,0.7497,High Risk
2823-LKABH,18,Month-to-month,Fiber optic,Yes,No,Bank transfer (automatic),95.05,4524,0,1,0.7493,High Risk
1384-RCUXW,16,Month-to-month,Fiber optic,No,No,Mailed check,80.55,5183,0,1,0.7492,High Risk
7562-GSUHK,16,Month-to-month,Fiber optic,No,No,Credit card (automatic),93.2,5497,1,1,0.7491,High Risk
9927-DSWDF,22,Month-to-month,Fiber optic,Yes,Yes,Electronic check,104.6,2429,0,1,0.7491,High Risk
5019-GQVCR,43,Month-to-month,Fiber optic,No,No,Electronic check,84.85,4556,0,1,0.749,High Risk
7279-BUYWN,41,Month-to-month,Fiber optic,No,Yes,Electronic check,113.2,3380,1,1,0.7485,High Risk
5204-QZXPU,19,Month-to-month,DSL,No,No,Electronic check,39.65,2933,1,1,0.7481,High Risk
0570-BFQHT,9,Month-to-month,Fiber optic,No,No,Electronic check,80.55,3581,0,1,0.7476,High Risk
3853-LYGAM,17,Month-to-month,Fiber optic,Yes,No,Bank transfer (automatic),95.65,3139,0,1,0.7475,High Risk
2692-BUCFV,29,Month-to-month,Fiber optic,No,No,Bank transfer (automatic),101.45,5285,0,1,0.7474,High Risk
8519-QJGJD,14,Month-to-month,Fiber optic,No,No,Electronic check,75.35,4995,1,1,0.7474,High Risk
6599-RCLCJ,47,Month-to-month,Fiber optic,Yes,No,Electronic check,109.55,5863,1,1,0.7473,High Risk
4566-QVRRW,11,Month-to-month,DSL,No,No,Electronic check,44.05,3200,1,1,0.7472,High Risk
4349-GFQHK,1,Month-to-month,DSL,No,No,Electronic check,54.35,4212,1,1,0.7471,High Risk
5626-MGTUK,20,Month-to-month,Fiber optic,No,Yes,Bank transfer (automatic),89.1,3027,0,1,0.7471,High Risk
3665-JATSN,19,Month-to-month,DSL,No,No,Electronic check,39.7,4034,0,1,0.7468,High Risk
5130-IEKQT,25,Month-to-month,Fiber optic,No,No,Mailed check,105.95,4283,1,1,0.7466,High Risk
0963-ZBDRN,32,Month-to-month,Fiber optic,Yes,No,Electronic check,96.2,3606,1,1,0.7463,High Risk
1670-SVOWZ,14,Month-to-month,Fiber optic,Yes,No,Credit card (automatic),89.65,2504,1,1,0.7461,High Risk
6583-QGCSI,50,Month-to-month,Fiber optic,No,No,Electronic check,88.05,5813,1,1,0.7457,High Risk
4351-QLCSU,1,Month-to-month,DSL,No,No,Credit card (automatic),55.0,3809,1,1,0.7457,High Risk
2386-LAHRK,1,Month-to-month,DSL,No,No,Mailed check,53.5,5094,1,1,0.7456,High Risk
2971-SGAFL,13,Month-to-month,DSL,No,Yes,Electronic check,78.75,5631,0,1,0.7456,High Risk
7562-UXTPG,13,Month-to-month,Fiber optic,No,No,Mailed check,70.15,2992,0,1,0.7456,High Risk
5630-IXDXV,47,Month-to-month,Fiber optic,No,No,Electronic check,106.35,3723,0,1,0.7454,High Risk
1833-TCXKK,45,Month-to-month,Fiber optic,No,No,Bank transfer (automatic),107.75,3301,0,1,0.7452,High Risk
7077-XJMET,12,Month-to-month,DSL,Yes,No,Electronic check,74.15,5426,0,1,0.745,High Risk
7339-POGZN,4,Month-to-month,DSL,No,No,Electronic check,50.7,4288,0,1,0.7446,High Risk
8785-CJSHH,60,Month-to-month,Fiber optic,No,No,Electronic check,99.8,6213,0,1,0.7443,High Risk
4607-CHPCA,25,One year,Fiber optic,No,No,Electronic check,90.4,5801,1,1,0.7441,High Risk
6629-CZTTH,1,Month-to-month,DSL,No,No,Mailed check,55.7,4629,1,1,0.7438,High Risk
4074-SJFFA,1,Month-to-month,DSL,No,No,Mailed check,54.75,2614,1,1,0.7438,High Risk
6458-CYIDZ,5,Month-to-month,Fiber optic,No,Yes,Electronic check,80.7,3468,0,1,0.7433,High Risk
4013-TLDHQ,19,Month-to-month,Fiber optic,No,No,Electronic check,78.25,3666,1,1,0.7425,High Risk
6317-YPKDH,1,Month-to-month,DSL,No,No,Bank transfer (automatic),29.95,4534,1,1,0.7421,High Risk
4929-BSTRX,1,Month-to-month,DSL,No,No,Mailed check,53.55,2326,1,1,0.742,High Risk
6481-ESCNL,29,Month-to-month,Fiber optic,No,No,Bank transfer (automatic),100.55,4847,0,1,0.7418,High Risk
2606-RMDHZ,6,Month-to-month,DSL,No,No,Credit card (automatic),30.5,4667,1,1,0.7417,High Risk
6377-WHAOX,60,Month-to-month,Fiber optic,No,No,Electronic check,106.15,4115,0,1,0.7417,High Risk
8720-RQSBJ,1,Month-to-month,DSL,No,No,Electronic check,44.0,4320,0,1,0.7416,High Risk
0895-DQHEW,54,Month-to-month,Fiber optic,No,No,Electronic check,104.3,4019,1,1,0.7415,High Risk
9620-ENEJV,6,Month-to-month,Fiber optic,No,No,Credit card (automatic),70.55,4059,0,1,0.7414,High Risk
1260-TTRXI,4,Month-to-month,DSL,No,No,Electronic check,54.3,5834,1,1,0.7412,High Risk
4706-DGAHW,1,Month-to-month,DSL,No,No,Electronic check,45.2,4576,0,1,0.741,High Risk
9278-VZKCD,52,Month-to-month,Fiber optic,No,Yes,Electronic check,109.1,4428,0,1,0.7409,High Risk
8080-DDEMJ,1,Month-to-month,DSL,No,No,Electronic check,45.1,4499,1,1,0.7408,High Risk
7586-ZATGZ,40,Month-to-month,Fiber optic,No,No,Electronic check,84.9,2904,0,1,0.7407,High Risk
5389-FFVKB,32,Month-to-month,Fiber optic,No,No,Credit card (automatic),80.3,5365,1,1,0.7406,High Risk
8696-JKZNU,37,Month-to-month,Fiber optic,No,No,Electronic check,76.25,5859,1,1,0.7406,High Risk
1035-IPQPU,63,Month-to-month,Fiber optic,No,No,Electronic check,103.5,5187,0,1,0.7405,High Risk
8993-IZEUX,7,Month-to-month,Fiber optic,No,No,Bank transfer (automatic),69.15,4320,0,1,0.7405,High Risk
8486-AYEQH,31,Month-to-month,Fiber optic,No,No,Electronic check,76.05,2421,0,1,0.7405,High Risk
6464-KEXXH,8,Month-to-month,DSL,No,No,Credit card (automatic),25.25,2372,0,1,0.7404,High Risk
2694-CIUMO,12,Month-to-month,Fiber optic,Yes,No,Credit card (automatic),79.55,3445,0,1,0.7404,High Risk
8167-GJLRN,3,Month-to-month,DSL,Yes,No,Electronic check,30.4,3108,0,1,0.7396,High Risk
2070-XYMFH,23,Month-to-month,Fiber optic,No,No,Mailed check,79.35,3558,0,1,0.7393,High Risk
2637-FKFSY,3,Month-to-month,DSL,No,No,Mailed check,46.1,4047,0,1,0.7393,High Risk
0577-WHMEV,16,Month-to-month,Fiber optic,No,Yes,Electronic check,90.7,4839,0,1,0.7393,High Risk
2800-QQUSO,42,Month-to-month,Fiber optic,Yes,No,Electronic check,100.3,3286,0,1,0.7393,High Risk
1777-JYQPJ,2,Month-to-month,DSL,No,No,Mailed check,24.3,2515,0,1,0.7392,High Risk
7901-TBKJX,56,Month-to-month,Fiber optic,No,No,Electronic check,101.05,5514,0,1,0.7391,High Risk
8563-OYMQY,17,Month-to-month,Fiber optic,No,No,Credit card (automatic),90.95,5687,0,1,0.7391,High Risk
4553-DVPZG,62,Month-to-month,Fiber optic,No,No,Electronic check,101.35,5049,0,1,0.7381,High Risk
3348-CFRNX,28,Month-to-month,Fiber optic,No,Yes,Mailed check,92.35,2990,1,1,0.738,High Risk
1396-QWFBJ,21,Month-to-month,Fiber optic,No,No,Bank transfer (automatic),74.05,5630,1,1,0.7379,High Risk
3798-EPWRR,2,Month-to-month,DSL,No,No,Electronic check,43.95,4057,0,1,0.7377,High Risk
2495-KZNFB,33,Month-to-month,Fiber optic,No,Yes,Electronic check,90.65,4460,0,1,0.7376,High Risk
3995-WFCSM,2,Month-to-month,DSL,No,No,Electronic check,60.85,3796,0,1,0.7375,High Risk
7901-HXJVA,14,Month-to-month,Fiber optic,No,No,Electronic check,76.45,2292,0,1,0.7373,High Risk
1346-UFHAX,13,Month-to-month,Fiber optic,No,Yes,Credit card (automatic),80.0,5577,0,1,0.737,High Risk
3677-TNKIO,14,Month-to-month,Fiber optic,No,No,Credit card (automatic),71.0,3228,1,1,0.7369,High Risk
3540-RZJYU,15,Month-to-month,Fiber optic,No,Yes,Electronic check,86.2,5829,1,1,0.7366,High Risk
0133-BMFZO,2,Month-to-month,Fiber optic,Yes,Yes,Electronic check,86.25,3529,1,1,0.7364,High Risk
8020-BWHYL,15,Month-to-month,Fiber optic,No,No,Credit card (automatic),75.3,4526,1,1,0.7359,High Risk
6034-YMTOB,5,Month-to-month,Fiber optic,Yes,No,Mailed check,75.65,2296,0,1,0.7358,High Risk
5035-BVCXS,11,Month-to-month,Fiber optic,No,No,Mailed check,75.9,4278,0,1,0.7356,High Risk
9643-YBLUR,9,Month-to-month,DSL,No,No,Credit card (automatic),69.05,2907,0,1,0.7353,High Risk
6692-YQHXC,16,Month-to-month,Fiber optic,No,No,Credit card (automatic),69.95,5596,0,1,0.7351,High Risk
2232-DMLXU,1,Month-to-month,DSL,No,No,Mailed check,55.2,3638,1,1,0.735,High Risk
1013-QCWAM,66,Month-to-month,Fiber optic,No,No,Electronic check,100.8,5469,0,1,0.735,High Risk
9445-SZLCH,36,Month-to-month,Fiber optic,No,No,Bank transfer (automatic),97.35,4544,1,1,0.735,High Risk
9699-UBQFS,43,Month-to-month,Fiber optic,No,Yes,Electronic check,94.5,4745,0,1,0.7349,High Risk
0634-SZPQA,23,Month-to-month,Fiber optic,No,Yes,Bank transfer (automatic),90.05,4650,1,1,0.7349,High Risk
5222-IMUKT,32,Month-to-month,Fiber optic,No,No,Electronic check,91.05,2716,0,1,0.7348,High Risk
4619-EVPHY,20,One year,Fiber optic,No,No,Bank transfer (automatic),91.0,3748,0,1,0.7343,High Risk
4911-BANWH,31,Month-to-month,Fiber optic,No,No,Credit card (automatic),86.55,4198,1,1,0.7342,High Risk
0177-PXBAT,33,Month-to-month,Fiber optic,Yes,Yes,Bank transfer (automatic),109.9,5655,0,1,0.734,High Risk
0310-MVLET,61,Month-to-month,Fiber optic,No,No,Electronic check,99.15,5612,1,1,0.734,High Risk
2951-QOQTK,4,Month-to-month,Fiber optic,Yes,No,Credit card (automatic),80.8,5436,1,1,0.7334,High Risk
7967-HYCDE,8,Month-to-month,Fiber optic,No,No,Bank transfer (automatic),70.7,4946,0,1,0.7333,High Risk
6907-FLBER,1,Month-to-month,DSL,No,No,Electronic check,54.3,3259,0,1,0.7332,High Risk
6185-TASNN,1,Month-to-month,DSL,No,No,Electronic check,46.3,2546,0,1,0.7331,High Risk
1941-HOSAM,1,Month-to-month,Fiber optic,No,No,Electronic check,90.1,4142,0,1,0.733,High Risk
3791-LGQCY,56,Month-to-month,Fiber optic,No,No,Bank transfer (automatic),100.65,4803,1,1,0.7326,High Risk
5281-BUZGT,36,Month-to-month,Fiber optic,No,Yes,Electronic check,90.85,5692,1,1,0.7325,High Risk
7404-JLKQG,3,Month-to-month,DSL,No,No,Electronic check,57.55,4099,0,1,0.7324,High Risk
9508-ILZDG,34,Month-to-month,Fiber optic,Yes,No,Electronic check,96.35,5425,0,1,0.7324,High Risk
4662-EKDPQ,2,Month-to-month,DSL,No,No,Bank transfer (automatic),62.05,5344,1,1,0.7323,High Risk
1482-OXZSY,30,Month-to-month,Fiber optic,No,Yes,Bank transfer (automatic),100.4,3778,0,1,0.7323,High Risk
9168-INPSZ,44,Month-to-month,Fiber optic,Yes,No,Electronic check,104.15,2944,0,1,0.7322,High Risk
1608-GMEWB,45,Month-to-month,Fiber optic,No,No,Bank transfer (automatic),93.9,3960,0,1,0.7322,High Risk
6537-QLGEX,16,Month-to-month,DSL,No,Yes,Electronic check,38.9,3300,0,1,0.7321,High Risk
8364-TRMMK,3,Month-to-month,DSL,No,No,Mailed check,50.65,2876,1,1,0.7315,High Risk
7048-GXDAY,39,Month-to-month,Fiber optic,No,Yes,Electronic check,106.4,4111,0,1,0.7315,High Risk
5650-YLIBA,31,Month-to-month,Fiber optic,No,No,Electronic check,81.15,3031,0,1,0.7312,High Risk
7030-NJVDP,24,Month-to-month,Fiber optic,Yes,Yes,Electronic check,89.25,5436,0,1,0.7311,High Risk
9661-ACXBS,42,Month-to-month,Fiber optic,No,Yes,Electronic check,105.2,2317,1,1,0.731,High Risk
8676-OOQEJ,4,Month-to-month,DSL,Yes,No,Electronic check,30.5,3030,0,1,0.7305,High Risk
7567-ECMCM,24,Month-to-month,Fiber optic,No,No,Credit card (automatic),79.85,5128,0,1,0.7304,High Risk
1612-EOHDH,1,Month-to-month,DSL,No,No,Electronic check,45.15,5828,1,1,0.73,High Risk
4315-MURBD,12,Month-to-month,Fiber optic,Yes,Yes,Bank transfer (automatic),98.9,5559,1,1,0.7299,High Risk
3055-MJDSB,9,Month-to-month,DSL,No,No,Mailed check,24.6,2323,0,1,0.7299,High Risk
2122-YWVYA,18,Month-to-month,Fiber optic,No,Yes,Electronic check,75.4,4792,0,1,0.7297,High Risk
3144-AUDBS,6,Month-to-month,DSL,Yes,No,Electronic check,49.15,5271,1,1,0.7296,High Risk
7825-GKXMW,1,Month-to-month,DSL,No,No,Electronic check,45.8,5973,1,1,0.7296,High Risk
9398-MMQTO,3,Month-to-month,Fiber optic,No,No,Credit card (automatic),74.45,3956,0,1,0.7296,High Risk
8313-KTIHG,4,Month-to-month,DSL,Yes,No,Electronic check,61.3,5281,0,1,0.7295,High Risk
0224-HJAPT,5,Month-to-month,DSL,No,No,Electronic check,47.15,2857,1,1,0.7294,High Risk
6048-QBXKL,2,Month-to-month,DSL,No,No,Credit card (automatic),56.55,2069,0,1,0.7294,High Risk
5536-RTPWK,49,Month-to-month,Fiber optic,No,No,Bank transfer (automatic),99.05,5157,1,1,0.7289,High Risk
8012-SOUDQ,43,Month-to-month,Fiber optic,No,No,Electronic check,90.25,2223,0,1,0.7285,High Risk
5356-CSVSQ,3,Month-to-month,DSL,Yes,No,Electronic check,64.6,5277,0,1,0.7285,High Risk
5153-RTHKF,34,Month-to-month,Fiber optic,No,No,Electronic check,85.35,3818,0,1,0.7285,High Risk
7460-ITWWP,45,Month-to-month,Fiber optic,No,No,Electronic check,86.1,2701,0,1,0.7282,High Risk
7675-OZCZG,3,Month-to-month,DSL,No,No,Electronic check,45.0,4145,1,1,0.7281,High Risk
1478-VPOAD,1,Month-to-month,DSL,No,No,Electronic check,43.8,4633,0,1,0.7278,High Risk
6127-IYJOZ,1,Month-to-month,DSL,No,No,Mailed check,45.85,5715,0,1,0.7277,High Risk
0916-QOFDP,14,Month-to-month,Fiber optic,No,No,Electronic check,95.8,3471,0,1,0.7277,High Risk
9090-SGQXL,68,Month-to-month,Fiber optic,No,No,Electronic check,105.3,6284,1,1,0.7273,High Risk
3768-NLUBH,57,Month-to-month,Fiber optic,No,No,Electronic check,100.6,5247,1,1,0.7272,High Risk
3481-JHUZH,41,Month-to-month,Fiber optic,No,No,Electronic check,80.25,5757,0,1,0.7265,High Risk
6661-HBGWL,42,Month-to-month,Fiber optic,No,No,Bank transfer (automatic),104.75,2984,1,1,0.7263,High Risk
0410-IPFTY,31,Month-to-month,Fiber optic,No,No,Bank transfer (automatic),83.85,4283,0,1,0.726,High Risk
8819-IMISP,31,Month-to-month,Fiber optic,No,No,Electronic check,80.45,4684,0,1,0.7259,High Risk
0402-CQAJN,37,Month-to-month,Fiber optic,No,No,Bank transfer (automatic),101.9,4437,1,1,0.7258,High Risk
4818-DRBQT,29,Month-to-month,Fiber optic,No,No,Bank transfer (automatic),80.15,5189,1,1,0.7253,High Risk
7207-RMRDB,65,Month-to-month,Fiber optic,No,No,Electronic check,105.5,5720,1,1,0.7252,High Risk
2604-IJPDU,20,Month-to-month,Fiber optic,Yes,Yes,Electronic check,96.55,4382,0,1,0.7252,High Risk
1550-EENBN,31,Month-to-month,Fiber optic,No,Yes,Electronic check,104.35,5320,0,1,0.7252,High Risk
3234-VKACU,2,Month-to-month,DSL,Yes,No,Electronic check,70.3,4799,0,1,0.7252,High Risk
4062-HBMOS,52,Month-to-month,Fiber optic,No,No,Electronic check,103.05,5432,0,1,0.7245,High Risk
7401-RUBNK,18,Month-to-month,Fiber optic,No,Yes,Electronic check,74.8,4809,0,1,0.7244,High Risk
1963-SVUCV,1,Month-to-month,DSL,No,No,Electronic check,45.3,5774,1,1,0.7243,High Risk
1264-BYWMS,55,Month-to-month,Fiber optic,No,No,Electronic check,96.8,4089,1,1,0.7243,High Risk
2884-GBPFB,35,Month-to-month,Fiber optic,No,No,Electronic check,70.3,5413,1,1,0.7243,High Risk
2683-BPJSO,29,Month-to-month,Fiber optic,No,Yes,Electronic check,84.45,2651,1,1,0.7242,High Risk
9269-CQOOL,3,Month-to-month,DSL,No,No,Credit card (automatic),54.7,3335,1,1,0.7242,High Risk
3987-KQDDU,9,Month-to-month,Fiber optic,No,Yes,Electronic check,75.6,4990,0,1,0.7238,High Risk
2786-GCDPI,50,Month-to-month,Fiber optic,Yes,No,Electronic check,104.95,5570,0,1,0.7237,High Risk
9944-AEXBM,32,Month-to-month,Fiber optic,No,No,Bank transfer (automatic),85.65,2383,0,1,0.7235,High Risk
9369-XFEHK,33,Month-to-month,Fiber optic,No,No,Bank transfer (automatic),80.6,3601,1,1,0.7235,High Risk
4570-QHXHL,9,Month-to-month,DSL,No,No,Electronic check,43.75,5644,0,1,0.7234,High Risk
6961-VCPMC,46,Month-to-month,Fiber optic,No,No,Electronic check,80.4,4876,1,1,0.7234,High Risk
0541-FITGH,2,Month-to-month,DSL,No,Yes,Mailed check,62.15,5766,0,1,0.7233,High Risk
1910-FMXJM,36,Month-to-month,Fiber optic,No,No,Electronic check,80.4,5544,0,1,0.7229,High Risk
7129-ACFOG,5,Month-to-month,DSL,No,Yes,Electronic check,53.8,2182,0,1,0.7227,High Risk
4446-BZKHU,61,Month-to-month,Fiber optic,No,No,Electronic check,105.55,5011,1,1,0.7223,High Risk
2931-FSOHN,13,Month-to-month,DSL,No,No,Electronic check,59.9,5254,0,1,0.7222,High Risk
4640-UHDOS,13,Month-to-month,DSL,No,No,Electronic check,55.95,4498,1,1,0.7219,High Risk
0786-VSSUD,16,Month-to-month,DSL,No,No,Mailed check,39.0,5692,1,1,0.7217,High Risk
1728-BQDMA,2,Month-to-month,DSL,No,No,Electronic check,44.45,5694,0,1,0.7216,High Risk
5572-ZDXHY,22,Month-to-month,Fiber optic,No,No,Mailed check,84.3,5313,1,1,0.7211,High Risk
4201-JMNGR,1,Month-to-month,DSL,No,Yes,Electronic check,55.8,5527,1,1,0.7209,High Risk
0666-UXTJO,34,Month-to-month,Fiber optic,No,No,Credit card (automatic),85.2,5393,0,1,0.7208,High Risk
6650-VJONK,1,Month-to-month,DSL,No,No,Bank transfer (automatic),43.85,5913,0,1,0.7206,High Risk
3961-SXAXY,1,Month-to-month,DSL,No,No,Bank transfer (automatic),44.05,5925,0,1,0.7204,High Risk
5552-ZNFSJ,1,Month-to-month,DSL,No,No,Electronic check,45.3,4568,1,1,0.7204,High Risk
4468-KAZHE,20,Month-to-month,DSL,No,No,Electronic check,60.0,2399,0,1,0.7203,High Risk
7020-OZKXZ,9,Month-to-month,Fiber optic,No,No,Credit card (automatic),75.5,3021,0,1,0.7199,High Risk
9710-ZUSHQ,37,Month-to-month,Fiber optic,No,Yes,Bank transfer (automatic),106.75,5849,1,1,0.7198,High Risk
0324-BRPCJ,68,Month-to-month,Fiber optic,No,No,Electronic check,100.2,4481,1,1,0.7197,High Risk
2277-DJJDL,60,Month-to-month,Fiber optic,Yes,No,Electronic check,99.0,4763,0,1,0.7195,High Risk
0067-DKWBL,2,Month-to-month,DSL,No,Yes,Electronic check,49.25,3475,1,1,0.7195,High Risk
2347-WKKAE,42,Month-to-month,Fiber optic,No,Yes,Electronic check,94.4,2662,0,1,0.7192,High Risk
6402-EJMWF,4,Month-to-month,DSL,No,No,Mailed check,55.3,3684,0,1,0.719,High Risk
1343-EHPYB,63,Month-to-month,Fiber optic,No,No,Electronic check,103.4,4352,1,1,0.7189,High Risk
1536-HBSWP,1,Month-to-month,DSL,Yes,No,Electronic check,49.9,4667,0,1,0.7188,High Risk
7421-ZLUPA,8,Month-to-month,DSL,No,No,Mailed check,29.25,2038,0,1,0.7187,High Risk
9940-HPQPG,9,Month-to-month,Fiber optic,No,Yes,Bank transfer (automatic),91.75,4176,1,1,0.7185,High Risk
6729-GDNGC,20,Month-to-month,Fiber optic,No,No,Bank transfer (automatic),80.7,3111,0,1,0.7185,High Risk
6859-RKMZJ,11,Month-to-month,DSL,No,No,Bank transfer (automatic),55.05,2762,0,1,0.7185,High Risk
9053-EJUNL,41,Month-to-month,Fiber optic,No,No,Electronic check,89.2,3259,0,1,0.7184,High Risk
2227-JRSJX,21,Month-to-month,Fiber optic,Yes,No,Bank transfer (automatic),99.15,5324,0,1,0.7183,High Risk
7599-FKVXZ,42,Month-to-month,Fiber optic,Yes,No,Bank transfer (automatic),106.15,2265,1,1,0.718,High Risk
1518-VOWAV,9,Month-to-month,DSL,No,Yes,Electronic check,74.65,5900,1,1,0.7177,High Risk
5331-RGMTT,54,Month-to-month,Fiber optic,No,No,Credit card (automatic),99.05,4011,0,1,0.7174,High Risk
9637-EIHEQ,1,Month-to-month,DSL,Yes,No,Electronic check,50.8,4535,1,1,0.7172,High Risk
6693-FRIRW,18,Month-to-month,Fiber optic,No,No,Credit card (automatic),101.3,5948,0,1,0.7168,High Risk
9763-PDTKK,4,Month-to-month,Fiber optic,Yes,Yes,Bank transfer (automatic),94.4,4249,1,1,0.7166,High Risk
5998-VVEJY,26,Month-to-month,Fiber optic,Yes,No,Electronic check,80.5,2729,1,1,0.7165,High Risk
9626-WEQRM,4,Month-to-month,DSL,No,Yes,Mailed check,29.15,2657,0,1,0.7164,High Risk
7359-PTSXY,1,Month-to-month,DSL,No,No,Electronic check,45.75,3531,1,1,0.7163,High Risk
6486-LHTMA,31,One year,Fiber optic,No,No,Electronic check,90.7,2364,0,1,0.7162,High Risk
1942-OQFRW,1,Month-to-month,DSL,No,No,Electronic check,44.0,2785,0,1,0.7161,High Risk
4537-DKTAL,2,Month-to-month,DSL,No,No,Electronic check,45.55,4372,0,1,0.7159,High Risk
2921-XWDJH,38,Month-to-month,Fiber optic,No,Yes,Electronic check,83.45,2768,0,1,0.7159,High Risk
4220-TINQT,61,Month-to-month,Fiber optic,Yes,No,Electronic check,106.35,5632,0,1,0.7158,High Risk
5129-JLPIS,25,Month-to-month,Fiber optic,Yes,Yes,Electronic check,105.5,5822,0,1,0.7158,High Risk
3926-CUQZX,1,Month-to-month,DSL,No,No,Bank transfer (automatic),45.1,4884,1,1,0.7155,High Risk
9286-DOJGF,38,Month-to-month,Fiber optic,No,No,Bank transfer (automatic),74.95,5165,1,1,0.7155,High Risk
0975-VOOVL,3,Month-to-month,DSL,No,No,Mailed check,29.2,4699,0,1,0.7153,High Risk
4116-TZAQJ,9,Month-to-month,Fiber optic,No,Yes,Credit card (automatic),74.25,5393,1,1,0.7153,High Risk
8614-VGMMV,15,Month-to-month,DSL,No,No,Electronic check,49.1,5209,1,1,0.7153,High Risk
8180-AKMJV,1,Month-to-month,DSL,No,No,Credit card (automatic),44.55,5825,0,1,0.715,High Risk
3932-CMDTD,4,One year,Fiber optic,Yes,No,Electronic check,105.65,4663,1,1,0.7149,High Risk
6180-YBIQI,5,Month-to-month,DSL,No,No,Mailed check,24.3,4015,0,1,0.7148,High Risk
6135-OZQVA,7,Month-to-month,DSL,No,Yes,Electronic check,53.65,4389,0,1,0.7148,High Risk
3733-LSYCE,15,Month-to-month,Fiber optic,No,No,Bank transfer (automatic),75.35,4891,0,1,0.7148,High Risk
2782-LFZVW,11,Month-to-month,DSL,No,No,Mailed check,58.95,3880,0,1,0.7145,High Risk
2378-VTKDH,65,Month-to-month,Fiber optic,No,No,Electronic check,104.35,4073,0,1,0.7142,High Risk
4678-DVQEO,1,Month-to-month,DSL,Yes,No,Electronic check,52.2,4138,1,1,0.714,High Risk
1329-VHWNP,7,Month-to-month,DSL,No,No,Bank transfer (automatic),25.05,4404,0,1,0.7139,High Risk
5895-QSXOD,9,Month-to-month,Fiber optic,No,No,Mailed check,70.05,3522,0,1,0.7139,High Risk
7233-DRTRF,63,Month-to-month,Fiber optic,No,No,Electronic check,102.4,5096,0,1,0.7138,High Risk
4847-QNOKA,1,Month-to-month,DSL,No,No,Bank transfer (automatic),44.9,2632,1,1,0.7137,High Risk
0141-YEAYS,27,Month-to-month,Fiber optic,No,No,Bank transfer (automatic),86.45,5990,0,1,0.7136,High Risk
8601-QACRS,5,Month-to-month,DSL,No,No,Mailed check,50.6,2353,1,1,0.7133,High Risk
4760-THGOT,43,Month-to-month,Fiber optic,No,Yes,Electronic check,94.1,4392,0,1,0.7133,High Risk
4558-FANTW,17,Month-to-month,Fiber optic,Yes,Yes,Electronic check,91.85,5643,1,1,0.7127,High Risk
5461-QKNTN,43,Month-to-month,Fiber optic,Yes,No,Electronic check,94.3,2040,0,1,0.7127,High Risk
3969-GYXEL,11,Month-to-month,Fiber optic,No,Yes,Electronic check,76.4,4033,0,1,0.7127,High Risk
3716-UVSPD,1,Month-to-month,DSL,Yes,No,Electronic check,49.3,4209,0,1,0.7126,High Risk
1818-ESQMW,27,Month-to-month,Fiber optic,Yes,No,Electronic check,89.2,4384,0,1,0.7125,High Risk
2085-BOJKI,17,One year,Fiber optic,No,No,Bank transfer (automatic),96.65,5228,0,1,0.7124,High Risk
5404-GGUKR,5,Month-to-month,DSL,No,No,Electronic check,51.35,2893,0,1,0.7123,High Risk
3058-WQDRE,13,Month-to-month,DSL,No,No,Bank transfer (automatic),25.15,4943,0,1,0.7121,High Risk
0927-LCSMG,7,Month-to-month,Fiber optic,No,No,Mailed check,74.65,3331,1,1,0.7118,High Risk
3804-RVTGV,50,Month-to-month,Fiber optic,No,No,Bank transfer (automatic),103.85,5812,1,1,0.7117,High Risk
6625-UTXEW,12,Month-to-month,DSL,No,No,Electronic check,51.25,3097,0,1,0.7115,High Risk
8887-IPQNC,7,Month-to-month,DSL,No,No,Mailed check,44.25,5014,0,1,0.7114,High Risk
3976-BWUCK,30,Month-to-month,Fiber optic,Yes,No,Credit card (automatic),94.1,5255,1,1,0.7114,High Risk
2874-YXVVA,34,Month-to-month,Fiber optic,Yes,No,Electronic check,105.1,3941,0,1,0.7111,High Risk
6595-COKXZ,1,Month-to-month,DSL,No,No,Mailed check,44.45,4879,1,1,0.7111,High Risk
2640-PMGFL,27,Month-to-month,Fiber optic,Yes,No,Electronic check,79.5,2518,1,1,0.7111,High Risk
3943-KDREE,26,Month-to-month,Fiber optic,No,No,Bank transfer (automatic),74.95,2934,1,1,0.711,High Risk
4526-ZJJTM,25,Month-to-month,Fiber optic,No,No,Bank transfer (automatic),88.4,4849,0,1,0.7106,High Risk
5099-BAILX,43,Month-to-month,Fiber optic,Yes,No,Bank transfer (automatic),110.75,2728,1,1,0.7104,High Risk
9058-CBREO,1,Month-to-month,DSL,No,No,Mailed check,50.55,3357,1,1,0.7104,High Risk
9381-NDKME,24,Month-to-month,DSL,No,No,Credit card (automatic),40.65,3843,1,1,0.7101,High Risk
5886-VLQVU,35,Month-to-month,Fiber optic,Yes,No,Bank transfer (automatic),89.85,4945,0,1,0.7101,High Risk
2275-RBYQS,1,Month-to-month,DSL,No,No,Mailed check,45.4,4916,0,1,0.71,High Risk
0397-GZBBC,59,Month-to-month,Fiber optic,No,No,Bank transfer (automatic),93.85,5390,1,1,0.71,High Risk
1689-MRZQR,34,Month-to-month,Fiber optic,No,No,Electronic check,78.3,2777,1,1,0.7099,High Risk
0504-HHAPI,27,Month-to-month,Fiber optic,No,No,Credit card (automatic),88.3,2420,1,1,0.7096,High Risk
9214-EKVXR,1,Month-to-month,DSL,No,No,Mailed check,44.0,4138,0,1,0.7092,High Risk
6635-CPNUN,28,Month-to-month,Fiber optic,No,No,Credit card (automatic),96.6,5530,0,1,0.7092,High Risk
0623-IIHUG,21,Month-to-month,DSL,No,Yes,Electronic check,41.9,4778,1,1,0.7085,High Risk
9272-LSVYH,10,Month-to-month,Fiber optic,No,No,Mailed check,70.15,3963,0,1,0.7084,High Risk
0322-CHQRU,2,Month-to-month,DSL,No,No,Electronic check,45.35,3478,1,1,0.7079,High Risk
8988-ECPJR,34,Month-to-month,Fiber optic,No,No,Mailed check,79.6,3980,1,1,0.7078,High Risk
8158-WPEZG,11,Month-to-month,DSL,Yes,No,Electronic check,35.65,4986,0,1,0.7075,High Risk
7181-OQCUT,21,Month-to-month,Fiber optic,No,Yes,Mailed check,103.85,4520,0,1,0.7074,High Risk
4237-RLAQD,1,Month-to-month,DSL,No,No,Mailed check,45.85,5930,1,1,0.7073,High Risk
9450-TRJUU,35,Month-to-month,Fiber optic,No,No,Electronic check,83.15,2332,0,1,0.7073,High Risk
9777-WJJPR,31,Month-to-month,Fiber optic,No,No,Credit card (automatic),88.65,4821,0,1,0.7068,High Risk
1597-FZREH,2,Month-to-month,DSL,Yes,No,Electronic check,76.4,3005,1,1,0.7068,High Risk
2038-LLMLM,48,Month-to-month,Fiber optic,Yes,No,Electronic check,103.85,4304,0,1,0.7065,High Risk
7129-CAKJW,17,Month-to-month,Fiber optic,No,No,Bank transfer (automatic),80.05,3443,0,1,0.7065,High Risk
9979-RGMZT,7,One year,Fiber optic,No,No,Mailed check,94.05,5545,0,1,0.7064,High Risk
1251-KRREG,2,Month-to-month,DSL,No,No,Mailed check,54.4,2556,1,1,0.7064,High Risk
3587-PMCOY,10,One year,Fiber optic,No,Yes,Electronic check,98.9,4614,0,1,0.7062,High Risk
8019-ENHXU,42,Month-to-month,Fiber optic,Yes,No,Electronic check,99.45,4624,1,1,0.7061,High Risk
1469-LBJQJ,66,Month-to-month,Fiber optic,No,No,Electronic check,105.2,4016,0,1,0.7061,High Risk
5609-IMCGG,15,Month-to-month,Fiber optic,No,Yes,Credit card (automatic),84.35,3314,0,1,0.7059,High Risk
2372-HWUHI,2,Month-to-month,DSL,No,No,Electronic check,44.35,2570,1,1,0.7058,High Risk
7663-RGWBC,1,Month-to-month,DSL,No,No,Mailed check,44.15,4773,1,1,0.7057,High Risk
3023-GFLBR,33,Month-to-month,Fiber optic,No,No,Credit card (automatic),86.15,3336,1,1,0.7055,High Risk
7268-IGMFD,18,Month-to-month,Fiber optic,Yes,No,Bank transfer (automatic),93.9,3728,0,1,0.7054,High Risk
5968-VXZLG,2,Month-to-month,DSL,No,No,Bank transfer (automatic),46.6,5096,0,1,0.7053,High Risk
0430-IHCDJ,15,Month-to-month,DSL,No,No,Electronic check,49.0,2597,0,1,0.7051,High Risk
8468-EHYJA,57,Month-to-month,Fiber optic,No,Yes,Electronic check,99.65,5106,0,1,0.705,High Risk
7798-JVXYM,14,Month-to-month,DSL,Yes,No,Electronic check,69.65,5351,0,1,0.7048,High Risk
2826-DXLQO,7,Month-to-month,DSL,No,Yes,Bank transfer (automatic),29.8,2587,0,1,0.7048,High Risk
2894-QOJRX,25,Month-to-month,DSL,No,No,Bank transfer (automatic),34.0,5024,1,1,0.7045,High Risk
1849-RJYIG,8,Month-to-month,DSL,No,Yes,Electronic check,60.0,5862,0,1,0.7045,High Risk
0836-SEYLU,9,Month-to-month,DSL,Yes,No,Mailed check,40.65,4800,1,1,0.7045,High Risk
7636-OWBPG,12,Month-to-month,DSL,No,No,Credit card (automatic),29.35,3606,0,1,0.7044,High Risk
3352-ALMCK,40,Month-to-month,Fiber optic,No,No,Mailed check,102.65,3655,0,1,0.7043,High Risk
3374-LXDEV,13,Month-to-month,Fiber optic,Yes,No,Electronic check,89.4,2226,1,1,0.7043,High Risk
0082-LDZUE,1,Month-to-month,DSL,No,No,Mailed check,44.3,4427,0,1,0.7043,High Risk
9474-PHLYD,15,Month-to-month,DSL,No,No,Electronic check,59.45,5129,1,1,0.7042,High Risk
4931-TRZWN,13,Month-to-month,DSL,No,Yes,Electronic check,71.95,3605,0,1,0.7041,High Risk
5502-RLUYV,69,Month-to-month,Fiber optic,No,No,Electronic check,103.95,4283,1,1,0.7039,High Risk
0374-IOEGQ,3,Month-to-month,DSL,No,No,Electronic check,44.6,3122,0,1,0.7038,High Risk
7065-YUNRY,1,Month-to-month,DSL,No,No,Mailed check,45.3,3049,1,1,0.7038,High Risk
5047-LHVLY,1,Month-to-month,DSL,No,No,Mailed check,50.15,3438,1,1,0.7033,High Risk
2587-EKXTS,44,Month-to-month,Fiber optic,No,Yes,Electronic check,111.5,2827,0,1,0.7028,High Risk
7881-INRLC,45,Month-to-month,Fiber optic,No,No,Credit card (automatic),100.85,4898,1,1,0.7027,High Risk
7377-DMMRI,2,Month-to-month,DSL,No,Yes,Electronic check,47.8,4134,1,1,0.7025,High Risk
8272-ONJLV,12,One year,Fiber optic,No,No,Electronic check,95.7,5527,0,1,0.7023,High Risk
4430-UZIPO,3,Month-to-month,DSL,Yes,No,Mailed check,36.85,5825,1,1,0.7023,High Risk
3278-FSIXX,2,Month-to-month,DSL,No,No,Mailed check,45.25,5441,0,1,0.7023,High Risk
3627-FHKBK,1,Month-to-month,Fiber optic,No,Yes,Mailed check,75.3,3244,1,1,0.7022,High Risk
1323-OOEPC,53,Month-to-month,Fiber optic,No,No,Credit card (automatic),98.4,6481,1,1,0.702,High Risk
9576-SYUHJ,37,Month-to-month,Fiber optic,No,Yes,Electronic check,91.15,3194,0,1,0.7018,High Risk
7641-EUYET,46,Month-to-month,Fiber optic,No,Yes,Electronic check,100.7,5712,1,1,0.7016,High Risk
0365-GXEZS,18,Month-to-month,Fiber optic,Yes,No,Electronic check,78.2,2831,0,1,0.7013,High Risk
3005-NFMTA,55,Month-to-month,Fiber optic,No,Yes,Electronic check,98.8,5543,1,1,0.701,High Risk
5692-FPTAH,1,Month-to-month,DSL,No,No,Mailed check,45.4,2168,1,1,0.7006,High Risk
4680-KUTAJ,11,Month-to-month,DSL,No,Yes,Electronic check,55.6,5014,0,1,0.7005,High Risk
4958-GZWIY,7,Month-to-month,DSL,No,No,Electronic check,48.7,2984,1,1,0.7001,High Risk
2105-PHWON,33,Month-to-month,Fiber optic,Yes,No,Credit card (automatic),95.0,4639,0,1,0.7,High Risk
9469-WEJBT,37,Month-to-month,Fiber optic,Yes,No,Electronic check,90.35,3347,0,1,0.7,High Risk
9889-TMAHG,8,Month-to-month,Fiber optic,Yes,Yes,Credit card (automatic),100.3,5084,1,1,0.6998,High Risk
4065-JJAVA,1,Month-to-month,DSL,No,No,Electronic check,49.5,5262,0,1,0.6997,High Risk
9117-SHLZX,1,Month-to-month,DSL,No,No,Mailed check,45.7,3571,1,1,0.6994,High Risk
8950-MTZNV,1,Month-to-month,DSL,No,No,Mailed check,44.95,3256,0,1,0.6994,High Risk
4671-LXRDQ,2,Month-to-month,DSL,No,No,Mailed check,45.0,5704,1,1,0.6992,High Risk
2195-ZRVAX,47,Month-to-month,Fiber optic,No,No,Electronic check,85.3,3631,1,1,0.6992,High Risk
4566-GOLUK,47,Month-to-month,Fiber optic,Yes,No,Bank transfer (automatic),107.35,3620,1,1,0.699,High Risk
1471-GIQKQ,1,Month-to-month,DSL,No,No,Electronic check,49.95,5230,0,1,0.6989,High Risk
0621-TWIEM,10,Month-to-month,DSL,No,No,Electronic check,45.55,4097,1,1,0.6988,High Risk
3137-LUPIX,4,Month-to-month,DSL,Yes,No,Mailed check,64.4,3334,0,1,0.6987,High Risk
9793-WECQC,23,Month-to-month,Fiber optic,No,No,Mailed check,95.3,5029,0,1,0.6986,High Risk
3566-HJGPK,1,Month-to-month,DSL,No,No,Mailed check,45.55,3173,0,1,0.6983,High Risk
1230-QAJDW,3,Month-to-month,DSL,Yes,No,Mailed check,65.25,2562,0,1,0.6982,High Risk
3094-JOJAI,18,Month-to-month,Fiber optic,No,No,Mailed check,74.15,2643,0,1,0.6978,High Risk
1320-REHCS,52,Month-to-month,Fiber optic,Yes,No,Electronic check,110.75,4993,0,1,0.6975,High Risk
0207-MDKNV,15,Month-to-month,Fiber optic,Yes,Yes,Electronic check,105.1,2122,1,1,0.6975,High Risk
5696-QURRL,1,Month-to-month,DSL,No,No,Mailed check,45.05,2644,1,1,0.6971,High Risk
1875-QIVME,2,Month-to-month,Fiber optic,Yes,No,Electronic check,104.4,4690,1,1,0.6969,High Risk
6710-HSJRD,61,Month-to-month,Fiber optic,Yes,No,Electronic check,114.1,5239,0,1,0.6969,High Risk
8710-YGLWG,1,Month-to-month,DSL,No,No,Mailed check,44.9,2451,0,1,0.6967,High Risk
5175-WLYXL,22,Month-to-month,Fiber optic,No,No,Mailed check,78.85,2444,0,1,0.6963,High Risk
1644-IRKSF,33,One year,Fiber optic,No,No,Electronic check,93.8,5080,1,1,0.696,High Risk
5133-POWUA,1,Month-to-month,DSL,No,No,Mailed check,45.8,2614,0,1,0.696,High Risk
7758-XKCBS,15,Month-to-month,DSL,Yes,No,Electronic check,29.7,5518,1,1,0.6959,High Risk
0093-XWZFY,40,Month-to-month,Fiber optic,No,No,Credit card (automatic),104.5,2832,1,1,0.6956,High Risk
2476-YGEFM,29,Month-to-month,Fiber optic,No,No,Credit card (automatic),76.0,5324,0,1,0.6953,High Risk
1310-QRITU,18,Month-to-month,DSL,No,No,Electronic check,50.3,5877,0,1,0.6952,High Risk
0887-HJGAR,1,Month-to-month,DSL,No,No,Mailed check,45.7,2295,1,1,0.695,High Risk
6656-JWRQX,1,Month-to-month,DSL,Yes,No,Mailed check,30.55,5565,0,1,0.6949,High Risk
6745-JEFZB,35,Month-to-month,Fiber optic,Yes,No,Credit card (automatic),91.5,3617,0,1,0.6949,High Risk
3323-CPBWR,23,Month-to-month,Fiber optic,Yes,No,Credit card (automatic),96.9,3875,0,1,0.6949,High Risk
7410-OIEDU,10,Month-to-month,Fiber optic,No,Yes,Mailed check,79.85,5983,0,1,0.6946,High Risk
5392-AKEMH,12,Month-to-month,DSL,No,No,Electronic check,45.05,5624,0,1,0.6943,High Risk
1855-AGAWH,31,One year,Fiber optic,No,No,Electronic check,93.8,2510,0,1,0.6938,High Risk
9281-OFDMF,39,Month-to-month,Fiber optic,No,No,Electronic check,90.7,5028,0,1,0.6938,High Risk
4465-VDKIQ,18,Month-to-month,Fiber optic,No,No,Electronic check,77.8,4228,0,1,0.6936,High Risk
2018-QKYGT,1,Month-to-month,Fiber optic,No,No,Electronic check,81.05,4396,0,1,0.6935,High Risk
6741-EGCBI,30,Month-to-month,Fiber optic,No,Yes,Credit card (automatic),90.5,5983,0,1,0.693,High Risk
4550-VBOFE,70,Month-to-month,Fiber optic,No,No,Electronic check,102.95,5005,1,1,0.6924,High Risk
9448-REEVD,1,Month-to-month,DSL,No,No,Credit card (automatic),44.7,3700,1,1,0.6922,High Risk
5365-LLFYV,2,Month-to-month,DSL,No,No,Mailed check,45.85,2245,0,1,0.6922,High Risk
5515-RUGKN,8,Month-to-month,DSL,No,No,Credit card (automatic),54.75,5317,0,1,0.6921,High Risk
3737-XBQDD,24,Month-to-month,Fiber optic,No,No,Bank transfer (automatic),84.85,2941,0,1,0.6921,High Risk
5173-WXOQV,2,Month-to-month,DSL,Yes,No,Mailed check,64.2,4369,0,1,0.692,High Risk
6689-KXGBO,1,Month-to-month,DSL,No,No,Electronic check,50.55,3420,1,1,0.6918,High Risk
6946-LMSQS,25,One year,Fiber optic,No,Yes,Electronic check,89.05,2673,1,1,0.6917,High Risk
7982-VCELR,36,Month-to-month,Fiber optic,No,No,Credit card (automatic),94.8,2807,0,1,0.6911,High Risk
3714-NTNFO,49,Month-to-month,Fiber optic,No,No,Electronic check,84.5,6434,0,1,0.691,High Risk
0015-UOCOJ,7,Month-to-month,DSL,No,Yes,Electronic check,48.2,5525,0,1,0.6909,High Risk
6988-CJEYV,49,Month-to-month,Fiber optic,No,No,Electronic check,98.7,6148,0,1,0.6909,High Risk
0420-BWTPW,8,Month-to-month,DSL,No,No,Mailed check,25.5,5578,1,1,0.6908,High Risk
6227-HWPWX,15,Month-to-month,Fiber optic,No,No,Bank transfer (automatic),69.0,5671,1,1,0.69,High Risk
7752-XUSCI,60,Month-to-month,Fiber optic,No,No,Electronic check,105.9,4105,1,1,0.69,High Risk
6985-HAYWX,26,Month-to-month,Fiber optic,No,No,Bank transfer (automatic),79.3,5168,0,1,0.6898,High Risk
6646-JPPHA,14,Month-to-month,Fiber optic,No,Yes,Electronic check,78.85,5327,0,1,0.6896,High Risk
7529-ZDFXI,57,Month-to-month,Fiber optic,No,No,Electronic check,89.85,4429,0,1,0.6895,High Risk
1442-BQPVU,13,Month-to-month,DSL,No,No,Electronic check,29.15,2876,0,1,0.6894,High Risk
4523-WXCEF,59,Month-to-month,Fiber optic,No,No,Electronic check,101.1,4160,1,1,0.6893,High Risk
7277-OZCGZ,22,Month-to-month,Fiber optic,Yes,Yes,Electronic check,89.05,5479,0,1,0.6892,High Risk
9026-RNUJS,5,Month-to-month,DSL,No,No,Electronic check,50.35,4618,1,1,0.6892,High Risk
2573-GYRUU,48,Month-to-month,Fiber optic,No,No,Credit card (automatic),91.05,3594,0,1,0.6889,High Risk
5673-TIYIB,2,Month-to-month,DSL,Yes,No,Credit card (automatic),40.4,3620,1,1,0.6887,High Risk
1660-HSOOQ,1,Month-to-month,DSL,No,No,Mailed check,49.65,5338,1,1,0.6886,High Risk
2108-XWMPY,3,Month-to-month,DSL,No,Yes,Mailed check,35.45,2095,1,1,0.688,High Risk
2657-VPXTA,10,Month-to-month,Fiber optic,No,No,Electronic check,88.85,4531,0,1,0.688,High Risk
5515-AKOAJ,54,Month-to-month,Fiber optic,Yes,No,Electronic check,100.1,5763,1,1,0.688,High Risk
1142-WACZW,2,Month-to-month,DSL,Yes,No,Bank transfer (automatic),29.85,4268,1,1,0.6878,High Risk
9708-HPXWZ,5,Month-to-month,DSL,Yes,No,Credit card (automatic),45.4,2599,0,1,0.6878,High Risk
5999-LCXAO,1,Month-to-month,DSL,No,Yes,Mailed check,29.9,4155,0,1,0.6877,High Risk
7841-TZDMQ,2,Month-to-month,DSL,No,No,Credit card (automatic),46.0,2667,1,1,0.6874,High Risk
7579-OOPEC,2,Month-to-month,DSL,No,No,Credit card (automatic),50.15,5461,1,1,0.6871,High Risk
3688-FTHLT,16,Month-to-month,DSL,No,No,Bank transfer (automatic),63.05,3214,0,1,0.687,High Risk
6172-FECYY,49,Month-to-month,Fiber optic,No,No,Electronic check,84.5,4639,1,1,0.687,High Risk
9526-JAWYF,26,Month-to-month,Fiber optic,No,No,Electronic check,89.8,3452,1,1,0.6868,High Risk
2207-NHRJK,1,Month-to-month,DSL,No,No,Electronic check,50.8,3718,1,1,0.6868,High Risk
1049-FYSYG,17,Month-to-month,DSL,No,No,Credit card (automatic),35.65,5977,0,1,0.6866,High Risk
8257-RZAHR,14,Month-to-month,DSL,No,Yes,Bank transfer (automatic),64.7,4049,1,1,0.6863,High Risk
1816-FLZDK,1,Month-to-month,DSL,Yes,No,Mailed check,29.15,3923,0,1,0.6854,High Risk
6394-MFYNG,48,Month-to-month,Fiber optic,No,No,Bank transfer (automatic),107.4,4956,1,1,0.6854,High Risk
7547-EKNFS,42,Month-to-month,Fiber optic,No,No,Bank transfer (automatic),95.25,2075,1,1,0.685,High Risk
2277-VWCNI,4,Month-to-month,DSL,No,No,Mailed check,48.75,3048,0,1,0.6847,High Risk
3005-TYFRD,55,Month-to-month,Fiber optic,No,No,Credit card (automatic),103.65,4768,0,1,0.6846,High Risk
9732-EQMWY,49,Month-to-month,Fiber optic,No,No,Electronic check,99.4,4725,0,1,0.6844,High Risk
8280-MQRQN,1,Month-to-month,DSL,No,No,Mailed check,50.45,2806,1,1,0.6843,High Risk
5175-AOBHI,4,Month-to-month,DSL,No,No,Mailed check,46.0,5246,1,1,0.6842,High Risk
6218-KNUBD,6,Month-to-month,DSL,No,No,Electronic check,59.45,2393,0,1,0.684,High Risk
9522-BNTHX,34,Month-to-month,DSL,No,No,Electronic check,56.25,5597,0,1,0.684,High Risk
7963-GQRMY,3,Month-to-month,DSL,No,No,Mailed check,44.3,4903,1,1,0.6837,High Risk
2103-ZRXFN,1,Month-to-month,DSL,No,No,Mailed check,50.75,3631,0,1,0.6835,High Risk
1465-LNTLJ,8,Month-to-month,DSL,Yes,No,Credit card (automatic),64.4,4537,0,1,0.6832,High Risk
8824-RWFXJ,3,Month-to-month,DSL,No,No,Mailed check,56.15,2539,1,1,0.6831,High Risk
5419-JKZNQ,30,Month-to-month,Fiber optic,No,No,Mailed check,77.9,2009,0,1,0.6829,High Risk
3345-PBBFH,8,Month-to-month,DSL,No,No,Bank transfer (automatic),49.55,5922,0,1,0.682,High Risk
9714-EDSUC,4,Month-to-month,Fiber optic,Yes,Yes,Mailed check,94.9,3094,0,1,0.6818,High Risk
4273-MBHYA,1,Month-to-month,Fiber optic,No,No,Electronic check,89.35,2432,0,1,0.6816,High Risk
9305-CDSKC,8,Month-to-month,Fiber optic,No,No,Electronic check,99.65,5372,1,1,0.6815,High Risk
7929-DMBCV,20,Month-to-month,Fiber optic,Yes,No,Mailed check,81.0,4741,0,1,0.6814,High Risk
9348-YVOMK,4,Month-to-month,DSL,No,No,Credit card (automatic),44.8,5565,0,1,0.6812,High Risk
1907-YLNYW,8,Month-to-month,DSL,No,Yes,Electronic check,66.7,4490,0,1,0.6809,High Risk
2178-PMGCJ,22,Month-to-month,Fiber optic,No,No,Mailed check,69.7,4838,0,1,0.6804,High Risk
9631-XEYKE,3,Month-to-month,DSL,No,No,Bank transfer (automatic),50.4,4639,0,1,0.6803,High Risk
0829-XXPLX,20,Month-to-month,Fiber optic,No,Yes,Bank transfer (automatic),89.4,2098,0,1,0.6799,High Risk
3014-WJKSM,29,Month-to-month,Fiber optic,No,No,Credit card (automatic),75.3,4910,0,1,0.6795,High Risk
8096-LOIST,19,Month-to-month,DSL,No,No,Electronic check,56.2,3384,0,1,0.6795,High Risk
9526-BIHHD,1,Month-to-month,DSL,No,Yes,Mailed check,29.7,3383,1,1,0.6795,High Risk
2189-UXTKY,22,Month-to-month,DSL,Yes,Yes,Electronic check,79.2,3410,1,1,0.6794,High Risk
9667-TKTVZ,2,Month-to-month,DSL,Yes,No,Mailed check,54.35,4916,0,1,0.6793,High Risk
7813-ZGGAW,31,Month-to-month,Fiber optic,Yes,No,Bank transfer (automatic),96.6,3364,0,1,0.6792,High Risk
6022-UGGSO,32,Month-to-month,Fiber optic,No,No,Electronic check,74.4,2091,1,1,0.6791,High Risk
3658-KIBGF,1,Month-to-month,DSL,No,Yes,Electronic check,54.9,2833,1,1,0.6791,High Risk
8229-TNIQA,4,Month-to-month,DSL,No,No,Mailed check,45.3,3443,1,1,0.679,High Risk
2100-BDNSN,5,Month-to-month,DSL,Yes,No,Bank transfer (automatic),67.95,3889,1,1,0.679,High Risk
2037-XJFUP,33,One year,Fiber optic,No,No,Electronic check,95.8,4161,1,1,0.679,High Risk
5168-MSWXT,8,Month-to-month,Fiber optic,No,No,Electronic check,94.75,5505,0,1,0.6788,High Risk
1635-FJFCC,5,Month-to-month,DSL,No,No,Credit card (automatic),44.05,5846,0,1,0.6788,High Risk
0641-EVBOJ,3,Month-to-month,Fiber optic,Yes,Yes,Mailed check,82.3,5755,0,1,0.6787,High Risk
2040-VZIKE,49,Month-to-month,Fiber optic,No,Yes,Mailed check,100.85,5417,0,1,0.6781,High Risk
5568-DMXZS,8,Month-to-month,DSL,Yes,No,Electronic check,65.45,5227,0,1,0.6778,High Risk
1261-FWTTE,23,Month-to-month,DSL,No,No,Bank transfer (automatic),34.65,2307,0,1,0.6778,High Risk
3761-FLYZI,65,Month-to-month,Fiber optic,No,No,Bank transfer (automatic),108.8,5225,0,1,0.6774,High Risk
2873-ZLIWT,40,Month-to-month,Fiber optic,Yes,No,Electronic check,84.85,5764,1,1,0.6772,High Risk
9169-BSVIN,12,Month-to-month,DSL,No,No,Bank transfer (automatic),74.75,3521,0,1,0.6772,High Risk
4636-JGAAI,34,Month-to-month,Fiber optic,No,No,Mailed check,88.85,4014,0,1,0.677,High Risk
2856-NNASM,43,Month-to-month,Fiber optic,No,No,Mailed check,89.55,3802,1,1,0.6767,High Risk
5055-MGMGF,65,Month-to-month,Fiber optic,No,Yes,Electronic check,105.05,5313,0,1,0.6766,High Risk
6633-MPWBS,5,Month-to-month,DSL,Yes,No,Electronic check,49.2,4336,1,1,0.6766,High Risk
6204-IEUXJ,3,Month-to-month,Fiber optic,Yes,No,Credit card (automatic),80.1,4330,1,1,0.6765,High Risk
0356-ERHVT,11,Month-to-month,DSL,No,No,Bank transfer (automatic),45.9,3880,0,1,0.6763,High Risk
2988-PLAHS,3,One year,DSL,No,No,Electronic check,69.95,2754,0,1,0.676,High Risk
6416-YJTTB,11,Month-to-month,Fiber optic,No,Yes,Bank transfer (automatic),79.5,2278,0,1,0.676,High Risk
5312-UXESG,41,Month-to-month,Fiber optic,No,No,Bank transfer (automatic),98.05,5614,0,1,0.6759,High Risk
9667-EQRXU,30,Month-to-month,DSL,No,No,Electronic check,40.3,3016,1,1,0.6759,High Risk
6862-CQUMB,37,Month-to-month,Fiber optic,No,No,Credit card (automatic),96.1,2640,0,1,0.6759,High Risk
6770-XUAGN,1,Month-to-month,No,No internet service,No internet service,Electronic check,21.0,3753,1,1,0.6758,High Risk
9029-FEGVJ,32,Month-to-month,Fiber optic,No,No,Mailed check,79.3,5242,0,1,0.6757,High Risk
1548-FEHVL,61,Month-to-month,Fiber optic,No,Yes,Electronic check,106.2,6298,0,1,0.6754,High Risk
2712-SYWAY,1,Month-to-month,No,No internet service,No internet service,Electronic check,25.7,5249,0,1,0.6753,High Risk
2792-LSHWX,1,Month-to-month,Fiber optic,Yes,Yes,Mailed check,83.4,5960,0,1,0.6753,High Risk
3191-CSNMG,3,Month-to-month,Fiber optic,No,No,Electronic check,80.7,2081,0,1,0.6747,High Risk
4727-MCYZG,1,Month-to-month,DSL,No,No,Mailed check,55.55,2207,0,1,0.6744,High Risk
7774-OJSXI,31,One year,Fiber optic,No,No,Electronic check,103.45,5387,1,1,0.6743,High Risk
6128-AQBMT,41,Month-to-month,DSL,No,No,Electronic check,53.95,3920,0,1,0.674,High Risk
6825-UYPFK,23,Month-to-month,Fiber optic,No,No,Bank transfer (automatic),75.6,2115,1,1,0.674,High Risk
8802-UNOJF,12,Month-to-month,Fiber optic,Yes,No,Mailed check,83.8,5565,1,1,0.6738,High Risk
8496-EJAUI,19,Month-to-month,Fiber optic,No,No,Credit card (automatic),73.85,2251,1,1,0.6735,High Risk
8058-DMYRU,54,Month-to-month,Fiber optic,No,No,Electronic check,90.05,5232,0,1,0.6734,High Risk
8901-HJXTF,12,Month-to-month,DSL,No,No,Mailed check,29.2,3747,1,1,0.6733,High Risk
6771-XWBDM,57,Month-to-month,Fiber optic,No,No,Credit card (automatic),104.5,4471,1,1,0.6732,High Risk
3197-ARFOY,19,Month-to-month,Fiber optic,Yes,Yes,Mailed check,105.0,3524,0,1,0.673,High Risk
0431-APWVY,28,One year,Fiber optic,No,No,Bank transfer (automatic),90.1,5958,1,1,0.6729,High Risk
2506-CLAKW,6,Month-to-month,Fiber optic,Yes,Yes,Bank transfer (automatic),98.15,3578,1,1,0.6726,High Risk
4976-LNFVV,19,Month-to-month,DSL,No,No,Credit card (automatic),34.3,4615,0,1,0.6726,High Risk
4811-JBUVU,30,Month-to-month,Fiber optic,Yes,No,Credit card (automatic),89.9,3233,0,1,0.6725,High Risk
4948-WBBKL,36,Month-to-month,Fiber optic,No,No,Bank transfer (automatic),74.9,5041,0,1,0.6725,High Risk
1228-ZLNBX,21,Month-to-month,Fiber optic,No,No,Mailed check,75.3,2847,0,1,0.6724,High Risk
5046-NUHWD,29,Month-to-month,DSL,No,Yes,Electronic check,45.0,3094,0,1,0.6724,High Risk
3466-RITXD,26,Month-to-month,Fiber optic,No,Yes,Credit card (automatic),92.4,5461,0,1,0.6718,High Risk
6845-RGTYS,47,Month-to-month,Fiber optic,No,Yes,Electronic check,98.75,4622,1,1,0.6717,High Risk
7627-JKIAZ,37,Month-to-month,Fiber optic,No,No,Credit card (automatic),78.95,3982,1,1,0.6716,High Risk
2257-BOVXD,14,Month-to-month,DSL,Yes,No,Credit card (automatic),66.6,3516,0,1,0.6709,High Risk
4860-IJUDE,13,Month-to-month,Fiber optic,No,Yes,Credit card (automatic),73.75,2070,0,1,0.6708,High Risk
1845-ZLLIG,1,Month-to-month,DSL,No,No,Mailed check,50.15,4014,0,1,0.6708,High Risk
5299-RULOA,10,Month-to-month,Fiber optic,No,Yes,Electronic check,100.25,5998,1,1,0.6706,High Risk
7504-UWHNB,25,Month-to-month,Fiber optic,No,No,Electronic check,69.75,3080,0,1,0.6706,High Risk
0311-QYWSS,6,Month-to-month,DSL,No,Yes,Electronic check,49.45,3672,0,1,0.6703,High Risk
6259-WJQLC,32,Month-to-month,Fiber optic,No,No,Credit card (automatic),81.1,2143,0,1,0.6702,High Risk
4883-QICIH,32,Month-to-month,Fiber optic,No,No,Bank transfer (automatic),69.75,2356,1,1,0.6701,High Risk
5649-RXQTV,51,Month-to-month,Fiber optic,No,No,Electronic check,99.0,5787,0,1,0.67,High Risk
0118-JPNOY,26,Month-to-month,Fiber optic,No,Yes,Credit card (automatic),85.8,5700,0,1,0.6699,High Risk
2049-BAFNW,1,Month-to-month,DSL,Yes,No,Mailed check,35.9,3929,0,1,0.6698,High Risk
3331-HQDTW,34,Month-to-month,Fiber optic,No,Yes,Mailed check,109.8,3410,1,1,0.6696,High Risk
5118-MUEYH,48,Month-to-month,Fiber optic,Yes,No,Credit card (automatic),105.1,3109,0,1,0.6696,High Risk
0468-YRPXN,29,Month-to-month,Fiber optic,Yes,No,Credit card (automatic),98.8,4580,0,1,0.6694,High Risk
0003-MKNFE,9,Month-to-month,DSL,No,No,Mailed check,59.9,5414,0,1,0.669,High Risk
2027-WKXMW,63,Month-to-month,Fiber optic,Yes,No,Electronic check,108.75,4582,0,1,0.6687,High Risk
1587-FKLZB,66,Month-to-month,Fiber optic,No,No,Credit card (automatic),99.5,4479,1,1,0.6686,High Risk
6786-OBWQR,5,Month-to-month,Fiber optic,No,No,Electronic check,80.85,5109,0,1,0.6684,High Risk
1842-EZJMK,50,Month-to-month,Fiber optic,Yes,No,Electronic check,103.7,5897,1,1,0.6682,High Risk
6038-GCYEC,24,Month-to-month,DSL,No,No,Credit card (automatic),54.15,5153,1,1,0.6682,High Risk
0463-ZSDNT,10,Month-to-month,DSL,No,No,Bank transfer (automatic),56.75,2037,0,1,0.6681,High Risk
1226-UDFZR,2,Month-to-month,DSL,No,No,Mailed check,49.6,3599,1,1,0.6678,High Risk
9992-UJOEL,2,Month-to-month,DSL,No,No,Mailed check,50.3,5870,0,1,0.6678,High Risk
3194-ORPIK,50,Month-to-month,Fiber optic,No,No,Bank transfer (automatic),84.4,5135,1,1,0.6677,High Risk
3413-BMNZE,1,Month-to-month,DSL,No,No,Bank transfer (automatic),45.25,3144,0,1,0.6677,High Risk
5027-XWQHA,6,Month-to-month,DSL,No,No,Electronic check,44.75,2087,1,1,0.6677,High Risk
8806-EAGWC,3,Month-to-month,DSL,No,No,Mailed check,55.15,5698,1,1,0.667,High Risk
4522-AKYLR,13,Month-to-month,DSL,No,No,Electronic check,54.8,5557,0,1,0.667,High Risk
9584-EXCDZ,17,Month-to-month,Fiber optic,No,No,Bank transfer (automatic),70.5,3650,0,1,0.667,High Risk
4840-ORQXB,56,Month-to-month,Fiber optic,No,No,Electronic check,104.75,5128,0,1,0.667,High Risk
0596-BQCEQ,62,Month-to-month,Fiber optic,No,No,Electronic check,100.15,4120,1,1,0.6669,High Risk
4905-JEFDW,11,One year,DSL,No,No,Electronic check,41.6,3119,1,1,0.6669,High Risk
1853-ARAAQ,26,Month-to-month,DSL,No,No,Credit card (automatic),50.35,2510,0,1,0.6669,High Risk
6789-HJBWG,12,Month-to-month,DSL,No,No,Electronic check,49.4,5007,0,1,0.6669,High Risk
4831-EOBFE,29,Month-to-month,Fiber optic,No,Yes,Credit card (automatic),94.65,5150,1,1,0.6664,High Risk
1481-ZUWZA,28,Month-to-month,Fiber optic,No,Yes,Credit card (automatic),94.5,5433,1,1,0.666,High Risk
6075-SLNIL,38,Month-to-month,Fiber optic,No,No,Credit card (automatic),95.1,5393,0,1,0.6658,High Risk
3097-NNSPB,2,Month-to-month,DSL,No,No,Credit card (automatic),49.05,2960,1,1,0.6658,High Risk
9210-IAHGH,7,Month-to-month,DSL,Yes,No,Credit card (automatic),70.75,2248,1,1,0.6655,High Risk
9578-VRMNM,16,Month-to-month,DSL,No,No,Credit card (automatic),65.2,4722,1,1,0.6654,High Risk
1427-VERSM,56,Month-to-month,Fiber optic,Yes,No,Electronic check,98.7,5141,0,1,0.665,High Risk
2360-RDGRO,65,Month-to-month,Fiber optic,No,Yes,Electronic check,104.25,5089,0,1,0.6649,High Risk
4109-CYRBD,29,Month-to-month,DSL,No,No,Electronic check,51.6,5495,0,1,0.6643,High Risk
9530-EHPOH,11,Month-to-month,DSL,No,No,Electronic check,53.75,3407,1,1,0.6636,High Risk
8387-MOJJT,42,Month-to-month,Fiber optic,No,No,Credit card (automatic),77.95,5396,1,1,0.6631,High Risk
1728-CXQBE,64,Month-to-month,Fiber optic,No,No,Electronic check,94.25,6020,0,1,0.663,High Risk
4226-KKDON,8,Month-to-month,DSL,Yes,No,Electronic check,66.65,3804,0,1,0.6629,High Risk
0257-ZESQC,27,Month-to-month,Fiber optic,No,Yes,Bank transfer (automatic),75.2,4517,1,1,0.6628,High Risk
8773-HHUOZ,17,Month-to-month,DSL,No,No,Mailed check,64.7,3022,1,1,0.662,High Risk
1025-FALIX,26,Month-to-month,Fiber optic,No,No,Credit card (automatic),69.05,5379,0,1,0.6617,High Risk
4918-QLLIW,3,Month-to-month,DSL,No,No,Credit card (automatic),53.4,2755,1,1,0.6616,High Risk
7000-WCEVQ,20,Month-to-month,DSL,No,No,Mailed check,61.6,3866,1,1,0.6612,High Risk
2067-QYTCF,64,Month-to-month,Fiber optic,Yes,No,Electronic check,111.15,5455,0,1,0.6612,High Risk
1928-BXYIV,1,Month-to-month,DSL,No,Yes,Electronic check,61.15,4592,0,1,0.6611,High Risk
2207-QPJED,37,Month-to-month,Fiber optic,Yes,No,Electronic check,90.0,4048,0,1,0.6608,High Risk
7130-YXBRO,48,Month-to-month,Fiber optic,No,Yes,Bank transfer (automatic),111.45,2319,0,1,0.6608,High Risk
4176-FXYBO,54,Month-to-month,Fiber optic,No,Yes,Electronic check,109.55,6130,0,1,0.6607,High Risk
4193-ORFCL,1,Month-to-month,DSL,No,No,Mailed check,45.1,2740,1,1,0.6607,High Risk
3569-EDBPQ,24,Month-to-month,Fiber optic,Yes,Yes,Electronic check,84.35,2198,0,1,0.6607,High Risk
8242-JSVBO,7,Month-to-month,DSL,No,No,Bank transfer (automatic),44.65,4300,0,1,0.6601,High Risk
1095-JUDTC,47,Month-to-month,Fiber optic,Yes,No,Electronic check,95.05,5214,1,1,0.6601,High Risk
9462-MJUAW,4,Month-to-month,DSL,No,No,Mailed check,50.4,4399,1,1,0.66,High Risk
4690-LLKUA,17,Month-to-month,DSL,No,No,Electronic check,45.05,3797,1,1,0.6598,High Risk
4471-KXAUH,42,Month-to-month,Fiber optic,Yes,No,Electronic check,84.3,2514,1,1,0.6595,High Risk
9261-WDCAF,3,Month-to-month,DSL,No,No,Mailed check,54.65,2168,0,1,0.6595,High Risk
4080-IIARD,13,Month-to-month,DSL,Yes,Yes,Electronic check,76.2,2569,0,1,0.6592,High Risk
5301-GAUUY,32,Month-to-month,Fiber optic,No,No,Bank transfer (automatic),80.35,5974,1,1,0.6587,High Risk
9108-EJFJP,1,Month-to-month,DSL,No,Yes,Mailed check,53.55,4504,0,1,0.6584,High Risk
8623-TMRBY,51,Month-to-month,Fiber optic,No,No,Electronic check,84.2,6245,1,1,0.6582,High Risk
6847-KJLTS,58,Month-to-month,Fiber optic,Yes,No,Bank transfer (automatic),100.4,4005,0,1,0.6577,High Risk
6304-IJFSQ,3,Month-to-month,DSL,No,No,Mailed check,49.9,5585,1,1,0.6574,High Risk
4208-UFFGW,2,Month-to-month,DSL,No,No,Mailed check,44.95,5900,1,1,0.6568,High Risk
8982-NHAVY,27,One year,Fiber optic,No,No,Bank transfer (automatic),100.5,5939,0,1,0.6568,High Risk
6923-EFPNL,4,Month-to-month,DSL,No,No,Credit card (automatic),51.75,3865,1,1,0.6566,High Risk
8069-YQQAJ,14,Month-to-month,DSL,No,No,Mailed check,31.1,3448,0,1,0.6563,High Risk
1685-BQULA,40,Month-to-month,Fiber optic,No,No,Bank transfer (automatic),93.4,3819,0,1,0.6561,High Risk
5146-CBVOE,16,Month-to-month,Fiber optic,No,No,Bank transfer (automatic),75.1,5176,0,1,0.6559,High Risk
3583-KRKMD,18,Month-to-month,Fiber optic,Yes,No,Bank transfer (automatic),75.9,4668,0,1,0.6558,High Risk
0407-BDJKB,60,Month-to-month,Fiber optic,No,No,Electronic check,95.75,4129,1,1,0.6558,High Risk
0533-BNWKF,55,Month-to-month,Fiber optic,No,No,Electronic check,85.45,5502,1,1,0.6557,High Risk
8840-DQLGN,35,Month-to-month,Fiber optic,Yes,Yes,Bank transfer (automatic),100.5,4745,1,1,0.6555,High Risk
6133-OZILE,18,Month-to-month,DSL,Yes,No,Electronic check,35.2,5381,0,1,0.6555,High Risk
7905-TVXTA,5,Month-to-month,DSL,Yes,Yes,Electronic check,64.35,4771,0,1,0.6555,High Risk
4439-YRNVD,10,Month-to-month,DSL,Yes,No,Electronic check,36.25,4571,0,1,0.6549,High Risk
4248-HCETZ,30,Month-to-month,Fiber optic,No,No,Mailed check,79.65,2174,1,1,0.6546,High Risk
7554-AKDQF,6,Month-to-month,DSL,No,No,Mailed check,45.65,4227,0,1,0.6544,High Risk
2272-UOINI,7,Month-to-month,DSL,Yes,Yes,Electronic check,78.5,3601,0,1,0.654,High Risk
2474-LCNUE,23,Month-to-month,DSL,Yes,No,Credit card (automatic),73.65,2590,0,1,0.6537,High Risk
4695-VADHF,18,Month-to-month,DSL,No,No,Electronic check,57.45,2989,1,1,0.6536,High Risk
1421-HCERK,30,Month-to-month,Fiber optic,Yes,Yes,Bank transfer (automatic),105.7,2455,0,1,0.6532,High Risk
3692-JHONH,52,One year,Fiber optic,No,No,Electronic check,106.5,4499,0,1,0.6531,High Risk
3446-QDSZF,4,Month-to-month,DSL,No,No,Credit card (automatic),55.5,2328,0,1,0.653,High Risk
6029-CSMJE,17,Month-to-month,DSL,No,No,Mailed check,25.65,3090,0,1,0.6525,High Risk
3500-RMZLT,15,Month-to-month,Fiber optic,Yes,Yes,Mailed check,96.3,2933,1,1,0.6525,High Risk
5839-SUYVZ,16,Month-to-month,Fiber optic,Yes,No,Credit card (automatic),74.55,2893,0,1,0.6525,High Risk
9314-IJWSQ,14,Month-to-month,Fiber optic,No,No,Electronic check,84.8,2452,0,1,0.6521,High Risk
2960-NKRSO,24,Month-to-month,Fiber optic,Yes,No,Electronic check,85.95,5421,0,1,0.6519,High Risk
6145-NNPNO,1,Month-to-month,DSL,No,No,Bank transfer (automatic),44.15,3103,0,1,0.6518,High Risk
8544-GOQSH,14,Month-to-month,Fiber optic,Yes,No,Credit card (automatic),80.05,4400,0,1,0.6517,High Risk
3351-NGXYI,16,Month-to-month,DSL,No,Yes,Electronic check,54.1,2276,0,1,0.6516,High Risk
6410-LEFEN,9,Month-to-month,DSL,No,No,Electronic check,45.15,3757,1,1,0.6513,High Risk
0461-CVKMU,23,Month-to-month,Fiber optic,Yes,No,Electronic check,83.8,5737,1,1,0.6512,High Risk
1976-AZZPJ,7,Month-to-month,DSL,No,Yes,Mailed check,34.2,5100,0,1,0.6511,High Risk
0531-ZZJWQ,55,Month-to-month,Fiber optic,No,No,Electronic check,74.0,4958,0,1,0.6511,High Risk
2519-ERQOJ,33,Month-to-month,DSL,Yes,No,Electronic check,54.6,5322,0,1,0.651,High Risk
6233-HXJMX,45,Month-to-month,Fiber optic,No,No,Credit card (automatic),89.3,5470,0,1,0.6509,High Risk
4343-EJVQB,7,Month-to-month,Fiber optic,No,Yes,Mailed check,74.35,2463,0,1,0.6508,High Risk
0623-GDISB,1,Month-to-month,DSL,No,Yes,Bank transfer (automatic),48.45,5838,0,1,0.6508,High Risk
1895-QTKDO,1,Month-to-month,DSL,No,No,Credit card (automatic),43.95,5684,0,1,0.6508,High Risk
8327-LZKAS,43,One year,Fiber optic,Yes,No,Electronic check,107.55,4423,1,1,0.6507,High Risk
5712-AHQNN,43,Month-to-month,Fiber optic,No,No,Electronic check,91.65,3826,0,1,0.6506,High Risk
5302-BDJNT,35,Month-to-month,Fiber optic,Yes,No,Electronic check,95.5,3715,0,1,0.6502,High Risk
8751-EDEKA,28,Month-to-month,Fiber optic,No,No,Credit card (automatic),89.9,3676,0,1,0.6501,High Risk
8654-DHAOW,2,Month-to-month,DSL,No,No,Mailed check,54.15,3527,0,1,0.6501,High Risk
0374-AACSZ,1,Month-to-month,DSL,No,Yes,Electronic check,50.15,4421,0,1,0.6499,High Risk
8286-AFUYI,1,Month-to-month,DSL,No,Yes,Electronic check,47.95,5092,0,1,0.6496,High Risk
6927-WTFIV,20,Month-to-month,Fiber optic,No,No,Credit card (automatic),71.3,3684,1,1,0.6494,High Risk
9819-FBNSV,37,Month-to-month,Fiber optic,No,No,Bank transfer (automatic),72.25,4121,0,1,0.6488,High Risk
6614-VBEGU,24,Month-to-month,DSL,No,No,Bank transfer (automatic),69.45,4208,0,1,0.6488,High Risk
1169-WCVAK,19,Month-to-month,Fiber optic,Yes,Yes,Credit card (automatic),88.8,4600,0,1,0.6486,High Risk
6624-JDRDS,6,Month-to-month,DSL,No,Yes,Bank transfer (automatic),29.45,4391,0,1,0.6482,High Risk
5707-ORNDZ,9,Month-to-month,DSL,No,Yes,Electronic check,54.55,4656,1,1,0.6481,High Risk
4391-LNRXK,22,Month-to-month,Fiber optic,Yes,No,Bank transfer (automatic),94.95,4242,0,1,0.647,High Risk
4280-DLSHD,8,Month-to-month,DSL,No,No,Mailed check,54.75,4099,0,1,0.647,High Risk
6207-WIOLX,25,Month-to-month,DSL,No,Yes,Credit card (automatic),58.6,4190,1,1,0.6465,High Risk
0822-QGCXA,27,Month-to-month,DSL,Yes,No,Electronic check,83.85,5907,0,1,0.6464,High Risk
5816-SCGFC,7,Month-to-month,DSL,No,No,Mailed check,51.3,3660,0,1,0.6462,High Risk
6234-PFPXL,22,Month-to-month,Fiber optic,Yes,Yes,Credit card (automatic),95.9,3207,0,1,0.6461,High Risk
0455-XFASS,3,Month-to-month,Fiber optic,No,No,Electronic check,69.55,5998,0,1,0.646,High Risk
5018-GWURO,56,Month-to-month,Fiber optic,No,No,Bank transfer (automatic),85.6,6483,0,1,0.6459,High Risk
9158-VCTQB,41,Month-to-month,Fiber optic,Yes,Yes,Bank transfer (automatic),113.6,4963,1,1,0.6459,High Risk
0475-RIJEP,43,Month-to-month,Fiber optic,No,No,Electronic check,77.85,5107,1,1,0.6457,High Risk
3932-IJWDZ,45,Month-to-month,Fiber optic,Yes,No,Bank transfer (automatic),103.65,2183,0,1,0.6453,High Risk
9174-FKWZE,1,Month-to-month,No,No internet service,No internet service,Electronic check,19.45,3848,1,1,0.6451,High Risk
2770-NSVDG,24,Month-to-month,DSL,No,No,Electronic check,29.1,4636,0,1,0.6451,High Risk
2208-UGTGR,56,Month-to-month,Fiber optic,No,No,Electronic check,98.6,5601,0,1,0.6446,High Risk
1559-DTODC,19,Month-to-month,DSL,No,No,Bank transfer (automatic),25.15,3784,0,1,0.6446,High Risk
1658-BYGOY,18,Month-to-month,Fiber optic,No,No,Electronic check,95.45,3179,1,1,0.6445,High Risk
5016-ETTFF,10,Month-to-month,DSL,No,No,Mailed check,29.5,3797,1,1,0.6444,High Risk
4829-AUOAX,46,Month-to-month,Fiber optic,No,No,Bank transfer (automatic),96.05,2712,1,1,0.6444,High Risk
0585-EGDDA,40,Month-to-month,Fiber optic,No,No,Electronic check,80.0,2478,0,1,0.6443,High Risk
7054-LGEQW,1,Month-to-month,DSL,No,No,Mailed check,45.95,4888,1,1,0.6439,High Risk
8782-LKFPK,44,Month-to-month,Fiber optic,No,No,Mailed check,90.4,4751,0,1,0.6438,High Risk
0508-OOLTO,2,Month-to-month,Fiber optic,No,No,Electronic check,71.65,3916,0,1,0.6435,High Risk
7481-ATQQS,49,Month-to-month,Fiber optic,No,No,Credit card (automatic),90.85,5651,1,1,0.6434,High Risk
1550-LOAHA,32,Month-to-month,Fiber optic,No,No,Bank transfer (automatic),84.15,4017,1,1,0.6433,High Risk
0587-DMGBH,8,Month-to-month,DSL,No,Yes,Electronic check,49.85,2269,1,1,0.6429,High Risk
2615-YVMYX,71,Month-to-month,Fiber optic,No,Yes,Electronic check,107.5,5775,0,1,0.6428,High Risk
6711-VTNRE,36,Month-to-month,Fiber optic,Yes,No,Electronic check,87.55,2558,1,1,0.6428,High Risk
2672-OJQZP,1,Month-to-month,DSL,No,No,Mailed check,44.75,4118,0,1,0.6427,High Risk
5057-LCOUI,39,Month-to-month,DSL,No,No,Electronic check,50.75,4119,1,1,0.6425,High Risk
7252-NTGSS,1,Month-to-month,DSL,No,No,Mailed check,45.15,4131,0,1,0.6422,High Risk
0422-UXFAP,51,One year,Fiber optic,No,No,Electronic check,98.85,6034,0,1,0.6421,High Risk
4307-KWMXE,10,Month-to-month,DSL,Yes,No,Electronic check,35.75,2263,0,1,0.642,High Risk
7754-IXRMC,1,Month-to-month,DSL,No,No,Mailed check,45.35,3980,0,1,0.6413,High Risk
1047-NNCBF,20,Month-to-month,Fiber optic,No,No,Credit card (automatic),70.55,5790,0,1,0.6413,High Risk
0106-GHRQR,16,Month-to-month,DSL,No,No,Bank transfer (automatic),71.4,3360,0,1,0.6411,High Risk
6817-WTYHE,2,Month-to-month,DSL,No,No,Bank transfer (automatic),44.9,4370,0,1,0.641,High Risk
3085-QUOZK,1,Month-to-month,DSL,No,No,Mailed check,43.95,3238,1,1,0.6406,High Risk
6986-IJDHX,39,Month-to-month,Fiber optic,No,No,Mailed check,86.3,3364,1,1,0.6404,High Risk
2219-MVUSO,8,Month-to-month,DSL,No,No,Mailed check,45.15,3721,1,1,0.6401,High Risk
9659-QEQSY,45,Month-to-month,Fiber optic,Yes,Yes,Electronic check,115.65,3974,0,1,0.6401,High Risk
3503-TYDAY,43,Month-to-month,Fiber optic,No,No,Electronic check,80.45,5357,0,1,0.6401,High Risk
3594-KADLU,3,Month-to-month,DSL,Yes,Yes,Mailed check,35.1,3610,0,1,0.64,High Risk
5949-HGVJL,26,Month-to-month,DSL,Yes,No,Electronic check,73.05,2753,0,1,0.64,High Risk
7693-LCKZL,5,Month-to-month,Fiber optic,No,No,Electronic check,80.15,5124,1,1,0.64,High Risk
2302-ANTDP,48,Month-to-month,Fiber optic,Yes,Yes,Electronic check,117.45,5915,1,1,0.64,High Risk
5649-TJHOV,27,Month-to-month,DSL,No,No,Bank transfer (automatic),36.5,4564,1,1,0.64,High Risk
6582-OIVSP,1,Month-to-month,DSL,No,No,Mailed check,45.3,3575,0,1,0.6399,High Risk
0415-MOSGF,1,Month-to-month,DSL,No,No,Mailed check,44.4,3204,1,1,0.6398,High Risk
7055-HNEOJ,3,Month-to-month,DSL,Yes,No,Mailed check,55.8,2662,0,1,0.6398,High Risk
4146-SVFUD,1,Month-to-month,DSL,No,No,Mailed check,44.6,4864,0,1,0.6396,High Risk
5536-SLHPM,55,Month-to-month,Fiber optic,No,No,Electronic check,77.75,4398,1,1,0.6388,High Risk
7312-XSBAT,1,Month-to-month,DSL,No,Yes,Electronic check,49.75,2908,0,1,0.6387,High Risk
6591-QGOYB,17,Month-to-month,Fiber optic,Yes,Yes,Bank transfer (automatic),106.65,2754,0,1,0.6386,High Risk
8775-CEBBJ,9,Month-to-month,DSL,No,No,Bank transfer (automatic),44.2,2029,1,1,0.6385,High Risk
2842-JTCCU,2,Month-to-month,DSL,No,No,Bank transfer (automatic),46.05,4662,1,1,0.6383,High Risk
0730-KOAVE,30,Month-to-month,Fiber optic,No,Yes,Credit card (automatic),94.3,4219,0,1,0.6382,High Risk
6362-QHAFM,42,One year,Fiber optic,Yes,No,Electronic check,108.3,5106,0,1,0.638,High Risk
9281-PKKZE,46,Month-to-month,DSL,No,No,Electronic check,43.95,4818,0,1,0.6377,High Risk
3452-ABWRL,47,Month-to-month,Fiber optic,No,No,Credit card (automatic),86.05,5527,0,1,0.6376,High Risk
1848-LBZHY,7,Month-to-month,DSL,No,Yes,Bank transfer (automatic),50.3,2547,0,1,0.6375,High Risk
4993-JCRGJ,26,Month-to-month,Fiber optic,Yes,No,Mailed check,84.3,5471,0,1,0.6373,High Risk
7760-OYPDY,2,Month-to-month,Fiber optic,No,No,Electronic check,80.65,5586,1,1,0.6372,High Risk
9170-CCKOU,17,Month-to-month,Fiber optic,No,Yes,Credit card (automatic),90.2,2026,1,1,0.637,High Risk
9780-FKVVF,6,Month-to-month,DSL,No,Yes,Bank transfer (automatic),59.15,3613,0,1,0.6368,High Risk
7927-AUXBZ,30,Month-to-month,Fiber optic,Yes,No,Electronic check,85.15,4417,1,1,0.6368,High Risk
6908-VVYHM,65,Month-to-month,Fiber optic,No,No,Electronic check,90.65,6358,0,1,0.6365,High Risk
4824-GUCBY,22,Month-to-month,Fiber optic,No,Yes,Electronic check,81.7,5602,0,1,0.6365,High Risk
7272-QDCKA,28,One year,Fiber optic,No,No,Electronic check,100.2,5137,0,1,0.6365,High Risk
2833-SLKDQ,1,Month-to-month,DSL,No,No,Mailed check,45.05,4094,1,1,0.6361,High Risk
5813-UECBU,33,Month-to-month,Fiber optic,No,No,Credit card (automatic),83.85,2583,1,1,0.6361,High Risk
5919-TMRGD,1,Month-to-month,Fiber optic,No,No,Electronic check,79.35,2483,1,1,0.636,High Risk
5201-USSQZ,26,Month-to-month,Fiber optic,Yes,No,Credit card (automatic),85.9,4038,0,1,0.6357,High Risk
3669-OYSJI,1,Month-to-month,DSL,No,No,Credit card (automatic),46.2,4167,1,1,0.6356,High Risk
4223-WOZCM,2,Month-to-month,DSL,No,No,Mailed check,49.95,5251,0,1,0.6356,High Risk
3838-OZURD,66,Month-to-month,Fiber optic,No,No,Credit card (automatic),105.0,5723,1,1,0.6355,High Risk
7075-BNDVQ,4,Month-to-month,DSL,No,Yes,Mailed check,35.0,3523,0,1,0.6353,High Risk
5172-MIGPM,4,Month-to-month,DSL,Yes,No,Mailed check,65.55,5707,0,1,0.6351,High Risk
6982-SSHFK,1,Month-to-month,DSL,No,No,Mailed check,44.4,3522,1,1,0.6349,High Risk
2403-BCASL,41,One year,Fiber optic,Yes,No,Electronic check,111.95,3711,1,1,0.6347,High Risk
5858-EAFCZ,1,Month-to-month,DSL,No,No,Mailed check,44.45,3498,0,1,0.6347,High Risk
6168-YBYNP,59,Month-to-month,Fiber optic,Yes,No,Electronic check,111.35,6047,0,1,0.6346,High Risk
3426-NIYYL,15,Month-to-month,DSL,No,No,Electronic check,51.55,2087,1,1,0.6345,High Risk
2432-TFSMK,18,One year,Fiber optic,No,No,Credit card (automatic),89.6,2269,0,1,0.6342,High Risk
5213-TWWJU,28,Month-to-month,Fiber optic,Yes,No,Electronic check,91.0,2448,0,1,0.6342,High Risk
6549-NNDYT,13,Month-to-month,DSL,No,Yes,Bank transfer (automatic),30.85,2444,0,1,0.634,High Risk
6429-SHBCB,19,Month-to-month,DSL,No,No,Mailed check,69.6,3349,0,1,0.6338,High Risk
5424-RLQLC,10,Month-to-month,DSL,No,No,Mailed check,59.65,2385,0,1,0.6334,High Risk
1794-HBQTJ,1,Month-to-month,DSL,No,Yes,Credit card (automatic),48.6,4207,1,1,0.6334,High Risk
3207-OYBWH,57,Month-to-month,Fiber optic,No,No,Bank transfer (automatic),95.25,6259,1,1,0.6334,High Risk
3208-YPIOE,39,Month-to-month,Fiber optic,No,No,Electronic check,75.25,4696,1,1,0.6332,High Risk
4329-YPDDQ,20,Month-to-month,Fiber optic,Yes,Yes,Bank transfer (automatic),108.2,2102,0,1,0.6327,High Risk
8725-JEDFD,27,Month-to-month,Fiber optic,No,No,Mailed check,69.05,3241,0,1,0.6327,High Risk
5671-UUNXD,50,One year,Fiber optic,Yes,No,Electronic check,100.65,5791,0,1,0.6326,High Risk
0322-YINQP,1,Month-to-month,DSL,No,Yes,Mailed check,48.55,5687,1,1,0.6319,High Risk
9812-GHVRI,40,Month-to-month,Fiber optic,No,No,Bank transfer (automatic),83.85,4294,0,1,0.6306,High Risk
9732-KPKBW,1,Month-to-month,DSL,Yes,Yes,Electronic check,53.95,2771,1,1,0.6304,High Risk
4983-CLMLV,52,Month-to-month,Fiber optic,Yes,No,Credit card (automatic),102.7,4044,0,1,0.6303,High Risk
3923-CSIHK,50,Month-to-month,Fiber optic,No,No,Electronic check,71.05,5746,1,1,0.6302,High Risk
7593-XFKDI,1,Month-to-month,DSL,No,No,Mailed check,46.3,3017,1,1,0.6301,High Risk
9774-NRNAU,27,Month-to-month,DSL,Yes,No,Bank transfer (automatic),84.8,5352,0,1,0.6296,High Risk
3589-PPVKW,9,Month-to-month,DSL,No,No,Mailed check,44.4,5457,0,1,0.6294,High Risk
3956-CJUST,23,Month-to-month,Fiber optic,No,Yes,Bank transfer (automatic),75.4,2491,0,1,0.6292,High Risk
0404-SWRVG,3,Month-to-month,Fiber optic,No,No,Electronic check,74.4,4415,1,1,0.629,High Risk
3509-GWQGF,24,Month-to-month,Fiber optic,No,No,Credit card (automatic),70.0,5242,0,1,0.6287,High Risk
7145-FEJWU,12,Month-to-month,Fiber optic,No,No,Electronic check,105.3,5913,0,1,0.6287,High Risk
9244-ZVAPM,1,Month-to-month,DSL,No,No,Mailed check,45.6,2352,0,1,0.6286,High Risk
9112-WSNPU,35,Month-to-month,Fiber optic,No,No,Electronic check,70.55,5873,0,1,0.6283,High Risk
6173-GOLSU,67,Month-to-month,Fiber optic,No,No,Credit card (automatic),94.65,4228,0,1,0.6281,High Risk
4432-ADRLB,2,Month-to-month,DSL,No,No,Mailed check,44.65,4655,1,1,0.628,High Risk
1357-BIJKI,50,One year,Fiber optic,No,No,Electronic check,98.25,5154,0,1,0.6273,High Risk
1205-WNWPJ,7,Month-to-month,DSL,Yes,No,Mailed check,59.5,4661,1,1,0.6273,High Risk
9489-UTFKA,8,Month-to-month,DSL,No,Yes,Bank transfer (automatic),60.9,2136,0,1,0.6272,High Risk
8450-UYIBU,35,Month-to-month,DSL,No,No,Electronic check,39.85,2030,0,1,0.6272,High Risk
8124-NZVGJ,6,One year,DSL,Yes,No,Mailed check,49.25,2979,0,1,0.6265,High Risk
9373-WSLOY,33,Month-to-month,DSL,Yes,No,Electronic check,50.0,5600,0,1,0.6263,High Risk
0380-NEAVX,34,One year,Fiber optic,No,No,Electronic check,99.85,5626,0,1,0.6262,High Risk
7459-RRWQZ,15,Month-to-month,DSL,No,Yes,Bank transfer (automatic),64.65,4780,1,1,0.6261,High Risk
0094-OIFMO,11,Month-to-month,Fiber optic,No,No,Electronic check,95.0,5980,1,1,0.6252,High Risk
9761-XUJWD,5,Month-to-month,DSL,Yes,No,Bank transfer (automatic),65.6,5636,0,1,0.625,High Risk
5698-BQJOH,9,Month-to-month,Fiber optic,No,No,Electronic check,94.4,5571,1,1,0.6248,High Risk
7876-BEUTG,15,Month-to-month,DSL,No,No,Mailed check,48.8,2577,0,1,0.6247,High Risk
8623-ULFNQ,26,Month-to-month,DSL,Yes,No,Electronic check,66.05,3225,0,1,0.6244,High Risk
3058-HJCUY,41,One year,Fiber optic,Yes,No,Electronic check,102.6,2098,1,1,0.6241,High Risk
2898-LSJGD,21,One year,DSL,No,Yes,Electronic check,55.95,5531,1,1,0.6239,High Risk
1862-SKORY,40,Month-to-month,DSL,No,No,Electronic check,39.3,2296,1,1,0.6238,High Risk
3842-QTGDL,16,Month-to-month,Fiber optic,No,Yes,Bank transfer (automatic),80.75,2942,0,1,0.6238,High Risk
1501-SGHBW,2,Month-to-month,DSL,No,No,Mailed check,45.85,3843,1,1,0.6234,High Risk
7343-EOBEU,3,Month-to-month,No,No internet service,No internet service,Mailed check,23.6,5587,0,1,0.6233,High Risk
5438-QMDDL,19,Month-to-month,DSL,No,No,Mailed check,59.8,3652,0,1,0.6227,High Risk
4320-QMLLA,7,Month-to-month,DSL,No,No,Mailed check,54.85,3481,0,1,0.6224,High Risk
2157-MXBJS,13,One year,DSL,No,No,Mailed check,75.3,4800,1,1,0.622,High Risk
8734-DKSTZ,10,Month-to-month,Fiber optic,No,No,Electronic check,85.95,4922,0,1,0.6219,High Risk
2014-MKGMH,46,One year,Fiber optic,No,No,Electronic check,101.1,4883,0,1,0.6217,High Risk
0363-QJVFX,32,Month-to-month,Fiber optic,Yes,Yes,Credit card (automatic),108.15,2541,1,1,0.6216,High Risk
1891-FZYSA,69,Month-to-month,Fiber optic,No,No,Electronic check,89.95,6363,1,1,0.6216,High Risk
0668-OGMHD,21,Month-to-month,DSL,No,Yes,Electronic check,28.5,3766,0,1,0.6216,High Risk
6143-JQKEA,10,Month-to-month,DSL,No,No,Credit card (automatic),45.8,5586,0,1,0.6216,High Risk
2869-ADAWR,45,Month-to-month,Fiber optic,No,No,Credit card (automatic),89.3,4880,1,1,0.6214,High Risk
8660-BUETV,3,Month-to-month,DSL,No,No,Mailed check,44.75,3422,0,1,0.6213,High Risk
6844-DZKRF,2,Month-to-month,DSL,Yes,No,Credit card (automatic),50.2,4697,0,1,0.6211,High Risk
7905-NJMXS,7,Month-to-month,DSL,Yes,Yes,Electronic check,64.2,5116,0,1,0.6207,High Risk
1552-AAGRX,30,Month-to-month,Fiber optic,Yes,Yes,Bank transfer (automatic),106.4,5503,0,1,0.6207,High Risk
8757-TFHHJ,1,Month-to-month,DSL,No,Yes,Credit card (automatic),49.8,2978,0,1,0.6206,High Risk
8535-SFUTN,61,Month-to-month,Fiber optic,No,Yes,Electronic check,106.45,4842,0,1,0.6204,High Risk
5816-QVHRX,37,Month-to-month,Fiber optic,Yes,No,Credit card (automatic),100.3,4040,0,1,0.62,High Risk
5394-SVGJV,37,Month-to-month,Fiber optic,Yes,No,Bank transfer (automatic),98.8,3066,1,1,0.6194,High Risk
2144-BFDSO,50,Month-to-month,Fiber optic,No,Yes,Bank transfer (automatic),108.75,5211,0,1,0.6193,High Risk
1564-HJUVY,4,Month-to-month,DSL,Yes,No,Bank transfer (automatic),63.75,2624,0,1,0.6188,High Risk
5778-BVOFB,9,Month-to-month,DSL,Yes,No,Bank transfer (automatic),59.5,4011,0,1,0.6188,High Risk
3946-MHCZW,1,Month-to-month,DSL,No,No,Mailed check,50.9,5111,1,1,0.6184,High Risk
6888-SBYAI,1,Month-to-month,DSL,No,Yes,Mailed check,50.7,3007,0,1,0.6184,High Risk
1600-DILPE,12,Month-to-month,DSL,No,No,Bank transfer (automatic),45.0,4998,0,1,0.6181,High Risk
4067-HLYQI,33,Month-to-month,Fiber optic,No,No,Bank transfer (automatic),70.4,4860,0,1,0.618,High Risk
0867-LDTTC,5,Month-to-month,DSL,Yes,No,Bank transfer (automatic),75.15,5900,0,1,0.6176,High Risk
0348-SDKOL,58,Month-to-month,Fiber optic,Yes,No,Credit card (automatic),102.1,4415,1,1,0.6175,High Risk
2669-OIDSD,48,Month-to-month,Fiber optic,Yes,No,Credit card (automatic),100.05,3468,0,1,0.6173,High Risk
3001-UNBTL,29,Month-to-month,Fiber optic,No,No,Electronic check,103.95,3733,0,1,0.6172,High Risk
0979-PHULV,69,Month-to-month,Fiber optic,No,No,Credit card (automatic),99.45,4020,1,1,0.6172,High Risk
3580-REOAC,10,Month-to-month,DSL,No,No,Credit card (automatic),44.85,4061,1,1,0.6171,High Risk
6537-OTKMY,15,One year,DSL,No,No,Electronic check,50.75,5091,0,1,0.6167,High Risk
3325-FUYCG,28,One year,Fiber optic,No,Yes,Electronic check,106.1,3770,1,1,0.6163,High Risk
8229-MYEJZ,10,Month-to-month,DSL,No,No,Electronic check,51.2,5765,0,1,0.6162,High Risk
9776-CLUJA,51,Month-to-month,Fiber optic,No,Yes,Electronic check,77.5,5748,1,1,0.6155,High Risk
0295-QVKPB,5,Month-to-month,DSL,Yes,No,Credit card (automatic),63.95,3099,0,1,0.6155,High Risk
7794-JASDG,1,Month-to-month,DSL,No,Yes,Mailed check,50.75,2250,0,1,0.6153,High Risk
7009-LGECI,4,Month-to-month,DSL,No,Yes,Bank transfer (automatic),50.55,4164,0,1,0.615,High Risk
8178-EYZUO,46,Month-to-month,Fiber optic,No,Yes,Electronic check,93.7,3378,1,1,0.6147,High Risk
4061-UKJWL,3,Month-to-month,DSL,No,No,Mailed check,45.45,3666,0,1,0.6144,High Risk
0107-WESLM,1,Month-to-month,No,No internet service,No internet service,Electronic check,19.85,3874,1,1,0.6142,High Risk
0924-BJCRC,60,Month-to-month,Fiber optic,No,No,Electronic check,89.45,4340,0,1,0.6141,High Risk
5981-ZVXOT,35,One year,Fiber optic,No,Yes,Electronic check,108.35,5139,0,1,0.614,High Risk
2181-UAESM,2,Month-to-month,DSL,No,Yes,Electronic check,53.45,3477,0,1,0.614,High Risk
4554-YGZIH,49,Month-to-month,Fiber optic,No,No,Credit card (automatic),90.05,5059,1,1,0.6139,High Risk
2386-OWURY,58,Month-to-month,Fiber optic,Yes,No,Electronic check,95.3,6460,0,1,0.6139,High Risk
9873-MNDKV,11,Month-to-month,DSL,No,No,Mailed check,44.65,4492,0,1,0.6139,High Risk
3808-HFKDE,20,Month-to-month,DSL,No,No,Electronic check,44.35,3460,0,1,0.6138,High Risk
3258-SANFR,6,Month-to-month,DSL,No,No,Credit card (automatic),44.7,4270,0,1,0.6134,High Risk
2632-UCGVD,66,Month-to-month,Fiber optic,Yes,No,Credit card (automatic),100.05,4512,1,1,0.6133,High Risk
7850-VWJUU,23,Month-to-month,Fiber optic,No,Yes,Bank transfer (automatic),75.0,2221,0,1,0.6131,High Risk
8800-JOOCF,12,Month-to-month,Fiber optic,No,No,Electronic check,84.05,4621,0,1,0.6131,High Risk
3717-LNXKW,38,Month-to-month,Fiber optic,No,Yes,Bank transfer (automatic),91.7,3676,0,1,0.6129,High Risk
6726-WEXXK,27,One year,Fiber optic,No,Yes,Electronic check,85.9,5755,0,1,0.6128,High Risk
6982-UQZLY,1,Month-to-month,No,No internet service,No internet service,Mailed check,20.85,3817,1,1,0.6127,High Risk
5133-VRSAB,8,Month-to-month,DSL,No,Yes,Mailed check,29.35,5369,0,1,0.6117,High Risk
1763-WQFUK,3,Month-to-month,DSL,Yes,No,Mailed check,50.5,5258,0,1,0.6114,High Risk
5649-VUKMC,12,One year,Fiber optic,No,No,Mailed check,95.5,3538,1,1,0.6113,High Risk
8749-JMNKX,51,Month-to-month,Fiber optic,No,Yes,Bank transfer (automatic),93.8,4788,1,1,0.6112,High Risk
8016-NCFVO,55,Month-to-month,Fiber optic,Yes,Yes,Electronic check,116.5,4222,0,1,0.6111,High Risk
0856-NAOES,6,Month-to-month,DSL,No,No,Mailed check,60.9,2191,0,1,0.6107,High Risk
7112-OPOTK,33,Month-to-month,Fiber optic,No,No,Electronic check,68.25,5647,1,1,0.6099,High Risk
5154-VEKBL,9,Month-to-month,DSL,Yes,Yes,Mailed check,58.5,3032,1,1,0.6097,High Risk
0060-FUALY,59,Month-to-month,Fiber optic,No,Yes,Electronic check,94.75,5238,0,1,0.6094,High Risk
2011-TRQYE,18,Month-to-month,DSL,No,No,Credit card (automatic),33.5,5474,1,1,0.6092,High Risk
8564-LDKFL,40,One year,Fiber optic,No,No,Bank transfer (automatic),106.0,5118,0,1,0.6092,High Risk
8404-FYDIB,26,Month-to-month,Fiber optic,No,Yes,Credit card (automatic),86.65,4469,0,1,0.6091,High Risk
7950-XWOVN,11,Month-to-month,DSL,No,No,Mailed check,34.7,4310,0,1,0.6076,High Risk
3859-CVCET,4,Month-to-month,DSL,No,No,Mailed check,45.65,2864,1,1,0.6075,High Risk
3566-VVORZ,12,Month-to-month,DSL,No,No,Bank transfer (automatic),45.9,5790,0,1,0.6074,High Risk
1215-VFYVK,4,Month-to-month,DSL,Yes,Yes,Mailed check,48.25,2682,0,1,0.6067,High Risk
3845-FXCYS,2,Month-to-month,No,No internet service,No internet service,Electronic check,19.65,4841,0,1,0.606,High Risk
0129-KPTWJ,72,Month-to-month,Fiber optic,No,No,Electronic check,94.65,5943,0,1,0.605,High Risk
1871-MOWRM,12,Month-to-month,Fiber optic,Yes,Yes,Bank transfer (automatic),80.85,4306,1,1,0.605,High Risk
4080-OGPJL,8,Month-to-month,DSL,Yes,Yes,Electronic check,71.15,2662,1,1,0.6049,High Risk
7869-ZYDST,31,Month-to-month,DSL,No,No,Credit card (automatic),59.05,5841,0,1,0.6047,High Risk
2817-NTQDO,13,Month-to-month,DSL,Yes,Yes,Credit card (automatic),45.55,4856,1,1,0.604,High Risk
9547-ITEFG,9,Month-to-month,Fiber optic,No,No,Credit card (automatic),102.6,4062,0,1,0.604,High Risk
1228-FZFRV,50,Month-to-month,Fiber optic,No,Yes,Credit card (automatic),105.95,5536,1,1,0.6032,High Risk
5402-HTOTQ,16,Month-to-month,DSL,No,No,Electronic check,55.3,3771,0,1,0.603,High Risk
5485-WUYWF,2,Month-to-month,DSL,No,Yes,Bank transfer (automatic),66.4,4522,1,1,0.603,High Risk
9681-KYGYB,49,Month-to-month,Fiber optic,No,Yes,Electronic check,88.2,5987,0,1,0.6028,High Risk
7814-LEEVE,1,Month-to-month,No,No internet service,No internet service,Bank transfer (automatic),20.3,4215,0,1,0.6028,High Risk
3656-TKRVZ,3,Month-to-month,DSL,No,Yes,Electronic check,55.35,5787,1,1,0.6027,High Risk
9412-GHEEC,40,Month-to-month,Fiber optic,Yes,No,Bank transfer (automatic),104.8,3492,1,1,0.6026,High Risk
6954-OOYZZ,18,Month-to-month,DSL,No,No,Bank transfer (automatic),44.35,2935,0,1,0.6026,High Risk
2957-LOLHO,12,Month-to-month,DSL,No,No,Bank transfer (automatic),45.4,2887,1,1,0.6025,High Risk
7271-AJDTL,55,Month-to-month,Fiber optic,No,No,Credit card (automatic),94.45,5577,0,1,0.6022,High Risk
3873-NFTGI,14,Month-to-month,DSL,No,No,Credit card (automatic),55.5,3520,0,1,0.602,High Risk
7878-JGDKK,4,Month-to-month,DSL,No,No,Mailed check,44.55,2124,0,1,0.6019,High Risk
7766-CLTIC,10,Month-to-month,DSL,Yes,No,Mailed check,60.95,4323,0,1,0.6017,High Risk
9356-AXGMP,38,One year,Fiber optic,Yes,Yes,Electronic check,110.7,5461,0,1,0.6014,High Risk
7064-FRRSW,48,One year,Fiber optic,No,No,Electronic check,99.0,3061,0,1,0.6013,High Risk
5002-GCQFH,49,Month-to-month,Fiber optic,No,Yes,Bank transfer (automatic),93.85,5698,0,1,0.6012,High Risk
2139-FQHLM,19,Month-to-month,Fiber optic,Yes,No,Mailed check,89.95,3402,0,1,0.6012,High Risk
0237-YFUTL,50,Month-to-month,Fiber optic,Yes,Yes,Bank transfer (automatic),109.65,4676,0,1,0.6008,High Risk
1596-OQSPS,11,Month-to-month,DSL,No,No,Electronic check,51.1,4467,0,1,0.6004,High Risk
9079-YEXQJ,54,Month-to-month,Fiber optic,Yes,No,Electronic check,111.1,5527,1,1,0.6003,High Risk
2479-BRAMR,41,Month-to-month,Fiber optic,No,Yes,Bank transfer (automatic),83.75,4995,1,1,0.6001,High Risk
4026-SKKHW,3,Month-to-month,DSL,Yes,No,Mailed check,50.25,2166,0,1,0.6,High Risk
6987-XQSJT,54,Month-to-month,Fiber optic,No,No,Electronic check,79.5,5684,1,1,0.5998,High Risk
7326-RIGQZ,6,Month-to-month,Fiber optic,No,No,Electronic check,69.8,2651,0,1,0.5995,High Risk
4183-WCSEP,31,Month-to-month,Fiber optic,Yes,No,Electronic check,78.45,3091,1,1,0.599,High Risk
2190-BCXEC,40,Month-to-month,Fiber optic,Yes,No,Credit card (automatic),78.85,5257,0,1,0.599,High Risk
5136-KCKGI,33,One year,Fiber optic,No,Yes,Mailed check,103.7,4461,1,1,0.5987,High Risk
2452-KDRRH,67,Month-to-month,Fiber optic,No,No,Credit card (automatic),101.4,5269,0,1,0.5987,High Risk
2472-OVKUP,6,Month-to-month,Fiber optic,No,No,Electronic check,91.0,2283,1,1,0.5986,High Risk
6257-RJOHI,4,Month-to-month,DSL,Yes,No,Mailed check,50.8,4521,0,1,0.5985,High Risk
4462-CYWMH,62,Month-to-month,Fiber optic,No,No,Bank transfer (automatic),89.8,4981,0,1,0.5984,High Risk
3898-GUYTS,45,Month-to-month,Fiber optic,Yes,Yes,Electronic check,97.05,4735,0,1,0.5983,High Risk
8679-JOEVF,16,Month-to-month,DSL,Yes,No,Electronic check,59.4,5556,1,1,0.5982,High Risk
9948-YPTDG,38,Month-to-month,Fiber optic,No,Yes,Electronic check,79.45,2405,1,1,0.598,High Risk
9052-VKDUW,65,Month-to-month,Fiber optic,No,Yes,Credit card (automatic),109.4,4452,0,1,0.5978,High Risk
8329-UTMVM,27,One year,Fiber optic,Yes,No,Bank transfer (automatic),104.65,3104,0,1,0.5978,High Risk
3683-QKIUE,6,Month-to-month,DSL,Yes,No,Bank transfer (automatic),50.8,4713,1,1,0.5976,High Risk
1641-RQDAY,32,Month-to-month,Fiber optic,No,No,Electronic check,100.4,4848,0,1,0.5975,High Risk
2929-QNSRW,56,One year,Fiber optic,No,No,Electronic check,98.25,4886,1,1,0.5973,High Risk
5208-HFSBT,2,Month-to-month,DSL,Yes,No,Credit card (automatic),55.05,5855,1,1,0.5972,High Risk
3018-TFTSU,12,Month-to-month,Fiber optic,No,Yes,Bank transfer (automatic),81.7,2850,1,1,0.5971,High Risk
2043-WVTQJ,1,Month-to-month,DSL,No,Yes,Mailed check,55.7,5664,0,1,0.5969,High Risk
2378-HTWFW,35,Month-to-month,Fiber optic,No,Yes,Credit card (automatic),91.0,5527,0,1,0.5969,High Risk
0929-HYQEW,3,Month-to-month,DSL,No,Yes,Mailed check,50.15,2085,0,1,0.5968,High Risk
3069-SSVSN,1,One year,DSL,No,No,Mailed check,25.85,4467,0,1,0.5966,High Risk
3814-MLAXC,31,Month-to-month,Fiber optic,Yes,No,Credit card (automatic),79.85,2554,1,1,0.5965,High Risk
2792-VPPET,3,Month-to-month,No,No internet service,No internet service,Electronic check,20.5,5296,0,1,0.5963,High Risk
1213-NGCUN,6,Month-to-month,DSL,Yes,No,Bank transfer (automatic),49.65,4248,1,1,0.5963,High Risk
9795-VOWON,7,One year,DSL,No,No,Credit card (automatic),24.35,4665,0,1,0.5956,High Risk
7966-YOTQW,10,Month-to-month,DSL,No,Yes,Credit card (automatic),54.5,4163,0,1,0.5953,High Risk
8910-LEDAG,34,Month-to-month,Fiber optic,No,No,Credit card (automatic),71.55,3583,0,1,0.5953,High Risk
2778-OCLGR,24,Month-to-month,DSL,No,Yes,Bank transfer (automatic),39.1,4591,1,1,0.5951,High Risk
7789-HKSBS,42,One year,Fiber optic,No,Yes,Bank transfer (automatic),105.2,5573,0,1,0.5951,High Risk
6905-NIQIN,1,Month-to-month,DSL,No,No,Mailed check,50.65,2431,1,1,0.5947,High Risk
3522-CDKHF,32,Month-to-month,Fiber optic,No,Yes,Bank transfer (automatic),75.5,3131,0,1,0.5945,High Risk
4950-BDEUX,35,Month-to-month,DSL,No,No,Electronic check,49.2,2782,0,1,0.5944,High Risk
3855-ONCAR,4,Month-to-month,Fiber optic,No,No,Mailed check,78.9,5775,0,1,0.5944,High Risk
7928-VJYAB,11,Month-to-month,Fiber optic,No,No,Electronic check,90.6,2004,0,1,0.5944,High Risk
9881-VCZEP,25,Month-to-month,DSL,No,No,Electronic check,54.1,5701,0,1,0.5942,High Risk
5493-SDRDQ,2,Month-to-month,DSL,No,Yes,Mailed check,55.1,4235,1,1,0.5942,High Risk
2195-VVRJF,18,Month-to-month,DSL,No,Yes,Credit card (automatic),59.1,2422,0,1,0.5938,High Risk
0643-OKLRP,47,Month-to-month,Fiber optic,No,Yes,Electronic check,80.35,5915,1,1,0.5937,High Risk
8149-AIQCG,39,Month-to-month,Fiber optic,No,No,Credit card (automatic),73.15,3271,0,1,0.5936,High Risk
8805-JNRAZ,2,Month-to-month,DSL,No,No,Mailed check,49.2,2342,0,1,0.5934,High Risk
7054-ENNGU,9,Month-to-month,DSL,No,No,Mailed check,50.85,4623,0,1,0.5924,High Risk
5948-UJZLF,2,Month-to-month,DSL,No,No,Mailed check,49.25,3805,0,1,0.5923,High Risk
2519-LBNQL,60,One year,Fiber optic,No,No,Electronic check,104.35,4040,0,1,0.5922,High Risk
4482-FTFFX,5,Month-to-month,DSL,Yes,No,Electronic check,56.15,5232,0,1,0.5922,High Risk
4282-ACRXS,38,Month-to-month,DSL,No,No,Electronic check,24.85,3511,0,1,0.592,High Risk
4307-KTUMW,53,Month-to-month,Fiber optic,No,Yes,Electronic check,93.9,5543,1,1,0.5915,High Risk
1307-TVUFB,42,Month-to-month,Fiber optic,No,No,Bank transfer (automatic),79.35,2399,0,1,0.5912,High Risk
4480-MBMLB,36,One year,Fiber optic,No,No,Bank transfer (automatic),104.8,5319,0,1,0.5909,High Risk
6439-GTPCA,45,Month-to-month,Fiber optic,Yes,No,Electronic check,87.25,5269,1,1,0.5909,High Risk
2480-JZOSN,1,Month-to-month,No,No internet service,No internet service,Mailed check,20.65,4517,0,1,0.5908,High Risk
3195-TQDZX,3,Month-to-month,No,No internet service,No internet service,Electronic check,20.25,4050,0,1,0.5907,High Risk
2455-USLMV,31,Month-to-month,Fiber optic,No,Yes,Credit card (automatic),84.75,3727,0,1,0.5904,High Risk
2325-WINES,32,One year,Fiber optic,No,No,Credit card (automatic),104.05,2335,0,1,0.5902,High Risk
2267-FPIMA,50,Month-to-month,Fiber optic,No,Yes,Credit card (automatic),94.4,5548,0,1,0.5901,High Risk
6173-ITPWD,47,Month-to-month,Fiber optic,No,No,Bank transfer (automatic),83.35,2516,1,1,0.5899,High Risk
8168-UQWWF,11,Month-to-month,Fiber optic,No,No,Bank transfer (automatic),97.85,5674,1,1,0.5897,High Risk
2883-ILGWO,57,Month-to-month,Fiber optic,Yes,No,Bank transfer (automatic),104.9,5838,0,1,0.5897,High Risk
9822-WMWVG,41,Month-to-month,Fiber optic,Yes,Yes,Electronic check,106.5,4434,0,1,0.5895,High Risk
4007-NHVHI,56,Month-to-month,Fiber optic,No,Yes,Electronic check,96.85,5679,0,1,0.5894,High Risk
2115-BFTIW,25,Month-to-month,Fiber optic,No,No,Mailed check,70.95,4881,1,1,0.5893,High Risk
8740-XLHDR,5,Month-to-month,DSL,Yes,Yes,Mailed check,43.25,5824,1,1,0.5893,High Risk
1432-FPAXX,29,Month-to-month,DSL,No,No,Electronic check,30.6,3615,1,1,0.589,High Risk
4143-HHPMK,52,Month-to-month,Fiber optic,No,No,Electronic check,85.35,6402,1,1,0.589,High Risk
0727-BMPLR,55,One year,Fiber optic,No,No,Electronic check,100.0,5679,1,1,0.5889,High Risk
8399-YNDCH,21,Month-to-month,DSL,No,No,Bank transfer (automatic),60.05,4716,1,1,0.5887,High Risk
0390-DCFDQ,1,Month-to-month,Fiber optic,No,No,Mailed check,70.45,3964,1,1,0.5886,High Risk
5628-RKIFK,49,Month-to-month,Fiber optic,No,Yes,Credit card (automatic),101.55,5348,0,1,0.5885,High Risk
4081-DYXAV,19,One year,DSL,No,No,Credit card (automatic),44.85,5182,1,1,0.5883,High Risk
3946-JEWRQ,47,One year,Fiber optic,No,No,Credit card (automatic),95.2,4977,0,1,0.5878,High Risk
3571-RFHAR,65,Month-to-month,Fiber optic,Yes,No,Electronic check,109.15,6001,1,1,0.5875,High Risk
4238-HFHSN,61,Month-to-month,Fiber optic,No,No,Electronic check,82.15,4250,0,1,0.5874,High Risk
3815-SLMEF,3,Month-to-month,DSL,Yes,Yes,Mailed check,34.25,2802,1,1,0.5873,High Risk
7975-TZMLR,47,One year,Fiber optic,No,No,Electronic check,103.1,5029,0,1,0.5872,High Risk
5600-PDUJF,6,Month-to-month,DSL,Yes,No,Credit card (automatic),49.5,5552,0,1,0.5866,High Risk
1575-KRZZE,4,Month-to-month,DSL,No,Yes,Electronic check,55.2,4042,0,1,0.5866,High Risk
8388-FYNPZ,4,Month-to-month,DSL,No,Yes,Electronic check,56.75,2401,0,1,0.5865,High Risk
1803-BGNBD,12,Month-to-month,DSL,Yes,No,Electronic check,54.3,3854,0,1,0.5863,High Risk
0419-YAAPX,49,Month-to-month,Fiber optic,No,No,Credit card (automatic),85.3,4696,0,1,0.5861,High Risk
4987-GQWPO,17,Month-to-month,DSL,No,No,Credit card (automatic),25.1,4580,0,1,0.586,High Risk
9254-RBFON,17,One year,Fiber optic,Yes,No,Bank transfer (automatic),98.6,5160,1,1,0.5859,High Risk
6576-FBXOJ,17,One year,DSL,Yes,No,Electronic check,54.6,4590,0,1,0.5858,High Risk
3521-SYVOR,37,Month-to-month,DSL,No,No,Electronic check,64.75,5554,1,1,0.5857,High Risk
4396-KLSEH,4,Month-to-month,No,No internet service,No internet service,Electronic check,19.85,5918,0,1,0.5856,High Risk
5311-IHLEI,12,Month-to-month,DSL,Yes,Yes,Bank transfer (automatic),50.95,2716,0,1,0.5853,High Risk
0481-SUMCB,45,One year,Fiber optic,No,No,Bank transfer (automatic),102.15,5391,0,1,0.5852,High Risk
9003-CPATH,42,Month-to-month,Fiber optic,No,No,Electronic check,79.9,2583,0,1,0.5849,High Risk
6641-XRPSU,34,Month-to-month,Fiber optic,No,No,Credit card (automatic),70.0,2318,1,1,0.5847,High Risk
6645-MXQJT,2,Month-to-month,Fiber optic,No,Yes,Electronic check,97.1,5745,0,1,0.5844,High Risk
2101-RANCD,55,Month-to-month,Fiber optic,No,No,Electronic check,73.1,5832,0,1,0.5842,High Risk
1996-DBMUS,48,Month-to-month,Fiber optic,No,No,Bank transfer (automatic),70.65,5523,0,1,0.5842,High Risk
6199-IWKGC,46,One year,Fiber optic,Yes,No,Electronic check,100.25,5453,0,1,0.5842,High Risk
0027-KWYKW,23,Month-to-month,Fiber optic,No,No,Electronic check,83.75,3585,0,1,0.5841,High Risk
4646-QZXTF,7,Month-to-month,DSL,Yes,Yes,Bank transfer (automatic),81.25,5928,0,1,0.5841,High Risk
6713-OKOMC,10,Month-to-month,DSL,No,Yes,Mailed check,29.75,2013,0,1,0.5835,High Risk
2988-GBIVW,70,Month-to-month,Fiber optic,No,Yes,Electronic check,90.85,5129,0,1,0.5832,High Risk
3301-LSLWQ,29,Month-to-month,DSL,No,Yes,Electronic check,66.1,5590,0,1,0.583,High Risk
9919-YLNNG,42,Month-to-month,Fiber optic,Yes,No,Bank transfer (automatic),103.8,4005,0,1,0.5829,High Risk
6692-UDPJC,14,Month-to-month,Fiber optic,Yes,No,Electronic check,91.65,4304,1,1,0.5827,High Risk
0742-MOABM,4,Month-to-month,DSL,Yes,No,Mailed check,50.05,3394,1,1,0.5824,High Risk
5780-INQIK,8,Month-to-month,DSL,Yes,No,Electronic check,49.4,2907,0,1,0.5816,High Risk
9237-HQITU,2,Month-to-month,Fiber optic,No,No,Electronic check,70.7,2701,1,1,0.5815,High Risk
7047-FWEYA,46,One year,Fiber optic,Yes,No,Electronic check,103.15,3517,0,1,0.5813,High Risk
5527-ACHSO,11,Month-to-month,DSL,Yes,No,Mailed check,70.5,5541,0,1,0.5807,High Risk
1582-RAFML,1,Month-to-month,DSL,Yes,No,Mailed check,60.1,5654,1,1,0.5807,High Risk
1541-ETJZO,1,Month-to-month,DSL,Yes,No,Mailed check,62.05,2937,1,1,0.5806,High Risk
4070-OKWVH,52,Month-to-month,Fiber optic,No,No,Bank transfer (automatic),94.6,6212,0,1,0.5804,High Risk
8791-GFXLZ,12,Month-to-month,DSL,No,No,Bank transfer (automatic),49.05,4244,0,1,0.58,High Risk
3162-KKZXO,55,One year,Fiber optic,No,No,Electronic check,100.15,5182,0,1,0.5799,High Risk
7067-KSAZT,65,One year,Fiber optic,No,No,Electronic check,106.25,5965,1,1,0.5799,High Risk
9054-FOWNV,22,Month-to-month,Fiber optic,No,No,Electronic check,88.75,5585,0,1,0.5798,High Risk
6821-JPCDC,48,One year,Fiber optic,No,No,Electronic check,97.05,5893,0,1,0.5796,High Risk
3707-LRWZD,32,One year,Fiber optic,No,No,Electronic check,84.05,3553,1,1,0.5791,High Risk
4957-TREIR,3,Month-to-month,DSL,Yes,Yes,Credit card (automatic),64.4,5645,0,1,0.5791,High Risk
2108-YKQTY,4,Month-to-month,DSL,No,No,Credit card (automatic),50.7,4930,1,1,0.5789,High Risk
3043-TYBNO,3,Month-to-month,DSL,Yes,No,Mailed check,60.65,2111,0,1,0.5784,High Risk
8761-NSOBC,44,Month-to-month,Fiber optic,Yes,No,Electronic check,100.55,3486,1,1,0.5784,High Risk
3644-QXEHN,13,Month-to-month,Fiber optic,No,No,Electronic check,97.0,5282,0,1,0.5783,High Risk
1258-YMZNM,27,One year,Fiber optic,No,Yes,Bank transfer (automatic),110.5,4997,0,1,0.5783,High Risk
3668-QPYBK,2,Month-to-month,DSL,No,Yes,Mailed check,53.85,3239,1,1,0.5781,High Risk
3345-JHUEO,4,Month-to-month,No,No internet service,No internet service,Electronic check,20.2,4267,0,1,0.578,High Risk
6854-EXGSF,8,Month-to-month,DSL,No,Yes,Bank transfer (automatic),65.5,3033,0,1,0.5777,High Risk
0058-EVZWM,55,Month-to-month,Fiber optic,No,Yes,Bank transfer (automatic),89.8,5875,0,1,0.5776,High Risk
5947-SGKCL,15,Month-to-month,Fiber optic,No,No,Bank transfer (automatic),105.35,2721,0,1,0.5771,High Risk
8677-HDZEE,56,Month-to-month,Fiber optic,Yes,No,Bank transfer (automatic),105.45,4212,0,1,0.577,High Risk
7133-VBDCG,25,Month-to-month,Fiber optic,No,Yes,Bank transfer (automatic),79.85,4535,1,1,0.577,High Risk
5325-UWTWJ,31,Month-to-month,Fiber optic,Yes,Yes,Credit card (automatic),90.55,5722,0,1,0.5769,High Risk
8033-VCZGH,50,One year,Fiber optic,No,Yes,Electronic check,103.95,4363,0,1,0.5767,High Risk
8455-HIRAQ,8,Month-to-month,DSL,No,No,Mailed check,44.45,4909,0,1,0.5765,High Risk
6288-LBEAR,23,Month-to-month,Fiber optic,Yes,No,Mailed check,79.1,3619,0,1,0.5765,High Risk
8885-QSQBX,1,Month-to-month,DSL,No,Yes,Bank transfer (automatic),49.55,5277,0,1,0.5762,High Risk
7621-VPNET,42,Month-to-month,Fiber optic,Yes,No,Credit card (automatic),85.9,2219,0,1,0.5761,High Risk
2692-PFYTJ,1,Month-to-month,No,No internet service,No internet service,Mailed check,25.75,2569,0,1,0.5759,High Risk
7549-MYGPK,63,Month-to-month,Fiber optic,No,Yes,Electronic check,100.55,5413,1,1,0.5759,High Risk
1216-BGTSP,45,Month-to-month,Fiber optic,Yes,Yes,Credit card (automatic),108.45,5093,0,1,0.5758,High Risk
2625-TRCZQ,51,Month-to-month,DSL,No,No,Electronic check,49.65,5528,0,1,0.5756,High Risk
7410-KTVFV,18,Month-to-month,DSL,No,No,Mailed check,49.55,2815,1,1,0.5752,High Risk
4130-MZLCC,5,Month-to-month,DSL,No,No,Bank transfer (automatic),50.55,2739,0,1,0.5751,High Risk
2565-JSLRY,1,Month-to-month,No,No internet service,No internet service,Mailed check,24.05,3162,1,1,0.5745,High Risk
1703-MGIAB,17,Month-to-month,DSL,Yes,No,Mailed check,69.0,4439,0,1,0.574,High Risk
6646-QVXLR,62,One year,Fiber optic,No,No,Electronic check,103.75,5052,1,1,0.5736,High Risk
7242-QZLXF,1,Month-to-month,DSL,No,No,Electronic check,25.3,5421,1,1,0.5735,High Risk
4989-LIXVT,68,Month-to-month,Fiber optic,No,No,Electronic check,95.9,5080,0,1,0.5733,High Risk
7351-MHQVU,6,Month-to-month,DSL,Yes,Yes,Credit card (automatic),50.95,3474,0,1,0.5732,High Risk
3016-KSVCP,29,Month-to-month,DSL,No,No,Mailed check,33.75,3664,0,1,0.573,High Risk
4598-XLKNJ,25,Month-to-month,Fiber optic,No,No,Electronic check,98.5,5337,1,1,0.573,High Risk
4452-QIIEB,7,Month-to-month,DSL,No,No,Mailed check,43.9,3565,0,1,0.5728,High Risk
2886-KEFUM,63,One year,Fiber optic,No,No,Electronic check,107.5,6144,1,1,0.5727,High Risk
0618-XWMSS,28,Month-to-month,Fiber optic,No,Yes,Bank transfer (automatic),74.9,5392,1,1,0.5727,High Risk
4361-BKAXE,41,Month-to-month,Fiber optic,Yes,Yes,Bank transfer (automatic),114.5,3038,1,1,0.5726,High Risk
2279-AXJJK,52,Month-to-month,Fiber optic,Yes,No,Credit card (automatic),95.65,4465,0,1,0.5724,High Risk
8967-SZQAS,14,Month-to-month,DSL,No,No,Electronic check,50.45,3185,0,1,0.5722,High Risk
6599-CEBNN,34,Month-to-month,Fiber optic,No,No,Credit card (automatic),73.95,5795,1,1,0.5722,High Risk
2842-BCQGE,43,Month-to-month,Fiber optic,No,No,Credit card (automatic),75.35,4898,0,1,0.5722,High Risk
2810-FTLEM,16,Month-to-month,DSL,No,Yes,Electronic check,50.15,4254,1,1,0.572,High Risk
6839-ITVZJ,26,Month-to-month,DSL,Yes,No,Electronic check,60.05,2039,1,1,0.5713,High Risk
5939-XAIXZ,19,Month-to-month,DSL,No,No,Mailed check,56.1,3367,0,1,0.5711,High Risk
6158-DWPZT,9,One year,DSL,No,No,Bank transfer (automatic),24.1,3195,1,1,0.5711,High Risk
1456-TWCGB,4,Month-to-month,DSL,No,No,Mailed check,49.25,3272,0,1,0.571,High Risk
6202-DYYFX,22,One year,Fiber optic,No,No,Credit card (automatic),76.0,2031,0,1,0.5709,High Risk
4338-EYCER,21,Month-to-month,DSL,No,No,Bank transfer (automatic),54.6,5763,0,1,0.5708,High Risk
2858-EIMXH,53,One year,Fiber optic,No,No,Credit card (automatic),95.85,5325,0,1,0.5704,High Risk
4819-HJPIW,18,Month-to-month,DSL,No,No,Mailed check,25.15,2675,0,1,0.5703,High Risk
8118-TJAFG,9,Month-to-month,Fiber optic,Yes,No,Electronic check,101.5,2757,0,1,0.5699,High Risk
8896-BQTTI,1,Month-to-month,No,No internet service,No internet service,Mailed check,25.0,2371,0,1,0.5698,High Risk
5575-TPIZQ,46,Month-to-month,Fiber optic,No,Yes,Credit card (automatic),89.15,5593,0,1,0.5698,High Risk
4250-FDVOU,6,Month-to-month,DSL,No,Yes,Electronic check,56.25,4110,1,1,0.5698,High Risk
2740-JFBOK,10,Month-to-month,No,No internet service,No internet service,Electronic check,24.0,5299,0,1,0.5696,High Risk
9163-GHAYE,15,Month-to-month,DSL,No,No,Electronic check,48.85,5584,0,1,0.5692,High Risk
6137-NICCO,6,Month-to-month,Fiber optic,No,No,Mailed check,94.05,3083,0,1,0.5688,High Risk
7821-DPRQE,68,Month-to-month,Fiber optic,Yes,Yes,Electronic check,107.7,5015,0,1,0.5682,High Risk
2927-QRRQV,46,One year,Fiber optic,No,No,Electronic check,94.65,4120,0,1,0.5678,High Risk
6469-QJKZW,4,Month-to-month,No,No internet service,No internet service,Electronic check,20.15,2198,0,1,0.5672,High Risk
2862-PFNIK,1,Month-to-month,DSL,No,No,Electronic check,24.7,3518,0,1,0.5668,High Risk
1353-LJWEM,11,Month-to-month,DSL,Yes,No,Electronic check,60.9,2726,0,1,0.5668,High Risk
6344-SFJVH,20,Month-to-month,DSL,No,No,Credit card (automatic),24.9,5942,0,1,0.5665,High Risk
6874-SGLHU,30,One year,Fiber optic,No,No,Bank transfer (automatic),97.0,4126,0,1,0.5651,High Risk
4720-VSTSI,44,Month-to-month,Fiber optic,No,No,Bank transfer (automatic),84.8,3997,1,1,0.5648,High Risk
7486-KSRVI,43,One year,Fiber optic,Yes,No,Electronic check,100.0,4760,1,1,0.5648,High Risk
6351-SCJKT,3,Month-to-month,DSL,Yes,Yes,Mailed check,41.35,5534,0,1,0.5646,High Risk
5215-LNLDJ,7,Month-to-month,DSL,No,No,Electronic check,24.7,3872,0,1,0.5644,High Risk
6637-KYRCV,5,Month-to-month,DSL,No,No,Electronic check,30.5,5973,0,1,0.5641,High Risk
2446-ZKVAF,18,Month-to-month,DSL,No,No,Credit card (automatic),56.8,5558,0,1,0.564,High Risk
2911-UREFD,39,Month-to-month,DSL,No,Yes,Electronic check,55.9,5632,1,1,0.5639,High Risk
5066-GFJMM,3,Month-to-month,No,No internet service,No internet service,Mailed check,19.9,3716,0,1,0.5638,High Risk
1422-DGUBX,32,One year,Fiber optic,Yes,No,Electronic check,79.25,2735,0,1,0.5637,High Risk
1285-OKIPP,1,Month-to-month,Fiber optic,No,No,Electronic check,79.9,3394,1,1,0.5637,High Risk
2920-RNCEZ,1,Month-to-month,Fiber optic,No,No,Credit card (automatic),69.95,5133,0,1,0.5632,High Risk
2460-FPSYH,40,Month-to-month,DSL,No,Yes,Electronic check,55.8,4272,1,1,0.5631,High Risk
6807-SIWJI,38,One year,Fiber optic,No,Yes,Electronic check,104.85,2709,0,1,0.5626,High Risk
9327-QSDED,8,Month-to-month,DSL,No,No,Mailed check,43.55,3266,0,1,0.5626,High Risk
3164-AALRN,5,One year,DSL,No,No,Mailed check,70.0,2673,1,1,0.5624,High Risk
2607-FBDFF,1,Month-to-month,DSL,Yes,No,Credit card (automatic),49.0,5289,0,1,0.5624,High Risk
1596-BBVTG,35,Month-to-month,Fiber optic,No,No,Credit card (automatic),75.35,2785,1,1,0.5621,High Risk
6184-DYUOB,3,Month-to-month,No,No internet service,No internet service,Mailed check,19.6,2941,0,1,0.5618,High Risk
7285-KLOTR,12,One year,DSL,No,Yes,Electronic check,78.85,2495,0,1,0.5618,High Risk
4724-WXVWF,48,Month-to-month,Fiber optic,Yes,Yes,Electronic check,95.4,4334,0,1,0.5618,High Risk
2207-OBZNX,7,Month-to-month,DSL,No,Yes,Mailed check,51.0,3736,1,1,0.5616,High Risk
9408-SSNVZ,4,Month-to-month,Fiber optic,No,No,Electronic check,70.15,2227,1,1,0.5616,High Risk
4010-YLMVT,56,Month-to-month,Fiber optic,No,Yes,Credit card (automatic),106.6,5056,0,1,0.5615,High Risk
6818-WOBHJ,68,Month-to-month,Fiber optic,No,No,Bank transfer (automatic),89.6,5651,1,1,0.5615,High Risk
3349-ANQNH,59,One year,Fiber optic,No,No,Electronic check,99.5,5513,0,1,0.5612,High Risk
7537-CBQUZ,63,Month-to-month,Fiber optic,No,Yes,Bank transfer (automatic),109.4,5961,0,1,0.5611,High Risk
3030-YZADT,9,Month-to-month,DSL,No,No,Mailed check,44.95,5023,1,1,0.5604,High Risk
3179-GBRWV,21,Month-to-month,DSL,No,Yes,Bank transfer (automatic),64.95,4604,0,1,0.5596,High Risk
1379-FRVEB,15,Month-to-month,Fiber optic,No,No,Electronic check,91.0,4602,0,1,0.5595,High Risk
7248-VZQLC,47,Month-to-month,Fiber optic,No,No,Bank transfer (automatic),85.2,4661,1,1,0.5592,High Risk
6088-BXMRG,32,Month-to-month,Fiber optic,No,No,Electronic check,98.85,3149,0,1,0.5592,High Risk
4390-KYULV,3,Month-to-month,No,No internet service,No internet service,Credit card (automatic),20.55,4115,1,1,0.5592,High Risk
9233-PSYHO,45,One year,Fiber optic,No,No,Bank transfer (automatic),100.15,2636,0,1,0.5588,High Risk
9137-NOQKA,2,Month-to-month,No,No internet service,No internet service,Electronic check,19.2,4577,0,1,0.5586,High Risk
7596-LDUXP,12,One year,Fiber optic,No,Yes,Credit card (automatic),85.15,2452,0,1,0.5586,High Risk
5287-QWLKY,71,Month-to-month,Fiber optic,No,Yes,Credit card (automatic),105.1,5725,1,1,0.5583,High Risk
2267-WTPYD,57,Month-to-month,Fiber optic,No,No,Credit card (automatic),94.0,6015,0,1,0.5582,High Risk
2433-KMEAS,22,Month-to-month,DSL,No,Yes,Electronic check,54.45,2445,1,1,0.558,High Risk
7147-AYBAA,37,Month-to-month,Fiber optic,No,No,Mailed check,70.35,5402,0,1,0.5579,High Risk
7495-OOKFY,8,Month-to-month,Fiber optic,No,No,Credit card (automatic),80.65,5302,1,1,0.5578,High Risk
3113-IWHLC,5,Month-to-month,DSL,No,Yes,Mailed check,55.8,2612,0,1,0.5572,High Risk
4672-FOTSD,12,Month-to-month,DSL,Yes,Yes,Electronic check,67.25,4334,0,1,0.5565,High Risk
2460-NGXBJ,11,Month-to-month,Fiber optic,No,No,Credit card (automatic),75.2,5193,0,1,0.5565,High Risk
6599-GZWCM,13,One year,Fiber optic,No,No,Mailed check,74.65,4172,0,1,0.556,High Risk
9103-TCIHJ,15,Month-to-month,DSL,No,Yes,Mailed check,55.7,4519,1,1,0.5558,High Risk
9688-YGXVR,44,Month-to-month,Fiber optic,No,No,Credit card (automatic),88.15,4112,0,1,0.5555,High Risk
6629-LADHQ,2,Month-to-month,DSL,No,Yes,Mailed check,50.95,5968,0,1,0.5553,High Risk
6538-POCHL,33,Month-to-month,Fiber optic,No,No,Credit card (automatic),79.0,4396,0,1,0.5553,High Risk
3143-ILDAL,56,Month-to-month,Fiber optic,Yes,No,Electronic check,94.45,4830,1,1,0.5552,High Risk
6578-KRMAW,32,Month-to-month,Fiber optic,No,Yes,Credit card (automatic),93.4,3224,0,1,0.5549,High Risk
2806-MLNTI,52,One year,Fiber optic,No,No,Bank transfer (automatic),105.1,4621,0,1,0.5547,High Risk
8992-CEUEN,1,Month-to-month,No,No internet service,No internet service,Electronic check,18.85,5084,0,1,0.5545,High Risk
5542-DHSXL,4,Month-to-month,DSL,No,Yes,Mailed check,54.7,3475,0,1,0.5544,High Risk
1122-JWTJW,1,Month-to-month,Fiber optic,No,No,Mailed check,70.65,3463,1,1,0.5543,High Risk
4628-WQCQQ,35,One year,Fiber optic,No,No,Electronic check,85.15,5928,1,1,0.5542,High Risk
8095-WANWK,10,Month-to-month,DSL,No,No,Mailed check,45.25,5369,0,1,0.5542,High Risk
1935-IMVBB,56,Month-to-month,Fiber optic,No,No,Mailed check,89.7,5955,0,1,0.5531,High Risk
2826-UWHIS,45,Month-to-month,Fiber optic,No,No,Bank transfer (automatic),81.4,5602,0,1,0.5528,High Risk
1689-YQBYY,12,Month-to-month,Fiber optic,No,No,Electronic check,76.6,3280,0,1,0.5528,High Risk
2273-QCKXA,1,Month-to-month,DSL,Yes,No,Mailed check,49.05,3178,0,1,0.5528,High Risk
2522-AHJXR,60,Month-to-month,Fiber optic,Yes,Yes,Bank transfer (automatic),109.45,4350,0,1,0.5524,High Risk
3307-TLCUD,17,Month-to-month,DSL,No,Yes,Mailed check,34.4,4207,0,1,0.5523,High Risk
4188-FRABG,57,Month-to-month,Fiber optic,Yes,Yes,Electronic check,103.05,5586,0,1,0.5519,High Risk
0080-OROZO,35,One year,Fiber optic,Yes,No,Electronic check,99.25,3244,0,1,0.5516,High Risk
1958-RNRKS,30,Month-to-month,DSL,No,No,Electronic check,49.9,3712,0,1,0.5515,High Risk
2604-XVDAM,12,Month-to-month,DSL,No,No,Bank transfer (automatic),43.8,5706,0,1,0.5515,High Risk
9396-ZSFLL,15,Month-to-month,DSL,No,No,Mailed check,48.85,3762,0,1,0.551,High Risk
8695-WDYEA,1,Month-to-month,DSL,No,Yes,Mailed check,51.25,4483,0,1,0.5509,High Risk
9069-LGEUL,23,Month-to-month,DSL,No,Yes,Bank transfer (automatic),59.95,5379,0,1,0.5503,High Risk
4450-YOOHP,39,Month-to-month,DSL,No,No,Credit card (automatic),50.65,5433,0,1,0.5502,High Risk
0191-ZHSKZ,30,Month-to-month,DSL,No,Yes,Electronic check,74.75,3033,0,1,0.5502,High Risk
5309-TAIKL,7,Month-to-month,DSL,Yes,No,Bank transfer (automatic),62.8,4080,0,1,0.55,High Risk
7617-EYGLW,1,Month-to-month,No,No internet service,No internet service,Electronic check,19.45,5820,0,1,0.5499,High Risk
3689-MOZGR,29,Month-to-month,DSL,Yes,No,Electronic check,31.2,4761,0,1,0.5498,High Risk
9614-RMGHA,65,Month-to-month,Fiber optic,No,No,Bank transfer (automatic),91.85,5530,1,1,0.5497,High Risk
3132-TVFDZ,57,Month-to-month,DSL,No,No,Electronic check,44.85,5172,1,1,0.5489,High Risk
0406-BPDVR,54,One year,Fiber optic,No,No,Credit card (automatic),101.5,6405,1,1,0.5488,High Risk
2305-MRGLV,28,Month-to-month,Fiber optic,Yes,No,Bank transfer (automatic),76.55,2085,0,1,0.5485,High Risk
9767-FFLEM,38,Month-to-month,Fiber optic,No,No,Credit card (automatic),69.5,4591,0,1,0.5485,High Risk
5371-VYLSX,50,Month-to-month,Fiber optic,No,Yes,Electronic check,83.4,4977,0,1,0.5484,High Risk
1784-EZDKJ,51,One year,Fiber optic,No,No,Bank transfer (automatic),106.8,4640,0,1,0.5482,High Risk
8111-BKVDS,10,Month-to-month,DSL,No,Yes,Bank transfer (automatic),40.7,2164,0,1,0.5482,High Risk
4088-YLDSU,55,One year,Fiber optic,Yes,No,Electronic check,104.15,4369,1,1,0.5475,High Risk
7893-IXHRQ,1,Month-to-month,No,No internet service,No internet service,Electronic check,20.55,5636,1,1,0.5474,High Risk
1156-ZFYDO,1,Month-to-month,No,No internet service,No internet service,Electronic check,19.75,3666,0,1,0.5473,High Risk
1217-VASWC,43,One year,Fiber optic,No,No,Bank transfer (automatic),100.55,4499,0,1,0.547,High Risk
8735-IJJEG,14,Month-to-month,DSL,No,No,Credit card (automatic),50.2,4253,0,1,0.547,High Risk
7892-POOKP,28,Month-to-month,Fiber optic,Yes,No,Electronic check,104.8,5003,1,1,0.5466,High Risk
6047-YHPVI,5,Month-to-month,Fiber optic,No,No,Electronic check,69.7,2454,1,1,0.5464,High Risk
2676-OXPPQ,6,Month-to-month,DSL,No,Yes,Bank transfer (automatic),55.7,2482,0,1,0.5464,High Risk
0761-AETCS,1,Month-to-month,No,No internet service,No internet service,Electronic check,19.3,3236,1,1,0.5462,High Risk
0112-QAWRZ,16,Month-to-month,Fiber optic,No,No,Bank transfer (automatic),90.8,5560,0,1,0.546,High Risk
8152-UOBNY,50,One year,Fiber optic,Yes,No,Electronic check,106.8,5746,0,1,0.5452,High Risk
9564-KCLHR,1,Month-to-month,DSL,Yes,No,Mailed check,51.25,2180,1,1,0.5452,High Risk
8267-ZNYVZ,33,One year,Fiber optic,Yes,Yes,Electronic check,103.75,3824,1,1,0.545,High Risk
1098-TDVUQ,1,Month-to-month,No,No internet service,No internet service,Bank transfer (automatic),19.25,4745,0,1,0.5449,High Risk
5651-CPDND,10,Month-to-month,DSL,No,No,Mailed check,46.0,3903,0,1,0.5447,High Risk
3657-COGMW,52,Month-to-month,Fiber optic,No,Yes,Credit card (automatic),108.1,4251,0,1,0.5445,High Risk
9779-DPNEJ,22,Month-to-month,Fiber optic,No,No,Electronic check,80.15,4732,0,1,0.5443,High Risk
8728-SKJLR,41,Month-to-month,Fiber optic,Yes,No,Electronic check,74.25,3277,0,1,0.5442,High Risk
9833-TGFHX,42,One year,Fiber optic,No,Yes,Electronic check,97.1,2170,0,1,0.544,High Risk
7750-EYXWZ,12,One year,DSL,Yes,No,Electronic check,60.65,3740,0,1,0.5439,High Risk
2674-MLXMN,71,Month-to-month,Fiber optic,No,No,Credit card (automatic),99.65,4241,0,1,0.5439,High Risk
1077-HUUJM,7,Month-to-month,Fiber optic,No,No,Electronic check,71.05,4668,0,1,0.5433,High Risk
8620-RJPZN,1,Month-to-month,No,No internet service,No internet service,Electronic check,20.7,3061,0,1,0.5433,High Risk
6360-SVNWV,31,Month-to-month,Fiber optic,No,Yes,Credit card (automatic),73.55,2057,0,1,0.543,High Risk
3604-WLABM,10,Month-to-month,DSL,Yes,No,Electronic check,54.25,2253,0,1,0.5425,High Risk
8563-IIOXK,7,One year,DSL,No,Yes,Electronic check,49.75,5651,1,1,0.5413,High Risk
3452-SRFEG,49,Month-to-month,Fiber optic,No,No,Bank transfer (automatic),74.6,4516,0,1,0.5408,High Risk
5035-PGZXH,56,One year,Fiber optic,No,No,Electronic check,106.8,6161,0,1,0.5408,High Risk
6815-ABQFQ,56,One year,Fiber optic,Yes,No,Electronic check,107.25,5800,0,1,0.5404,High Risk
6300-BWMJX,59,Month-to-month,Fiber optic,Yes,No,Electronic check,93.35,4814,0,1,0.5402,High Risk
8679-LZBMD,44,One year,Fiber optic,No,No,Bank transfer (automatic),90.65,3786,0,1,0.5398,High Risk
2824-MYYBN,37,Month-to-month,Fiber optic,No,No,Electronic check,95.25,2969,0,1,0.5397,High Risk
5708-EVONK,58,Month-to-month,Fiber optic,No,Yes,Bank transfer (automatic),93.4,5989,1,1,0.5396,High Risk
3419-SNJJD,65,Month-to-month,Fiber optic,No,Yes,Bank transfer (automatic),105.25,4196,1,1,0.5395,High Risk
2293-IJWPS,57,One year,Fiber optic,No,No,Credit card (automatic),100.75,6354,0,1,0.5395,High Risk
1493-AMTIE,1,Month-to-month,No,No internet service,No internet service,Bank transfer (automatic),20.2,5394,1,1,0.5395,High Risk
7319-VENRZ,7,Month-to-month,DSL,Yes,No,Bank transfer (automatic),64.3,4010,0,1,0.5394,High Risk
2828-SLQPF,19,Month-to-month,DSL,No,No,Bank transfer (automatic),45.0,4519,0,1,0.5394,High Risk
7072-MBHEV,11,Month-to-month,Fiber optic,No,No,Credit card (automatic),78.1,2333,0,1,0.5393,High Risk
4191-XOVOM,63,Month-to-month,Fiber optic,Yes,No,Electronic check,105.4,4551,0,1,0.5392,High Risk
1685-VAYJF,11,Month-to-month,DSL,No,No,Credit card (automatic),45.2,5253,0,1,0.539,High Risk
0516-WJVXC,5,Month-to-month,DSL,Yes,Yes,Electronic check,54.2,5476,1,1,0.5388,High Risk
6439-LAJXL,9,Month-to-month,DSL,Yes,Yes,Mailed check,68.95,2452,0,1,0.5384,High Risk
6849-OYAMU,19,One year,Fiber optic,Yes,No,Bank transfer (automatic),100.0,2608,1,1,0.5382,High Risk
3620-MWJNE,2,Month-to-month,DSL,Yes,Yes,Mailed check,54.45,5753,0,1,0.538,High Risk
8722-NGNBH,5,Month-to-month,DSL,Yes,Yes,Mailed check,40.0,3125,1,1,0.538,High Risk
7130-CTCUS,16,Month-to-month,DSL,No,Yes,Bank transfer (automatic),54.55,3324,0,1,0.5378,High Risk
4232-JGKIY,1,Month-to-month,No,No internet service,No internet service,Electronic check,19.2,2716,0,1,0.5377,High Risk
8755-IWJHN,69,Month-to-month,Fiber optic,No,No,Bank transfer (automatic),95.35,6132,0,1,0.5376,High Risk
5934-RMPOV,22,Month-to-month,Fiber optic,No,No,Electronic check,84.75,4240,0,1,0.5372,High Risk
1480-IVEVR,35,One year,Fiber optic,No,No,Bank transfer (automatic),81.6,2300,0,1,0.5371,High Risk
6121-VZNQB,1,Month-to-month,No,No internet service,No internet service,Mailed check,19.1,5890,1,1,0.5369,High Risk
2045-BMBTJ,33,Month-to-month,DSL,No,Yes,Bank transfer (automatic),59.45,3116,0,1,0.5368,High Risk
8263-OKETD,20,Month-to-month,DSL,Yes,No,Credit card (automatic),68.9,3265,0,1,0.5367,High Risk
9572-MTILT,59,Month-to-month,Fiber optic,Yes,Yes,Electronic check,106.75,4508,1,1,0.5366,High Risk
2955-PSXOE,1,Month-to-month,No,No internet service,No internet service,Bank transfer (automatic),20.2,3061,1,1,0.5366,High Risk
9314-QDMDW,11,One year,DSL,No,No,Electronic check,61.25,2738,0,1,0.536,High Risk
2924-KHUVI,56,One year,Fiber optic,No,Yes,Electronic check,100.55,4847,0,1,0.536,High Risk
7398-LXGYX,44,Month-to-month,Fiber optic,No,Yes,Credit card (automatic),84.8,2770,0,1,0.5358,High Risk
2320-SLKMB,26,Month-to-month,DSL,Yes,No,Credit card (automatic),44.45,3080,0,1,0.5357,High Risk
3797-FKOGQ,11,Month-to-month,Fiber optic,No,No,Electronic check,86.2,3157,0,1,0.5357,High Risk
0929-PECLO,63,Month-to-month,Fiber optic,No,No,Bank transfer (automatic),89.6,4438,0,1,0.5356,High Risk
7693-QPEFS,52,Month-to-month,Fiber optic,No,No,Bank transfer (automatic),72.95,4368,0,1,0.5355,High Risk
5088-QZLRL,1,Month-to-month,No,No internet service,No internet service,Electronic check,20.65,2729,0,1,0.5354,High Risk
7629-WIXZF,7,One year,DSL,No,Yes,Electronic check,59.1,4770,0,1,0.5353,High Risk
1622-HSHSF,1,Month-to-month,No,No internet service,No internet service,Mailed check,19.55,5607,0,1,0.535,High Risk
0670-KDOMA,1,Month-to-month,No,No internet service,No internet service,Mailed check,20.25,5854,0,1,0.5349,High Risk
5686-CMAWK,17,One year,Fiber optic,Yes,No,Electronic check,86.75,5863,0,1,0.5345,High Risk
7426-GSWPO,64,Month-to-month,Fiber optic,No,Yes,Bank transfer (automatic),103.5,5125,0,1,0.5343,High Risk
3714-JTVOV,42,Month-to-month,Fiber optic,No,Yes,Credit card (automatic),74.15,2322,1,1,0.5341,High Risk
2709-UQGNP,10,Month-to-month,DSL,No,Yes,Mailed check,51.65,4292,0,1,0.5338,High Risk
5143-WMWOG,1,Month-to-month,No,No internet service,No internet service,Electronic check,19.95,2051,1,1,0.5337,High Risk
8566-YPRGL,1,Month-to-month,No,No internet service,No internet service,Mailed check,19.5,5279,0,1,0.5337,High Risk
7580-UGXNC,2,Month-to-month,DSL,No,Yes,Mailed check,54.85,3016,1,1,0.5337,High Risk
4177-JPDFU,12,Month-to-month,DSL,Yes,No,Mailed check,34.0,3215,0,1,0.5336,High Risk
7880-XSOJX,4,Month-to-month,DSL,Yes,Yes,Mailed check,42.4,4282,0,1,0.5328,High Risk
7734-DBOAI,1,Month-to-month,DSL,Yes,No,Electronic check,40.1,5434,1,1,0.5327,High Risk
5651-WYIPH,18,Month-to-month,DSL,No,No,Credit card (automatic),49.85,3283,0,1,0.5326,High Risk
2832-SCUCO,2,Month-to-month,No,No internet service,No internet service,Electronic check,19.9,2822,0,1,0.5326,High Risk
0567-GGCAC,7,Month-to-month,DSL,No,Yes,Electronic check,61.4,2845,0,1,0.5324,High Risk
3424-NMNBO,58,One year,Fiber optic,No,Yes,Electronic check,108.85,4739,1,1,0.5322,High Risk
4881-JVQOD,10,Month-to-month,DSL,No,No,Bank transfer (automatic),34.55,5248,0,1,0.5316,High Risk
4897-QSUYC,1,Month-to-month,No,No internet service,No internet service,Mailed check,20.15,4939,1,1,0.5313,High Risk
5423-BHIXO,32,Month-to-month,DSL,No,No,Electronic check,54.2,4454,0,1,0.5312,High Risk
3606-SBKRY,31,One year,DSL,No,No,Electronic check,50.05,4529,0,1,0.5311,High Risk
8120-JDCAM,4,Month-to-month,Fiber optic,No,No,Mailed check,69.55,3708,0,1,0.531,High Risk
0691-IFBQW,46,One year,Fiber optic,No,Yes,Electronic check,110.0,2403,1,1,0.5309,High Risk
7291-CDTMJ,1,Month-to-month,No,No internet service,No internet service,Bank transfer (automatic),19.65,3075,0,1,0.5309,High Risk
8706-HRADD,21,Month-to-month,DSL,Yes,Yes,Mailed check,43.55,5808,0,1,0.5308,High Risk
4472-LVYGI,0,Two year,DSL,Yes,Yes,Bank transfer (automatic),52.55,2578,0,1,0.5307,High Risk
7594-LZNWR,34,Month-to-month,Fiber optic,No,No,Credit card (automatic),69.15,4478,0,1,0.5305,High Risk
1656-DRSMG,63,Month-to-month,Fiber optic,Yes,No,Credit card (automatic),109.85,5775,0,1,0.5303,High Risk
4415-WNGVR,12,One year,DSL,Yes,Yes,Electronic check,79.2,3355,0,1,0.5301,High Risk
5201-FRKKS,25,Month-to-month,Fiber optic,No,Yes,Bank transfer (automatic),74.3,4815,0,1,0.5301,High Risk
2382-BCKQJ,62,One year,Fiber optic,No,No,Electronic check,100.15,5600,1,1,0.53,High Risk
7853-WNZSY,1,Month-to-month,No,No internet service,No internet service,Credit card (automatic),19.75,5809,0,1,0.5299,High Risk
4524-QCSSM,26,Month-to-month,DSL,No,Yes,Bank transfer (automatic),44.65,4512,0,1,0.5299,High Risk
8868-GAGIO,45,Month-to-month,Fiber optic,No,Yes,Mailed check,84.55,3289,0,1,0.5297,High Risk
4588-YBNIB,1,Month-to-month,No,No internet service,No internet service,Mailed check,19.6,4205,1,1,0.5292,High Risk
6284-KMNUF,56,One year,Fiber optic,No,Yes,Electronic check,98.0,4615,0,1,0.5291,High Risk
1725-MIMXW,1,Month-to-month,No,No internet service,No internet service,Mailed check,19.45,5687,1,1,0.5288,High Risk
3577-AMVUX,1,Month-to-month,DSL,Yes,No,Mailed check,55.05,2962,0,1,0.5287,High Risk
6769-DYBQN,46,Month-to-month,Fiber optic,No,Yes,Electronic check,85.0,2097,1,1,0.5284,High Risk
8807-ARQET,41,Month-to-month,DSL,No,No,Electronic check,40.35,2454,0,1,0.5284,High Risk
5843-TTHGI,18,Month-to-month,DSL,No,No,Mailed check,50.0,4952,0,1,0.5283,High Risk
0512-FLFDW,60,One year,Fiber optic,No,No,Credit card (automatic),100.5,6442,0,1,0.5283,High Risk
7839-QRKXN,1,Month-to-month,No,No internet service,No internet service,Mailed check,20.2,4197,1,1,0.5282,High Risk
0100-DUVFC,70,One year,Fiber optic,No,No,Electronic check,104.8,5291,0,1,0.5278,High Risk
1215-FIGMP,60,Month-to-month,Fiber optic,No,No,Bank transfer (automatic),89.9,6292,0,1,0.5278,High Risk
5136-RGMZO,31,Month-to-month,DSL,Yes,No,Electronic check,71.05,4443,0,1,0.5272,High Risk
0771-WLCLA,16,Month-to-month,Fiber optic,Yes,Yes,Electronic check,112.95,2683,0,1,0.5272,High Risk
6575-SUVOI,25,Month-to-month,DSL,Yes,Yes,Credit card (automatic),69.5,3154,0,1,0.527,High Risk
8799-OXZMD,28,Month-to-month,DSL,No,No,Mailed check,29.75,5463,0,1,0.5269,High Risk
4661-NJEUX,1,Month-to-month,No,No internet service,No internet service,Mailed check,20.05,5368,0,1,0.5266,High Risk
8073-IJDCM,1,Month-to-month,No,No internet service,No internet service,Mailed check,20.3,3830,1,1,0.5265,High Risk
5624-RYAMH,9,Month-to-month,No,No internet service,No internet service,Electronic check,19.5,4283,0,1,0.5265,High Risk
3874-EQOEP,7,Month-to-month,Fiber optic,No,No,Mailed check,95.0,2786,1,1,0.5263,High Risk
5356-RHIPP,1,Month-to-month,No,No internet service,No internet service,Mailed check,20.2,5355,1,1,0.5263,High Risk
7799-DSEWS,18,Month-to-month,DSL,Yes,Yes,Electronic check,68.35,5993,0,1,0.5262,High Risk
2623-DRYAM,70,One year,Fiber optic,No,No,Electronic check,101.75,5596,0,1,0.5261,High Risk
8262-COGGB,1,Month-to-month,No,No internet service,No internet service,Mailed check,20.45,5384,0,1,0.526,High Risk
3982-XWFZQ,42,Month-to-month,DSL,No,No,Electronic check,50.25,4873,1,1,0.5256,High Risk
3511-APPBJ,23,One year,Fiber optic,No,Yes,Credit card (automatic),99.95,3515,0,1,0.5255,High Risk
2933-FILNV,2,Month-to-month,DSL,No,No,Mailed check,24.4,2635,1,1,0.5254,High Risk
3744-ZBHON,3,Month-to-month,No,No internet service,No internet service,Electronic check,20.2,4369,0,1,0.5253,High Risk
2626-URJFX,4,Month-to-month,DSL,No,No,Electronic check,50.9,5691,1,1,0.5253,High Risk
4800-VHZKI,1,Month-to-month,No,No internet service,No internet service,Mailed check,19.9,3351,1,1,0.5252,High Risk
7883-ROJOC,19,Month-to-month,DSL,No,No,Mailed check,44.9,5842,0,1,0.5251,High Risk
2834-SPCJV,52,Month-to-month,Fiber optic,No,Yes,Electronic check,84.1,6216,1,1,0.5249,High Risk
7730-IUTDZ,43,Month-to-month,Fiber optic,No,Yes,Electronic check,75.2,4673,1,1,0.5249,High Risk
8065-BVEPF,65,Month-to-month,Fiber optic,No,No,Bank transfer (automatic),99.1,4574,0,1,0.5247,High Risk
1240-KNSEZ,1,Month-to-month,No,No internet service,No internet service,Mailed check,20.1,4933,1,1,0.5247,High Risk
6896-SRVYQ,44,Month-to-month,Fiber optic,No,No,Electronic check,73.85,4374,0,1,0.5246,High Risk
7103-IPXPJ,50,One year,Fiber optic,Yes,No,Electronic check,99.4,6479,0,1,0.5243,High Risk
9643-AVVWI,3,Month-to-month,Fiber optic,Yes,No,Electronic check,80.0,4264,0,1,0.5243,High Risk
5366-OBVMR,18,Month-to-month,DSL,Yes,No,Mailed check,50.3,3740,0,1,0.5243,High Risk
6179-GJPSO,43,Month-to-month,Fiber optic,Yes,Yes,Credit card (automatic),108.15,2833,1,1,0.5242,High Risk
2153-MREFK,37,One year,Fiber optic,Yes,Yes,Electronic check,99.2,3599,1,1,0.5242,High Risk
4693-VWVBO,3,Month-to-month,No,No internet service,No internet service,Electronic check,19.55,3889,0,1,0.5241,High Risk
2087-QAREY,22,Month-to-month,DSL,No,No,Mailed check,54.7,5722,0,1,0.5238,High Risk
2081-KJSQF,1,Month-to-month,No,No internet service,No internet service,Mailed check,20.25,4769,0,1,0.5238,High Risk
2369-FEVNO,1,Month-to-month,No,No internet service,No internet service,Mailed check,19.9,4590,0,1,0.5236,High Risk
7298-IZWLY,1,Month-to-month,No,No internet service,No internet service,Mailed check,19.4,2742,0,1,0.5235,High Risk
9318-NKNFC,1,Month-to-month,No,No internet service,No internet service,Mailed check,18.85,4132,1,1,0.5234,High Risk
4667-OHGKG,1,Month-to-month,No,No internet service,No internet service,Mailed check,19.3,4266,1,1,0.5233,High Risk
2465-BLLEU,1,Month-to-month,No,No internet service,No internet service,Mailed check,19.75,4441,0,1,0.5233,High Risk
5149-TGWDZ,21,One year,Fiber optic,Yes,No,Mailed check,104.55,3471,0,1,0.5228,High Risk
0872-JCPIB,17,Month-to-month,DSL,No,Yes,Bank transfer (automatic),65.75,3921,0,1,0.5227,High Risk
8980-WQFWL,35,Month-to-month,DSL,No,No,Electronic check,62.1,5315,0,1,0.5225,High Risk
1000-AJSLD,1,Month-to-month,No,No internet service,No internet service,Mailed check,20.1,4389,1,1,0.5225,High Risk
2876-VBBBL,1,Month-to-month,No,No internet service,No internet service,Mailed check,20.25,2783,1,1,0.5223,High Risk
8305-VHZBZ,1,Month-to-month,No,No internet service,No internet service,Mailed check,20.2,4325,1,1,0.5221,High Risk
3629-WEAAM,8,Month-to-month,DSL,Yes,No,Mailed check,64.1,2804,0,1,0.5219,High Risk
0471-ARVMX,62,One year,Fiber optic,No,Yes,Electronic check,104.85,5061,0,1,0.5218,High Risk
2684-EIWEO,30,Month-to-month,Fiber optic,No,Yes,Credit card (automatic),91.7,2482,1,1,0.5217,High Risk
1370-GGAWX,46,One year,Fiber optic,No,No,Electronic check,94.15,3924,0,1,0.5216,High Risk
0326-VDYXE,70,One year,Fiber optic,No,No,Electronic check,97.65,4252,0,1,0.5215,High Risk
3537-HPKQT,55,Month-to-month,Fiber optic,No,No,Credit card (automatic),77.75,4621,0,1,0.5215,High Risk
4190-MFLUW,10,Month-to-month,DSL,Yes,No,Credit card (automatic),55.2,5925,1,1,0.5209,High Risk
5906-BFOZT,1,Month-to-month,No,No internet service,No internet service,Mailed check,19.5,3753,0,1,0.5208,High Risk
6942-LBFDP,2,Month-to-month,No,No internet service,No internet service,Mailed check,20.55,5629,0,1,0.5207,High Risk
7346-MEDWM,59,Month-to-month,Fiber optic,No,No,Electronic check,83.25,4094,0,1,0.5203,High Risk
0871-OPBXW,2,Month-to-month,No,No internet service,No internet service,Mailed check,20.05,5191,0,1,0.5201,High Risk
9027-YFHQJ,7,Month-to-month,No,No internet service,No internet service,Bank transfer (automatic),25.05,4868,0,1,0.5201,High Risk
7446-YPODE,11,Month-to-month,DSL,No,Yes,Bank transfer (automatic),60.25,5296,0,1,0.5197,High Risk
4634-JLRJT,1,Month-to-month,No,No internet service,No internet service,Mailed check,20.35,2183,0,1,0.5197,High Risk
0823-HSCDJ,52,Month-to-month,DSL,No,No,Electronic check,49.15,5597,1,1,0.5196,High Risk
3007-FDPEA,2,Month-to-month,No,No internet service,No internet service,Bank transfer (automatic),20.7,2107,0,1,0.5195,High Risk
5076-YVXCM,51,Month-to-month,Fiber optic,No,No,Bank transfer (automatic),83.4,4191,0,1,0.5194,High Risk
7989-CHGTL,1,Month-to-month,No,No internet service,No internet service,Mailed check,19.6,3448,1,1,0.5194,High Risk
7016-BPGEU,29,Month-to-month,DSL,No,No,Credit card (automatic),25.1,2796,1,1,0.5194,High Risk
5828-DWPIL,62,Month-to-month,Fiber optic,No,Yes,Electronic check,89.1,4415,0,1,0.5193,High Risk
7661-CPURM,19,One year,Fiber optic,Yes,No,Credit card (automatic),87.7,4446,0,1,0.5188,High Risk
0268-QKIWO,3,Month-to-month,No,No internet service,No internet service,Electronic check,19.75,2647,1,1,0.5185,High Risk
2303-PJYHN,2,Month-to-month,No,No internet service,No internet service,Bank transfer (automatic),19.85,4107,0,1,0.5183,High Risk
0550-DCXLH,13,Month-to-month,DSL,Yes,No,Mailed check,73.35,4645,0,1,0.5181,High Risk
7251-LJBQN,40,One year,Fiber optic,Yes,No,Credit card (automatic),103.75,3568,0,1,0.5181,High Risk
7017-VFULY,2,Month-to-month,No,No internet service,No internet service,Bank transfer (automatic),20.1,4158,0,1,0.5175,High Risk
2018-PZKMU,9,Month-to-month,Fiber optic,Yes,No,Electronic check,103.1,4171,0,1,0.5173,High Risk
4692-NNQRU,21,One year,Fiber optic,Yes,No,Electronic check,79.2,4900,0,1,0.5173,High Risk
6551-GNYDG,14,Month-to-month,Fiber optic,No,No,Bank transfer (automatic),80.9,2563,0,1,0.5173,High Risk
1697-NVVGY,19,Month-to-month,DSL,No,Yes,Bank transfer (automatic),66.4,4533,0,1,0.5172,High Risk
7636-XUHWW,2,Month-to-month,No,No internet service,No internet service,Credit card (automatic),19.9,5824,0,1,0.517,High Risk
4791-QRGMF,59,One year,Fiber optic,No,No,Bank transfer (automatic),99.5,6098,1,1,0.5169,High Risk
3756-VNWDH,65,One year,Fiber optic,No,Yes,Electronic check,100.75,4368,0,1,0.5168,High Risk
2480-EJWYP,58,One year,Fiber optic,No,No,Bank transfer (automatic),97.8,6019,0,1,0.5168,High Risk
2027-OAQQC,43,Month-to-month,DSL,No,No,Bank transfer (automatic),49.05,4044,1,1,0.5164,High Risk
1360-JYXKQ,54,One year,Fiber optic,Yes,No,Electronic check,99.1,4118,0,1,0.5163,High Risk
0575-CUQOV,60,One year,Fiber optic,No,No,Electronic check,97.95,6150,0,1,0.516,High Risk
8735-DCXNF,10,Month-to-month,DSL,Yes,Yes,Credit card (automatic),54.95,3519,0,1,0.5159,High Risk
9693-XMUOB,59,Month-to-month,DSL,No,No,Electronic check,50.25,5546,0,1,0.5157,High Risk
4365-MSDYN,8,Month-to-month,No,No internet service,No internet service,Bank transfer (automatic),19.55,4909,0,1,0.5155,High Risk
1091-SOZGA,56,One year,Fiber optic,No,No,Credit card (automatic),99.8,4606,0,1,0.5151,High Risk
6897-UUBNU,29,Month-to-month,Fiber optic,Yes,No,Mailed check,89.65,2681,0,1,0.5141,High Risk
4925-LMHOK,15,Month-to-month,DSL,Yes,No,Credit card (automatic),58.6,2003,1,1,0.5138,High Risk
9776-OJUZI,65,Month-to-month,Fiber optic,No,No,Bank transfer (automatic),95.45,4168,0,1,0.5138,High Risk
0701-TJSEF,9,Month-to-month,DSL,Yes,Yes,Bank transfer (automatic),68.25,4366,0,1,0.5137,High Risk
0228-MAUWC,19,Month-to-month,DSL,Yes,No,Electronic check,59.55,3949,0,1,0.5135,High Risk
4123-FCVCB,12,One year,DSL,Yes,No,Mailed check,75.85,5942,0,1,0.5134,High Risk
0843-WTBXE,53,Month-to-month,Fiber optic,No,No,Bank transfer (automatic),85.45,4753,1,1,0.5133,High Risk
5996-DAOQL,1,Month-to-month,No,No internet service,No internet service,Mailed check,20.45,2184,0,1,0.5129,High Risk
5445-GLVOT,22,Month-to-month,DSL,No,Yes,Electronic check,49.8,4667,0,1,0.5125,High Risk
5443-SCMKX,58,One year,Fiber optic,No,No,Electronic check,94.3,6166,0,1,0.5124,High Risk
4918-FYJNT,55,Month-to-month,Fiber optic,Yes,No,Electronic check,90.45,5140,0,1,0.5118,High Risk
2458-EOMRE,11,Month-to-month,DSL,No,Yes,Bank transfer (automatic),64.05,4171,0,1,0.5117,High Risk
8705-DWKTI,52,Month-to-month,Fiber optic,No,No,Credit card (automatic),83.8,6339,0,1,0.5117,High Risk
8495-LJDFO,64,Month-to-month,Fiber optic,Yes,Yes,Bank transfer (automatic),108.95,5780,0,1,0.5114,High Risk
7892-QVYKW,23,Month-to-month,Fiber optic,No,No,Electronic check,85.6,3513,0,1,0.511,High Risk
6620-JDYNW,18,Month-to-month,DSL,No,Yes,Mailed check,60.6,4459,0,1,0.5106,High Risk
8739-QOTTN,2,Month-to-month,No,No internet service,No internet service,Mailed check,20.35,5761,0,1,0.5105,High Risk
1394-SUIUH,44,Month-to-month,Fiber optic,Yes,Yes,Electronic check,85.15,2672,0,1,0.5104,High Risk
5973-EJGDP,51,Month-to-month,Fiber optic,Yes,No,Electronic check,87.35,4899,0,1,0.5102,High Risk
2393-DIVAI,3,Month-to-month,No,No internet service,No internet service,Mailed check,20.0,5575,0,1,0.5097,High Risk
0520-FDVVT,35,One year,Fiber optic,No,No,Bank transfer (automatic),102.35,2473,1,1,0.5094,High Risk
5701-ZIKJE,13,Month-to-month,DSL,Yes,No,Mailed check,50.55,5530,0,1,0.5094,High Risk
3594-IVHJZ,2,Month-to-month,No,No internet service,No internet service,Mailed check,20.45,2606,0,1,0.5091,High Risk
4003-FUSHP,19,Month-to-month,DSL,Yes,No,Credit card (automatic),61.55,5831,0,1,0.5084,High Risk
4986-MXSFP,2,Month-to-month,No,No internet service,No internet service,Mailed check,20.0,2237,0,1,0.5082,High Risk
6664-FPDAC,56,One year,Fiber optic,Yes,No,Electronic check,111.95,4060,1,1,0.5081,High Risk
2995-UPRYS,40,One year,Fiber optic,Yes,No,Credit card (automatic),99.2,5098,1,1,0.5081,High Risk
2669-QVCRG,41,Month-to-month,Fiber optic,No,Yes,Credit card (automatic),81.3,2299,0,1,0.508,High Risk
1087-UDSIH,3,Month-to-month,No,No internet service,No internet service,Mailed check,19.6,5000,1,1,0.5078,High Risk
5022-JNQEQ,9,Month-to-month,Fiber optic,Yes,No,Electronic check,75.85,4843,0,1,0.5075,High Risk
3144-KMTWZ,71,Month-to-month,Fiber optic,No,No,Bank transfer (automatic),93.25,6035,0,1,0.5073,High Risk
6313-GIDIT,53,Month-to-month,DSL,No,No,Electronic check,54.45,6280,1,1,0.5073,High Risk
8919-FYFQZ,44,Month-to-month,DSL,No,No,Electronic check,30.35,4829,1,1,0.5071,High Risk
3584-WKTTW,51,One year,Fiber optic,Yes,Yes,Electronic check,111.55,4053,0,1,0.507,High Risk
1024-KPRBB,38,One year,Fiber optic,No,No,Mailed check,89.1,2675,0,1,0.5068,High Risk
3009-JWMPU,62,One year,Fiber optic,No,No,Electronic check,96.75,5016,1,1,0.5067,High Risk
5174-RNGBH,9,Month-to-month,DSL,Yes,No,Mailed check,66.25,5515,1,1,0.5064,High Risk
2478-EEWWM,59,Month-to-month,DSL,No,No,Electronic check,44.3,5905,0,1,0.5061,High Risk
2782-JEEBU,21,Month-to-month,DSL,Yes,No,Mailed check,36.0,3378,0,1,0.5058,High Risk
6633-SYEUS,23,Month-to-month,Fiber optic,Yes,No,Bank transfer (automatic),83.2,2061,0,1,0.5057,High Risk
8023-QHAIO,56,Month-to-month,Fiber optic,Yes,No,Bank transfer (automatic),76.85,6035,0,1,0.5052,High Risk
2640-LYMOV,2,Month-to-month,No,No internet service,No internet service,Mailed check,19.65,3007,0,1,0.5052,High Risk
9835-ZIITK,66,One year,Fiber optic,Yes,No,Electronic check,110.85,4281,1,1,0.5046,High Risk
2003-CKLOR,66,Month-to-month,Fiber optic,No,No,Electronic check,99.5,4001,1,1,0.5044,High Risk
6549-YMFAW,9,Month-to-month,No,No internet service,No internet service,Mailed check,21.25,2302,0,1,0.5042,High Risk
4488-KQFDT,61,One year,Fiber optic,No,No,Electronic check,103.95,4148,0,1,0.5041,High Risk
8003-EWNDZ,10,Month-to-month,No,No internet service,No internet service,Electronic check,21.2,2066,0,1,0.5039,High Risk
7041-TXQJH,37,Month-to-month,DSL,No,No,Credit card (automatic),40.2,5924,0,1,0.5038,High Risk
9500-LTVBP,35,Month-to-month,Fiber optic,Yes,No,Credit card (automatic),80.05,3999,0,1,0.5036,High Risk
5188-HGMLP,54,Month-to-month,Fiber optic,No,No,Bank transfer (automatic),74.0,4991,0,1,0.5034,High Risk
1732-VHUBQ,47,Month-to-month,Fiber optic,No,No,Bank transfer (automatic),70.55,4457,1,1,0.5034,High Risk
0899-WZRSD,56,Month-to-month,Fiber optic,Yes,Yes,Mailed check,105.35,5680,0,1,0.5033,High Risk
8294-UIMBA,30,One year,Fiber optic,Yes,No,Bank transfer (automatic),94.4,4584,0,1,0.5033,High Risk
7245-JMTTQ,51,One year,Fiber optic,Yes,No,Electronic check,111.5,4363,0,1,0.5031,High Risk
9360-AHGNL,43,One year,Fiber optic,Yes,Yes,Mailed check,109.55,5863,1,1,0.503,High Risk
4324-AHJKS,5,Month-to-month,DSL,No,Yes,Credit card (automatic),55.8,5104,0,1,0.5025,High Risk
9323-HGFWY,27,One year,Fiber optic,Yes,Yes,Credit card (automatic),101.9,3795,0,1,0.5024,High Risk
9375-MHRRS,6,Month-to-month,DSL,Yes,No,Mailed check,50.05,3929,0,1,0.5024,High Risk
6067-NGCEU,65,Month-to-month,Fiber optic,No,Yes,Credit card (automatic),111.05,5261,0,1,0.5022,High Risk
8217-QYOHV,5,Month-to-month,DSL,Yes,Yes,Mailed check,55.75,4545,0,1,0.5022,High Risk
0215-BQKGS,30,Month-to-month,Fiber optic,No,Yes,Credit card (automatic),84.3,5393,0,1,0.5021,High Risk
1356-MKYSK,6,Month-to-month,DSL,Yes,Yes,Credit card (automatic),78.65,2724,0,1,0.5013,High Risk
9039-ZVJDC,3,Month-to-month,No,No internet service,No internet service,Mailed check,19.1,4905,0,1,0.5012,High Risk
7526-IVLYU,3,Month-to-month,No,No internet service,No internet service,Mailed check,19.65,4852,0,1,0.5011,High Risk
2408-TZMJL,59,One year,Fiber optic,No,Yes,Electronic check,110.15,4601,1,1,0.5009,High Risk
7402-PWYJJ,53,One year,Fiber optic,Yes,No,Electronic check,91.15,6439,0,1,0.5007,High Risk
1986-PHGZF,18,Month-to-month,DSL,No,Yes,Credit card (automatic),58.4,2812,0,1,0.5004,High Risk
9191-MYQKX,7,Month-to-month,Fiber optic,No,No,Bank transfer (automatic),75.15,3457,1,1,0.5003,High Risk
4237-CLSMM,2,Month-to-month,No,No internet service,No internet service,Mailed check,20.0,4823,0,1,0.5003,High Risk
5469-CTCWN,61,One year,Fiber optic,No,Yes,Electronic check,106.0,4334,1,0,0.5,Moderate Risk
0691-NIKRI,40,One year,Fiber optic,Yes,No,Credit card (automatic),105.95,3784,0,0,0.4994,Moderate Risk
8713-IGZSO,2,Month-to-month,No,No internet service,No internet service,Mailed check,24.85,5983,0,0,0.4994,Moderate Risk
5136-GFPMB,54,Month-to-month,Fiber optic,No,No,Credit card (automatic),89.4,5871,0,0,0.4994,Moderate Risk
5334-JLAXU,60,Month-to-month,Fiber optic,No,Yes,Credit card (automatic),94.1,5267,0,0,0.4989,Moderate Risk
2027-CWDNU,18,Month-to-month,Fiber optic,Yes,No,Electronic check,85.6,5968,0,0,0.4989,Moderate Risk
8651-ENBZX,60,One year,Fiber optic,Yes,No,Electronic check,106.0,5507,1,0,0.4987,Moderate Risk
2621-UDNLU,3,Month-to-month,No,No internet service,No internet service,Mailed check,20.85,5867,0,0,0.4984,Moderate Risk
4945-RVMTE,28,Month-to-month,DSL,No,No,Bank transfer (automatic),59.55,3354,0,0,0.498,Moderate Risk
1449-XQEMT,3,Month-to-month,No,No internet service,No internet service,Mailed check,19.8,4323,1,0,0.498,Moderate Risk
7124-UGSUR,61,One year,Fiber optic,No,No,Credit card (automatic),104.4,4412,1,0,0.4979,Moderate Risk
1324-NLTJE,15,Month-to-month,DSL,Yes,No,Credit card (automatic),55.0,3167,1,0,0.4978,Moderate Risk
5186-EJEGL,9,Month-to-month,DSL,Yes,Yes,Mailed check,69.5,3628,0,0,0.4977,Moderate Risk
6917-YACBP,59,Month-to-month,Fiber optic,No,Yes,Electronic check,89.75,5170,0,0,0.4976,Moderate Risk
7610-TVOPG,15,Month-to-month,No,No internet service,No internet service,Electronic check,26.35,2723,0,0,0.4975,Moderate Risk
2108-GLPQB,25,Month-to-month,DSL,No,No,Credit card (automatic),55.55,2950,0,0,0.497,Moderate Risk
7808-DVWEP,3,Month-to-month,No,No internet service,No internet service,Bank transfer (automatic),20.0,3985,0,0,0.497,Moderate Risk
7389-KBFIT,2,Month-to-month,DSL,No,No,Mailed check,30.25,4387,0,0,0.4968,Moderate Risk
2259-OUUSZ,7,One year,DSL,Yes,No,Credit card (automatic),35.5,5124,0,0,0.4967,Moderate Risk
9828-QHFBK,24,Month-to-month,DSL,No,Yes,Electronic check,51.15,5796,0,0,0.4965,Moderate Risk
5897-ZYEKH,67,One year,Fiber optic,No,Yes,Electronic check,105.6,5768,0,0,0.4961,Moderate Risk
8070-AAWZP,24,Month-to-month,DSL,Yes,No,Mailed check,34.25,2525,0,0,0.496,Moderate Risk
5712-VBOXD,4,Month-to-month,No,No internet service,No internet service,Credit card (automatic),20.15,5221,0,0,0.4958,Moderate Risk
7074-STDCN,39,Month-to-month,DSL,Yes,No,Electronic check,40.6,4436,0,0,0.4957,Moderate Risk
7716-YTYHG,48,One year,Fiber optic,No,No,Mailed check,82.05,3365,1,0,0.4951,Moderate Risk
5802-ADBRC,50,One year,Fiber optic,No,Yes,Mailed check,104.4,6100,0,0,0.495,Moderate Risk
5989-OMNJE,24,One year,DSL,No,Yes,Electronic check,57.6,5623,0,0,0.495,Moderate Risk
4160-AMJTL,8,Month-to-month,No,No internet service,No internet service,Electronic check,19.65,5432,1,0,0.4949,Moderate Risk
0156-FVPTA,22,Month-to-month,DSL,Yes,Yes,Electronic check,54.2,5102,1,0,0.494,Moderate Risk
3638-DIMPH,13,One year,DSL,No,No,Electronic check,43.8,4369,0,0,0.494,Moderate Risk
9277-JOOMO,3,Month-to-month,No,No internet service,No internet service,Mailed check,24.6,5756,0,0,0.4935,Moderate Risk
7673-LPRNY,23,One year,DSL,No,Yes,Electronic check,78.55,3127,0,0,0.4932,Moderate Risk
2475-MROZF,30,Month-to-month,Fiber optic,Yes,Yes,Credit card (automatic),95.0,3597,0,0,0.493,Moderate Risk
8800-ZKRFW,30,Month-to-month,Fiber optic,Yes,No,Electronic check,107.5,3094,0,0,0.4927,Moderate Risk
0423-UDIJQ,9,Month-to-month,DSL,Yes,No,Mailed check,49.2,2145,0,0,0.4925,Moderate Risk
6469-MRVET,1,One year,No,No internet service,No internet service,Electronic check,20.2,4160,0,0,0.4924,Moderate Risk
3523-QRQLL,22,One year,DSL,No,No,Bank transfer (automatic),69.5,5922,1,0,0.4923,Moderate Risk
6397-JNZZG,43,Month-to-month,DSL,No,No,Credit card (automatic),55.55,2573,1,0,0.4923,Moderate Risk
5482-NUPNA,4,Month-to-month,DSL,Yes,Yes,Mailed check,60.4,5730,1,0,0.4921,Moderate Risk
4800-CZMPC,48,One year,Fiber optic,No,Yes,Credit card (automatic),103.25,4736,1,0,0.492,Moderate Risk
8445-DNBAE,1,Month-to-month,DSL,No,No,Electronic check,50.05,5523,0,0,0.4919,Moderate Risk
1899-VXWXM,48,One year,Fiber optic,No,No,Credit card (automatic),106.1,5898,1,0,0.4919,Moderate Risk
6898-MDLZW,12,Month-to-month,DSL,Yes,No,Mailed check,53.75,5385,0,0,0.4918,Moderate Risk
0114-RSRRW,10,Month-to-month,No,No internet service,No internet service,Bank transfer (automatic),19.95,3831,0,0,0.4915,Moderate Risk
8663-UPDGF,26,Month-to-month,DSL,No,Yes,Bank transfer (automatic),69.5,3866,0,0,0.491,Moderate Risk
3807-BPOMJ,55,One year,Fiber optic,No,Yes,Electronic check,94.75,6021,0,0,0.4905,Moderate Risk
0887-WBJVH,53,One year,Fiber optic,Yes,No,Electronic check,93.45,4700,0,0,0.4904,Moderate Risk
4729-XKASR,1,Month-to-month,DSL,No,No,Electronic check,24.75,3001,1,0,0.4902,Moderate Risk
3858-XHYJO,40,One year,Fiber optic,No,Yes,Bank transfer (automatic),105.75,4078,0,0,0.4902,Moderate Risk
0463-WZZKO,3,Month-to-month,No,No internet service,No internet service,Credit card (automatic),20.75,2406,0,0,0.4902,Moderate Risk
7395-XWZOY,20,Month-to-month,DSL,Yes,Yes,Credit card (automatic),55.0,4481,0,0,0.4901,Moderate Risk
9097-ZUBYC,14,Month-to-month,DSL,Yes,No,Bank transfer (automatic),48.8,2168,0,0,0.4899,Moderate Risk
9971-ZWPBF,34,Month-to-month,Fiber optic,Yes,No,Electronic check,108.9,5151,0,0,0.4898,Moderate Risk
2731-GJRDG,32,One year,Fiber optic,Yes,Yes,Bank transfer (automatic),109.55,5076,0,0,0.4898,Moderate Risk
7729-JTEEC,2,Month-to-month,DSL,No,No,Electronic check,44.5,5456,0,0,0.4891,Moderate Risk
0719-SYFRB,12,Month-to-month,DSL,Yes,Yes,Mailed check,61.65,5670,1,0,0.4889,Moderate Risk
3071-VBYPO,3,Month-to-month,Fiber optic,No,Yes,Electronic check,89.85,4648,0,0,0.4886,Moderate Risk
6968-GMKPR,55,Month-to-month,Fiber optic,No,No,Electronic check,81.55,5167,0,0,0.4879,Moderate Risk
7776-QWNFX,30,Month-to-month,DSL,No,No,Bank transfer (automatic),50.4,4795,1,0,0.4878,Moderate Risk
5370-IIVVL,37,One year,Fiber optic,Yes,No,Credit card (automatic),104.5,4812,0,0,0.4877,Moderate Risk
0690-SRQID,4,Month-to-month,No,No internet service,No internet service,Mailed check,19.65,4925,0,0,0.4876,Moderate Risk
7089-XXAYG,25,One year,DSL,No,No,Credit card (automatic),38.1,2315,0,0,0.4876,Moderate Risk
0898-XCGTF,61,One year,Fiber optic,No,No,Bank transfer (automatic),96.5,5926,0,0,0.4876,Moderate Risk
9099-FTUHS,23,Month-to-month,DSL,No,Yes,Electronic check,54.4,2989,0,0,0.4872,Moderate Risk
6270-OMFIW,60,One year,Fiber optic,No,No,Electronic check,94.4,4990,1,0,0.4871,Moderate Risk
3376-BMGFE,4,Month-to-month,Fiber optic,No,No,Bank transfer (automatic),70.9,4287,1,0,0.4871,Moderate Risk
4501-VCPFK,26,Month-to-month,DSL,Yes,No,Electronic check,35.75,2734,0,0,0.4867,Moderate Risk
9512-PHSMG,10,Month-to-month,No,No internet service,No internet service,Mailed check,20.55,4907,0,0,0.4864,Moderate Risk
7748-UMTRK,30,Month-to-month,Fiber optic,Yes,No,Electronic check,101.3,2440,0,0,0.4863,Moderate Risk
1113-IUJYX,14,One year,Fiber optic,Yes,Yes,Mailed check,105.95,5887,1,0,0.4863,Moderate Risk
4832-VRBMR,65,One year,Fiber optic,No,No,Bank transfer (automatic),103.15,6441,0,0,0.4857,Moderate Risk
6728-VOIFY,63,One year,Fiber optic,No,No,Electronic check,96.0,5016,0,0,0.4847,Moderate Risk
5018-HEKFO,10,Month-to-month,No,No internet service,No internet service,Mailed check,24.5,5594,0,0,0.4846,Moderate Risk
1335-HQMKX,72,One year,Fiber optic,No,No,Electronic check,101.35,4497,0,0,0.4846,Moderate Risk
4913-EHYUI,56,One year,Fiber optic,No,Yes,Bank transfer (automatic),104.55,6268,1,0,0.4846,Moderate Risk
8166-ORCHU,33,One year,Fiber optic,Yes,Yes,Electronic check,93.55,4414,0,0,0.4845,Moderate Risk
1134-YWTYF,27,Month-to-month,DSL,Yes,No,Electronic check,53.8,2563,0,0,0.4845,Moderate Risk
1699-HPSBG,12,One year,DSL,Yes,No,Electronic check,59.8,4581,1,0,0.4837,Moderate Risk
6475-VHUIZ,23,Month-to-month,DSL,Yes,No,Electronic check,54.25,5140,0,0,0.4836,Moderate Risk
8627-ZYGSZ,47,One year,Fiber optic,No,No,Electronic check,78.9,3817,0,0,0.4835,Moderate Risk
2732-ISEZX,5,Month-to-month,No,No internet service,No internet service,Mailed check,20.5,5263,0,0,0.4831,Moderate Risk
5702-SKUOB,4,Month-to-month,No,No internet service,No internet service,Mailed check,19.6,4580,0,0,0.483,Moderate Risk
0880-FVFWF,56,Month-to-month,Fiber optic,No,Yes,Electronic check,86.4,4449,0,0,0.4825,Moderate Risk
6572-ADKRS,46,Month-to-month,Fiber optic,No,No,Credit card (automatic),74.8,3395,0,0,0.4822,Moderate Risk
2616-UUTFK,33,Month-to-month,DSL,No,Yes,Bank transfer (automatic),72.75,4959,0,0,0.4818,Moderate Risk
7296-PIXQY,14,Month-to-month,Fiber optic,No,No,Electronic check,70.2,5819,0,0,0.4817,Moderate Risk
8637-XJIVR,12,Month-to-month,Fiber optic,No,Yes,Electronic check,78.95,5806,1,0,0.4816,Moderate Risk
6890-PFRQX,18,Month-to-month,DSL,No,Yes,Mailed check,69.5,4466,0,0,0.4812,Moderate Risk
5067-XJQFU,66,One year,Fiber optic,Yes,No,Electronic check,108.45,4582,0,0,0.4811,Moderate Risk
1020-JPQOW,56,Month-to-month,Fiber optic,Yes,No,Electronic check,90.55,6161,0,0,0.4811,Moderate Risk
2252-ISRNH,9,One year,Fiber optic,No,No,Electronic check,90.35,2993,0,0,0.4805,Moderate Risk
7976-CICYS,4,Month-to-month,No,No internet service,No internet service,Credit card (automatic),20.7,3027,0,0,0.4803,Moderate Risk
3685-YLCMQ,58,One year,Fiber optic,Yes,No,Electronic check,104.65,5411,1,0,0.48,Moderate Risk
9831-BPFRI,39,One year,Fiber optic,Yes,No,Electronic check,89.55,3849,1,0,0.4798,Moderate Risk
8992-OBVDG,21,Month-to-month,DSL,No,No,Mailed check,61.65,2926,0,0,0.4797,Moderate Risk
7109-MFBYV,26,Month-to-month,DSL,No,No,Electronic check,45.45,5451,0,0,0.4796,Moderate Risk
5144-PQCDZ,4,Month-to-month,No,No internet service,No internet service,Mailed check,19.95,3172,0,0,0.4794,Moderate Risk
4673-KKSLS,31,Month-to-month,Fiber optic,Yes,Yes,Electronic check,87.6,5094,0,0,0.4792,Moderate Risk
5243-SAOTC,54,Month-to-month,Fiber optic,No,No,Bank transfer (automatic),79.85,5166,0,0,0.4791,Moderate Risk
4712-AUQZO,18,Month-to-month,DSL,No,Yes,Mailed check,33.6,5388,0,0,0.479,Moderate Risk
0031-PVLZI,4,Month-to-month,No,No internet service,No internet service,Mailed check,20.35,4133,1,0,0.4788,Moderate Risk
9139-WQQDY,49,One year,Fiber optic,No,No,Mailed check,100.45,4235,1,0,0.4786,Moderate Risk
5600-KTXFM,2,Month-to-month,Fiber optic,No,No,Mailed check,69.95,5010,0,0,0.4786,Moderate Risk
0277-BKSQP,8,Month-to-month,DSL,No,No,Electronic check,54.4,4854,0,0,0.4785,Moderate Risk
4947-DSMXK,34,Month-to-month,Fiber optic,No,No,Bank transfer (automatic),97.7,5789,0,0,0.478,Moderate Risk
0314-TKOSI,6,Month-to-month,DSL,No,Yes,Mailed check,55.15,5377,0,0,0.4772,Moderate Risk
9367-WXLCH,8,Month-to-month,Fiber optic,No,No,Bank transfer (automatic),84.5,2152,1,0,0.4772,Moderate Risk
4827-USJHP,20,Month-to-month,DSL,No,No,Mailed check,51.8,2764,0,0,0.4771,Moderate Risk
6689-VRRTK,44,One year,Fiber optic,No,Yes,Credit card (automatic),109.8,5720,0,0,0.4769,Moderate Risk
2599-CZABP,14,One year,DSL,No,No,Electronic check,44.6,4612,0,0,0.4767,Moderate Risk
8053-WWDRO,6,Month-to-month,No,No internet service,No internet service,Bank transfer (automatic),19.5,5579,1,0,0.4766,Moderate Risk
9481-IEBZY,72,Month-to-month,Fiber optic,Yes,Yes,Credit card (automatic),112.9,5569,0,0,0.4766,Moderate Risk
0691-JVSYA,53,One year,Fiber optic,No,No,Bank transfer (automatic),94.85,4328,1,0,0.4758,Moderate Risk
7797-EJMDP,8,Month-to-month,DSL,Yes,Yes,Bank transfer (automatic),66.05,4157,0,0,0.4756,Moderate Risk
3694-GLTJM,5,Month-to-month,No,No internet service,No internet service,Credit card (automatic),19.65,2878,0,0,0.475,Moderate Risk
2346-DJQTB,35,Month-to-month,DSL,No,No,Electronic check,24.15,5097,0,0,0.4748,Moderate Risk
3890-RTCMS,16,Month-to-month,DSL,Yes,No,Mailed check,49.45,3446,0,0,0.4746,Moderate Risk
2229-VWQJH,24,Month-to-month,DSL,No,No,Credit card (automatic),49.3,5394,0,0,0.4738,Moderate Risk
2656-FMOKZ,15,Month-to-month,Fiber optic,No,No,Mailed check,74.45,5717,1,0,0.4736,Moderate Risk
6818-DJXAA,10,Month-to-month,Fiber optic,Yes,No,Electronic check,91.1,3857,0,0,0.4734,Moderate Risk
3870-MQAMG,54,One year,Fiber optic,Yes,No,Electronic check,110.35,6189,1,0,0.4728,Moderate Risk
8903-XEBGX,2,Month-to-month,DSL,No,No,Electronic check,55.3,4594,0,0,0.4728,Moderate Risk
1450-SKCVI,56,Month-to-month,Fiber optic,No,No,Electronic check,73.85,5276,1,0,0.4724,Moderate Risk
0733-VUNUW,24,Month-to-month,DSL,No,Yes,Bank transfer (automatic),55.65,4126,1,0,0.4723,Moderate Risk
6467-CHFZW,47,Month-to-month,Fiber optic,No,No,Electronic check,99.35,5789,1,0,0.4723,Moderate Risk
0621-HJWXJ,63,Month-to-month,Fiber optic,No,No,Bank transfer (automatic),81.55,4980,0,0,0.4718,Moderate Risk
0991-BRRFB,18,Month-to-month,DSL,No,Yes,Electronic check,49.4,4028,1,0,0.4718,Moderate Risk
9057-MSWCO,27,Month-to-month,DSL,No,Yes,Credit card (automatic),30.75,2927,1,0,0.4718,Moderate Risk
2172-EJXVF,71,One year,Fiber optic,No,No,Electronic check,105.9,5479,0,0,0.4715,Moderate Risk
6680-NENYN,43,Two year,Fiber optic,No,No,Electronic check,104.6,5250,1,0,0.471,Moderate Risk
5955-EPOAZ,6,Month-to-month,No,No internet service,No internet service,Mailed check,20.95,5554,0,0,0.4702,Moderate Risk
6345-HOVES,34,Month-to-month,DSL,No,No,Bank transfer (automatic),25.05,3800,0,0,0.4702,Moderate Risk
5028-HTLJB,1,Month-to-month,No,No internet service,No internet service,Mailed check,20.05,3491,1,0,0.4701,Moderate Risk
7128-GGCNO,46,Month-to-month,Fiber optic,No,No,Bank transfer (automatic),72.8,2642,0,0,0.47,Moderate Risk
8108-UXRQN,11,Month-to-month,DSL,No,Yes,Electronic check,50.55,3443,0,0,0.4698,Moderate Risk
0959-WHOKV,42,One year,Fiber optic,No,Yes,Electronic check,99.0,2887,0,0,0.4696,Moderate Risk
4541-RMRLG,7,Month-to-month,No,No internet service,No internet service,Electronic check,19.25,4489,1,0,0.4692,Moderate Risk
8731-WBBMB,26,Month-to-month,DSL,Yes,No,Bank transfer (automatic),81.9,3350,0,0,0.469,Moderate Risk
7409-JURKQ,53,One year,Fiber optic,Yes,No,Bank transfer (automatic),111.8,5713,0,0,0.4688,Moderate Risk
9817-APLHW,12,Month-to-month,No,No internet service,No internet service,Electronic check,25.0,4408,0,0,0.4687,Moderate Risk
1845-CSBRZ,22,Month-to-month,Fiber optic,No,No,Bank transfer (automatic),85.35,2656,0,0,0.4687,Moderate Risk
0303-WMMRN,5,Month-to-month,No,No internet service,No internet service,Mailed check,19.25,3056,0,0,0.4682,Moderate Risk
6952-OMNWB,68,Month-to-month,Fiber optic,No,No,Credit card (automatic),80.35,5581,0,0,0.4682,Moderate Risk
0471-LVHGK,41,One year,DSL,No,No,Electronic check,73.0,2041,1,0,0.4682,Moderate Risk
7733-UDMTP,57,Month-to-month,DSL,No,No,Electronic check,55.0,4622,0,0,0.468,Moderate Risk
0853-NWIFK,45,One year,Fiber optic,No,Yes,Electronic check,100.3,4868,0,0,0.4677,Moderate Risk
8212-DJRCH,5,Month-to-month,Fiber optic,No,Yes,Mailed check,90.35,4014,0,0,0.4674,Moderate Risk
5380-WJKOV,34,Month-to-month,Fiber optic,No,No,Electronic check,106.35,2941,1,0,0.4672,Moderate Risk
3763-GCZHZ,66,One year,Fiber optic,Yes,No,Electronic check,104.05,5504,1,0,0.467,Moderate Risk
3167-SNQPL,38,Month-to-month,Fiber optic,No,No,Electronic check,101.15,4036,0,0,0.4668,Moderate Risk
0365-TRTPY,37,Month-to-month,Fiber optic,No,Yes,Bank transfer (automatic),91.2,5135,0,0,0.4668,Moderate Risk
0096-FCPUF,30,Month-to-month,DSL,No,Yes,Mailed check,64.5,5039,0,0,0.4668,Moderate Risk
3842-IYKUE,35,Month-to-month,Fiber optic,Yes,No,Credit card (automatic),85.3,2455,1,0,0.4663,Moderate Risk
7957-RYHQD,40,Month-to-month,Fiber optic,No,Yes,Credit card (automatic),79.2,3207,1,0,0.4661,Moderate Risk
8746-OQQRW,4,Month-to-month,No,No internet service,No internet service,Mailed check,25.25,3962,0,0,0.4659,Moderate Risk
9505-SQFSW,3,Month-to-month,DSL,No,No,Mailed check,40.3,5651,0,0,0.4658,Moderate Risk
7634-WSWDB,8,Month-to-month,DSL,No,Yes,Electronic check,38.5,4194,0,0,0.4657,Moderate Risk
7310-EGVHZ,1,Month-to-month,No,No internet service,No internet service,Bank transfer (automatic),20.2,5526,0,0,0.4653,Moderate Risk
8597-CWYHH,43,One year,Fiber optic,No,No,Mailed check,94.35,5845,0,0,0.4652,Moderate Risk
8547-NSBBO,35,Month-to-month,Fiber optic,Yes,Yes,Mailed check,96.75,5154,0,0,0.4651,Moderate Risk
8317-BVKSO,14,Month-to-month,No,No internet service,No internet service,Electronic check,20.05,5728,0,0,0.4648,Moderate Risk
1814-DKOLC,5,Month-to-month,No,No internet service,No internet service,Mailed check,25.45,4855,0,0,0.4644,Moderate Risk
5294-DMSFH,29,Month-to-month,Fiber optic,No,No,Credit card (automatic),87.8,4780,0,0,0.4631,Moderate Risk
3521-MNKLV,24,Month-to-month,DSL,No,No,Mailed check,49.7,5832,0,0,0.4627,Moderate Risk
4903-UYAVB,5,Month-to-month,No,No internet service,No internet service,Mailed check,19.35,3864,1,0,0.4625,Moderate Risk
3190-XFANI,49,One year,Fiber optic,Yes,No,Bank transfer (automatic),100.6,5585,1,0,0.4625,Moderate Risk
9426-SXNHE,2,Month-to-month,No,No internet service,No internet service,Bank transfer (automatic),18.75,5355,0,0,0.4623,Moderate Risk
1349-WXNGG,1,Month-to-month,No,No internet service,No internet service,Bank transfer (automatic),20.05,4710,1,0,0.4623,Moderate Risk
1041-RXHRA,41,Month-to-month,Fiber optic,No,No,Bank transfer (automatic),70.25,3407,1,0,0.4622,Moderate Risk
4828-FAZPK,16,Month-to-month,Fiber optic,No,No,Credit card (automatic),79.95,3855,0,0,0.4617,Moderate Risk
3174-RKMOW,35,Month-to-month,Fiber optic,Yes,No,Electronic check,109.95,5721,0,0,0.4617,Moderate Risk
7921-LMDFQ,51,One year,Fiber optic,No,No,Bank transfer (automatic),94.0,6034,0,0,0.4615,Moderate Risk
2220-IAHLS,1,Month-to-month,No,No internet service,No internet service,Credit card (automatic),19.4,5566,0,0,0.4615,Moderate Risk
6647-ZEDXT,30,One year,Fiber optic,Yes,No,Credit card (automatic),110.45,4983,0,0,0.4614,Moderate Risk
8329-IBCTI,1,Month-to-month,No,No internet service,No internet service,Mailed check,19.65,5881,1,0,0.4613,Moderate Risk
4486-EFAEB,13,Month-to-month,No,No internet service,No internet service,Electronic check,20.4,2486,0,0,0.4613,Moderate Risk
2576-HXMPA,1,Month-to-month,No,No internet service,No internet service,Credit card (automatic),19.55,5537,0,0,0.4611,Moderate Risk
4350-ZTLPI,53,One year,Fiber optic,Yes,No,Bank transfer (automatic),108.95,4163,0,0,0.4609,Moderate Risk
8605-ITULD,1,Month-to-month,No,No internet service,No internet service,Mailed check,19.55,5750,0,0,0.4609,Moderate Risk
2672-TGEFF,37,Month-to-month,Fiber optic,No,No,Electronic check,88.8,3746,0,0,0.4607,Moderate Risk
4685-ERGHK,57,One year,Fiber optic,No,No,Electronic check,86.9,6109,0,0,0.4606,Moderate Risk
3794-NFNCH,30,Month-to-month,DSL,No,No,Mailed check,50.0,4715,0,0,0.4598,Moderate Risk
2592-YKDIF,1,Month-to-month,No,No internet service,No internet service,Mailed check,20.35,5774,0,0,0.4597,Moderate Risk
0970-QXPXW,1,Month-to-month,No,No internet service,No internet service,Mailed check,19.65,5454,0,0,0.4596,Moderate Risk
2659-VXMWZ,67,One year,Fiber optic,No,Yes,Electronic check,111.3,4146,1,0,0.4593,Moderate Risk
7551-JOHTI,1,Month-to-month,No,No internet service,No internet service,Mailed check,19.5,5211,1,0,0.4588,Moderate Risk
3723-BFBGR,24,Month-to-month,DSL,No,No,Credit card (automatic),54.8,4330,0,0,0.4585,Moderate Risk
1194-SPVSP,1,Month-to-month,No,No internet service,No internet service,Bank transfer (automatic),19.65,3625,0,0,0.4585,Moderate Risk
3717-OFRTN,1,Month-to-month,No,No internet service,No internet service,Bank transfer (automatic),19.75,3595,0,0,0.4582,Moderate Risk
2654-VBVPB,1,Month-to-month,No,No internet service,No internet service,Bank transfer (automatic),19.9,2010,0,0,0.4581,Moderate Risk
8295-FHIVV,7,Month-to-month,No,No internet service,No internet service,Mailed check,19.4,5873,0,0,0.4579,Moderate Risk
0426-TIRNE,1,Month-to-month,No,No internet service,No internet service,Mailed check,20.9,5527,1,0,0.4579,Moderate Risk
4612-THJBS,56,One year,Fiber optic,No,No,Bank transfer (automatic),104.75,5605,1,0,0.4578,Moderate Risk
6654-QGBZZ,1,Month-to-month,No,No internet service,No internet service,Mailed check,19.9,5057,0,0,0.4575,Moderate Risk
7434-SHXLS,1,Month-to-month,No,No internet service,No internet service,Mailed check,20.9,5421,1,0,0.4574,Moderate Risk
9820-RMCQV,11,Month-to-month,DSL,No,Yes,Credit card (automatic),48.55,4444,1,0,0.4574,Moderate Risk
3863-IUBJR,12,One year,DSL,No,No,Credit card (automatic),53.65,2595,1,0,0.4572,Moderate Risk
4869-EPIUS,56,One year,Fiber optic,No,No,Electronic check,80.9,5344,0,0,0.4571,Moderate Risk
3545-CNWRG,49,Month-to-month,Fiber optic,No,No,Electronic check,98.35,4325,0,0,0.457,Moderate Risk
1135-LMECX,1,Month-to-month,No,No internet service,No internet service,Mailed check,19.85,4905,0,0,0.457,Moderate Risk
2000-MPKCA,58,One year,Fiber optic,No,Yes,Electronic check,107.75,5121,0,0,0.4565,Moderate Risk
7721-DVEKZ,1,Month-to-month,No,No internet service,No internet service,Mailed check,19.65,4639,0,0,0.4562,Moderate Risk
7854-EDSSA,22,Month-to-month,DSL,No,Yes,Electronic check,59.0,2195,1,0,0.4558,Moderate Risk
3402-XRIUO,22,Month-to-month,DSL,Yes,Yes,Mailed check,63.55,2136,0,0,0.4554,Moderate Risk
3981-QSVQI,8,Month-to-month,No,No internet service,No internet service,Bank transfer (automatic),19.7,5498,0,0,0.4553,Moderate Risk
7926-IJOOU,1,Month-to-month,No,No internet service,No internet service,Credit card (automatic),19.3,5626,0,0,0.4552,Moderate Risk
1120-BMWUB,16,Month-to-month,DSL,Yes,No,Mailed check,53.9,5091,1,0,0.4552,Moderate Risk
1866-OBPNR,1,Month-to-month,Fiber optic,No,No,Credit card (automatic),74.6,5494,0,0,0.455,Moderate Risk
8409-WQJUX,25,One year,DSL,Yes,No,Electronic check,54.2,4458,0,0,0.4548,Moderate Risk
7018-WBJNK,13,Month-to-month,Fiber optic,No,No,Credit card (automatic),78.3,5566,0,0,0.4547,Moderate Risk
6286-SUUWT,1,Month-to-month,No,No internet service,No internet service,Mailed check,19.95,5916,0,0,0.4543,Moderate Risk
3900-AQPHZ,1,Month-to-month,No,No internet service,No internet service,Mailed check,19.9,4248,1,0,0.4542,Moderate Risk
9753-OYLBX,1,Month-to-month,No,No internet service,No internet service,Mailed check,20.5,4454,0,0,0.4541,Moderate Risk
5198-EFNBM,57,One year,Fiber optic,No,No,Electronic check,90.65,5636,0,0,0.4541,Moderate Risk
6141-OOXUQ,1,Month-to-month,No,No internet service,No internet service,Mailed check,19.65,5717,1,0,0.454,Moderate Risk
6615-ZGEDR,1,Month-to-month,No,No internet service,No internet service,Mailed check,19.7,5707,1,0,0.4539,Moderate Risk
6124-ACRHJ,1,Month-to-month,No,No internet service,No internet service,Mailed check,19.75,4099,0,0,0.4539,Moderate Risk
1710-RCXUS,51,One year,Fiber optic,No,No,Credit card (automatic),90.35,4965,0,0,0.4538,Moderate Risk
2866-IKBTM,1,Month-to-month,No,No internet service,No internet service,Mailed check,19.55,3968,0,0,0.4537,Moderate Risk
0617-FHSGK,49,Month-to-month,Fiber optic,No,No,Credit card (automatic),75.2,5283,1,0,0.4535,Moderate Risk
7878-RTCZG,1,Month-to-month,No,No internet service,No internet service,Mailed check,19.9,4050,0,0,0.4534,Moderate Risk
3148-BLQJT,1,Month-to-month,No,No internet service,No internet service,Mailed check,20.1,5747,1,0,0.4534,Moderate Risk
4892-VLANZ,1,Month-to-month,No,No internet service,No internet service,Mailed check,19.8,5600,1,0,0.4533,Moderate Risk
1015-OWJKI,1,Month-to-month,No,No internet service,No internet service,Mailed check,19.05,5279,0,0,0.4532,Moderate Risk
7698-YFGEZ,1,Month-to-month,No,No internet service,No internet service,Mailed check,20.0,5650,0,0,0.4532,Moderate Risk
9800-ONTFE,22,Month-to-month,Fiber optic,No,No,Bank transfer (automatic),75.8,4479,0,0,0.4531,Moderate Risk
8182-PNAGI,12,Month-to-month,DSL,Yes,No,Bank transfer (automatic),50.25,3624,1,0,0.453,Moderate Risk
0537-QYZZN,24,Month-to-month,Fiber optic,No,Yes,Electronic check,79.85,3412,0,0,0.4529,Moderate Risk
9389-ACWBI,5,Month-to-month,Fiber optic,No,No,Credit card (automatic),69.95,3850,0,0,0.4528,Moderate Risk
5624-BQSSA,1,Month-to-month,No,No internet service,No internet service,Mailed check,20.95,4285,1,0,0.4527,Moderate Risk
8981-FJGLA,11,Month-to-month,Fiber optic,No,No,Mailed check,78.0,4886,0,0,0.4525,Moderate Risk
1918-ZBFQJ,13,Month-to-month,Fiber optic,No,No,Electronic check,79.25,5142,1,0,0.4523,Moderate Risk
4393-RYCRE,44,One year,Fiber optic,No,Yes,Electronic check,106.05,4588,0,0,0.4522,Moderate Risk
8937-RDTHP,1,Month-to-month,Fiber optic,No,Yes,Mailed check,84.6,2484,1,0,0.452,Moderate Risk
4786-UKSNZ,1,Month-to-month,No,No internet service,No internet service,Mailed check,20.2,5418,1,0,0.4519,Moderate Risk
7251-XFOIL,61,Month-to-month,Fiber optic,No,No,Mailed check,89.2,5536,0,0,0.4519,Moderate Risk
6569-KTMDU,1,Month-to-month,No,No internet service,No internet service,Mailed check,19.1,3313,0,0,0.4517,Moderate Risk
8203-XJZRC,1,Month-to-month,No,No internet service,No internet service,Mailed check,20.25,5384,0,0,0.4517,Moderate Risk
8952-WCVCD,41,One year,Fiber optic,No,Yes,Bank transfer (automatic),104.45,2719,0,0,0.4516,Moderate Risk
2002-MZHWP,1,Month-to-month,No,No internet service,No internet service,Mailed check,20.5,3820,1,0,0.4515,Moderate Risk
5982-FPVQN,37,Month-to-month,Fiber optic,No,No,Electronic check,95.15,3407,0,0,0.4515,Moderate Risk
3927-NLNRY,53,One year,Fiber optic,No,No,Bank transfer (automatic),94.25,5414,1,0,0.4514,Moderate Risk
3780-YVMFA,8,Month-to-month,DSL,Yes,No,Electronic check,68.55,3123,0,0,0.4513,Moderate Risk
7243-LCGGZ,1,Month-to-month,No,No internet service,No internet service,Mailed check,20.9,3901,0,0,0.4512,Moderate Risk
3976-NLDEZ,1,Month-to-month,No,No internet service,No internet service,Mailed check,20.6,5370,0,0,0.4511,Moderate Risk
1963-VAUKV,1,Month-to-month,No,No internet service,No internet service,Mailed check,20.4,3663,1,0,0.4511,Moderate Risk
6728-WYQBC,1,Month-to-month,No,No internet service,No internet service,Bank transfer (automatic),20.95,2285,0,0,0.4509,Moderate Risk
8562-GHPPI,1,Month-to-month,No,No internet service,No internet service,Credit card (automatic),19.8,3129,0,0,0.4509,Moderate Risk
2676-ISHSF,1,Month-to-month,No,No internet service,No internet service,Mailed check,20.3,5203,0,0,0.4509,Moderate Risk
7856-GANIL,45,One year,Fiber optic,Yes,No,Bank transfer (automatic),98.7,2535,0,0,0.4508,Moderate Risk
2308-STERM,2,Month-to-month,No,No internet service,No internet service,Mailed check,19.4,5816,0,0,0.4507,Moderate Risk
0810-BDHAW,24,One year,DSL,No,Yes,Electronic check,78.4,2506,0,0,0.4506,Moderate Risk
7239-HZZCX,1,Month-to-month,No,No internet service,No internet service,Mailed check,19.75,4851,1,0,0.4503,Moderate Risk
1663-MHLHE,1,Month-to-month,No,No internet service,No internet service,Mailed check,19.2,4629,0,0,0.4503,Moderate Risk
1905-OEILC,1,Month-to-month,No,No internet service,No internet service,Mailed check,19.5,3107,0,0,0.4502,Moderate Risk
9975-SKRNR,1,Month-to-month,No,No internet service,No internet service,Mailed check,18.9,4480,0,0,0.4502,Moderate Risk
7603-USHJS,12,Month-to-month,Fiber optic,No,No,Credit card (automatic),73.75,2010,1,0,0.4502,Moderate Risk
0103-CSITQ,57,One year,Fiber optic,Yes,No,Bank transfer (automatic),109.4,6026,0,0,0.4501,Moderate Risk
7530-HDYDS,38,Month-to-month,Fiber optic,Yes,No,Credit card (automatic),84.25,2885,1,0,0.4501,Moderate Risk
7175-NTIXE,25,Month-to-month,DSL,Yes,Yes,Credit card (automatic),76.15,3955,0,0,0.4501,Moderate Risk
9708-KFDBY,1,Month-to-month,No,No internet service,No internet service,Credit card (automatic),20.55,4801,0,0,0.4499,Moderate Risk
3370-GQEAL,30,Month-to-month,Fiber optic,No,No,Electronic check,85.45,3409,0,0,0.4498,Moderate Risk
1066-JKSGK,1,Month-to-month,No,No internet service,No internet service,Mailed check,20.15,4832,1,0,0.4496,Moderate Risk
8974-OVACP,1,Month-to-month,No,No internet service,No internet service,Mailed check,20.15,3167,0,0,0.4495,Moderate Risk
8985-OOPOS,1,One year,DSL,Yes,No,Credit card (automatic),74.1,2900,0,0,0.4494,Moderate Risk
8715-KKTFG,61,One year,Fiber optic,Yes,No,Bank transfer (automatic),103.3,5401,0,0,0.4493,Moderate Risk
6627-CFOSN,59,Month-to-month,Fiber optic,No,Yes,Bank transfer (automatic),99.45,5247,0,0,0.4493,Moderate Risk
8378-LKJAF,38,Month-to-month,Fiber optic,No,No,Credit card (automatic),101.15,3738,0,0,0.4493,Moderate Risk
6778-JFCMK,24,One year,DSL,No,Yes,Mailed check,50.6,4806,0,0,0.4492,Moderate Risk
4412-YLTKF,27,Month-to-month,Fiber optic,No,No,Electronic check,78.05,4638,1,0,0.4492,Moderate Risk
0673-IGUQO,1,Month-to-month,No,No internet service,No internet service,Mailed check,20.45,4845,0,0,0.4492,Moderate Risk
7694-VLBWQ,67,One year,Fiber optic,No,No,Electronic check,104.1,4857,1,0,0.4492,Moderate Risk
4879-GZLFH,42,Month-to-month,Fiber optic,No,No,Electronic check,92.15,5697,0,0,0.4491,Moderate Risk
2542-HYGIQ,1,Month-to-month,No,No internet service,No internet service,Credit card (automatic),19.95,2732,0,0,0.449,Moderate Risk
2270-CHBFN,44,Month-to-month,Fiber optic,Yes,Yes,Credit card (automatic),95.1,2221,0,0,0.4489,Moderate Risk
2716-GFZOR,43,Month-to-month,Fiber optic,No,Yes,Credit card (automatic),86.1,2358,0,0,0.4489,Moderate Risk
1386-ZIKUV,7,Month-to-month,No,No internet service,No internet service,Mailed check,18.95,4097,0,0,0.4488,Moderate Risk
9818-XQCUV,2,Month-to-month,No,No internet service,No internet service,Mailed check,20.35,5994,0,0,0.4488,Moderate Risk
3886-CERTZ,72,One year,Fiber optic,Yes,No,Electronic check,109.25,4261,1,0,0.4487,Moderate Risk
7302-ZHMHP,1,Month-to-month,No,No internet service,No internet service,Mailed check,19.15,2577,0,0,0.4486,Moderate Risk
4118-CEVPF,35,One year,Fiber optic,Yes,Yes,Bank transfer (automatic),110.8,2125,0,0,0.4486,Moderate Risk
8048-DSDFQ,1,Month-to-month,No,No internet service,No internet service,Mailed check,20.2,4496,0,0,0.4482,Moderate Risk
5766-ZJYBB,1,Month-to-month,No,No internet service,No internet service,Mailed check,19.4,4152,1,0,0.448,Moderate Risk
7622-NXQZR,28,Month-to-month,DSL,Yes,No,Credit card (automatic),30.1,2653,0,0,0.448,Moderate Risk
3709-OIJEA,26,One year,Fiber optic,Yes,No,Electronic check,85.2,5156,0,0,0.4477,Moderate Risk
7016-NVRIC,29,One year,Fiber optic,No,Yes,Bank transfer (automatic),90.1,3553,0,0,0.4477,Moderate Risk
3090-QFUVD,1,Month-to-month,No,No internet service,No internet service,Credit card (automatic),20.3,2507,0,0,0.4476,Moderate Risk
9122-UMROB,1,Month-to-month,No,No internet service,No internet service,Mailed check,20.3,4270,0,0,0.4471,Moderate Risk
1934-SJVJK,1,Month-to-month,No,No internet service,No internet service,Mailed check,20.15,4103,1,0,0.4467,Moderate Risk
1202-KKGFU,12,Month-to-month,DSL,Yes,Yes,Bank transfer (automatic),54.2,4474,0,0,0.4462,Moderate Risk
7241-AJHFS,32,Month-to-month,Fiber optic,Yes,Yes,Bank transfer (automatic),87.65,2426,0,0,0.4461,Moderate Risk
4923-ADWXJ,25,Month-to-month,DSL,Yes,No,Bank transfer (automatic),65.8,3962,0,0,0.4461,Moderate Risk
7601-WFVZV,1,Month-to-month,No,No internet service,No internet service,Mailed check,19.55,3718,0,0,0.446,Moderate Risk
7845-URHJN,8,Month-to-month,No,No internet service,No internet service,Bank transfer (automatic),20.15,4785,1,0,0.4458,Moderate Risk
1029-QFBEN,1,Month-to-month,No,No internet service,No internet service,Mailed check,19.55,3556,1,0,0.4454,Moderate Risk
1984-FCOWB,70,One year,Fiber optic,Yes,No,Electronic check,109.5,4191,1,0,0.4452,Moderate Risk
9788-YTFGE,7,Month-to-month,No,No internet service,No internet service,Mailed check,19.95,3331,0,0,0.4452,Moderate Risk
6345-ULYRW,44,One year,Fiber optic,No,No,Mailed check,88.4,2674,1,0,0.4452,Moderate Risk
4877-EVATK,1,Month-to-month,No,No internet service,No internet service,Mailed check,20.0,3657,1,0,0.4451,Moderate Risk
3727-JEZTU,1,Month-to-month,No,No internet service,No internet service,Mailed check,20.4,2152,0,0,0.4449,Moderate Risk
2342-CKIAO,2,Month-to-month,No,No internet service,No internet service,Mailed check,20.3,5074,0,0,0.4448,Moderate Risk
7143-BQIBA,10,Month-to-month,DSL,Yes,Yes,Bank transfer (automatic),62.25,3415,0,0,0.4447,Moderate Risk
4745-LSPLO,1,Month-to-month,No,No internet service,No internet service,Mailed check,20.5,3731,1,0,0.4446,Moderate Risk
3247-MHJKM,1,Month-to-month,No,No internet service,No internet service,Mailed check,20.2,3586,0,0,0.4445,Moderate Risk
1051-GEJLJ,2,Month-to-month,No,No internet service,No internet service,Mailed check,19.5,4836,0,0,0.4443,Moderate Risk
2065-MMKGR,29,One year,DSL,No,No,Credit card (automatic),71.0,4226,0,0,0.4442,Moderate Risk
3055-OYMSE,53,Month-to-month,Fiber optic,No,No,Credit card (automatic),73.8,6469,0,0,0.4441,Moderate Risk
5049-GLYVG,1,Month-to-month,No,No internet service,No internet service,Mailed check,20.6,3618,1,0,0.444,Moderate Risk
4013-GUXND,1,Month-to-month,No,No internet service,No internet service,Mailed check,20.8,3678,0,0,0.4439,Moderate Risk
3785-NRHYR,1,Month-to-month,No,No internet service,No internet service,Mailed check,19.65,3192,0,0,0.4438,Moderate Risk
9058-HRZSV,65,Month-to-month,Fiber optic,No,Yes,Electronic check,94.4,5348,0,0,0.4436,Moderate Risk
0366-NQSHS,2,Month-to-month,No,No internet service,No internet service,Mailed check,19.35,5863,0,0,0.4434,Moderate Risk
0002-ORFBO,9,One year,DSL,Yes,No,Mailed check,65.6,2205,0,0,0.4427,Moderate Risk
7036-ZZKBD,31,Month-to-month,DSL,Yes,No,Credit card (automatic),66.4,3282,0,0,0.4423,Moderate Risk
8205-OTCHB,22,One year,DSL,No,No,Bank transfer (automatic),43.75,3099,1,0,0.4422,Moderate Risk
7140-ADSMJ,8,Month-to-month,No,No internet service,No internet service,Credit card (automatic),20.45,5624,0,0,0.4422,Moderate Risk
7159-FVYPK,3,Month-to-month,DSL,No,No,Bank transfer (automatic),69.15,2301,0,0,0.4421,Moderate Risk
1193-RTSLK,38,Month-to-month,Fiber optic,No,Yes,Credit card (automatic),83.9,2157,1,0,0.4419,Moderate Risk
4211-MMAZN,1,Month-to-month,No,No internet service,No internet service,Mailed check,20.25,2959,1,0,0.4419,Moderate Risk
0870-VEMYL,5,Month-to-month,DSL,Yes,Yes,Credit card (automatic),53.85,5435,1,0,0.4418,Moderate Risk
6579-JPICP,1,Month-to-month,No,No internet service,No internet service,Mailed check,20.4,2968,0,0,0.4417,Moderate Risk
3030-ZKIWL,1,Month-to-month,No,No internet service,No internet service,Mailed check,20.05,2798,0,0,0.4415,Moderate Risk
1591-NFNLQ,51,Month-to-month,Fiber optic,No,No,Credit card (automatic),80.0,4769,1,0,0.4415,Moderate Risk
2700-LUEVA,1,Month-to-month,No,No internet service,No internet service,Credit card (automatic),20.75,2791,0,0,0.4414,Moderate Risk
1796-JANOW,2,Month-to-month,No,No internet service,No internet service,Mailed check,19.95,4079,0,0,0.4412,Moderate Risk
6380-ARCEH,1,Month-to-month,No,No internet service,No internet service,Mailed check,20.2,2710,0,0,0.4409,Moderate Risk
2212-LYASK,27,One year,DSL,No,No,Credit card (automatic),45.85,2068,0,0,0.4408,Moderate Risk
1855-CFULU,4,Month-to-month,No,No internet service,No internet service,Mailed check,20.05,3460,0,0,0.4408,Moderate Risk
7502-BNYGS,46,Month-to-month,DSL,No,No,Credit card (automatic),69.1,2333,0,0,0.4407,Moderate Risk
3930-ZGWVE,1,Month-to-month,No,No internet service,No internet service,Mailed check,19.75,2484,0,0,0.4407,Moderate Risk
5067-DGXLL,2,Month-to-month,No,No internet service,No internet service,Mailed check,20.25,5736,0,0,0.4407,Moderate Risk
3590-TCXTB,1,Month-to-month,No,No internet service,No internet service,Mailed check,20.35,2648,0,0,0.4404,Moderate Risk
2668-TZSPS,1,Month-to-month,No,No internet service,No internet service,Mailed check,20.45,2664,0,0,0.4403,Moderate Risk
4939-KYYPY,27,Month-to-month,DSL,Yes,No,Electronic check,59.45,4818,0,0,0.4402,Moderate Risk
2843-CQMEG,24,Month-to-month,DSL,No,No,Mailed check,49.7,2911,0,0,0.4402,Moderate Risk
9441-QHEVC,1,Month-to-month,No,No internet service,No internet service,Mailed check,19.1,2091,0,0,0.4402,Moderate Risk
0564-MUUQK,20,Month-to-month,Fiber optic,Yes,No,Bank transfer (automatic),95.5,3186,0,0,0.4402,Moderate Risk
7746-AWNQW,28,Month-to-month,DSL,Yes,No,Mailed check,35.75,2431,0,0,0.4402,Moderate Risk
5562-YJQGT,2,Month-to-month,No,No internet service,No internet service,Credit card (automatic),20.35,3746,0,0,0.44,Moderate Risk
2111-DWYHN,1,Month-to-month,No,No internet service,No internet service,Mailed check,21.1,2810,0,0,0.4399,Moderate Risk
4195-SMMNX,2,Month-to-month,No,No internet service,No internet service,Mailed check,20.35,5627,1,0,0.4399,Moderate Risk
8393-JMVMB,1,Month-to-month,No,No internet service,No internet service,Mailed check,19.45,2133,0,0,0.4398,Moderate Risk
9825-YCXWZ,41,One year,Fiber optic,Yes,No,Bank transfer (automatic),101.1,2227,0,0,0.4398,Moderate Risk
7096-UCLNH,1,Month-to-month,No,No internet service,No internet service,Mailed check,20.05,2313,0,0,0.4396,Moderate Risk
2811-POVEX,23,Month-to-month,Fiber optic,No,No,Bank transfer (automatic),88.45,3937,0,0,0.4394,Moderate Risk
6258-NGCNG,7,Month-to-month,No,No internet service,No internet service,Mailed check,23.5,5508,0,0,0.4392,Moderate Risk
2839-RFSQE,2,Month-to-month,No,No internet service,No internet service,Mailed check,20.65,3845,1,0,0.4391,Moderate Risk
3237-AJGEH,3,Month-to-month,DSL,Yes,No,Mailed check,31.0,5122,1,0,0.4388,Moderate Risk
9701-CDXHR,51,Month-to-month,Fiber optic,No,No,Mailed check,69.15,5187,0,0,0.4387,Moderate Risk
8749-CLJXC,1,Month-to-month,No,No internet service,No internet service,Mailed check,20.05,2067,0,0,0.4386,Moderate Risk
0396-HUJBP,2,Month-to-month,No,No internet service,No internet service,Mailed check,19.3,3009,0,0,0.4383,Moderate Risk
8644-XYTSV,42,Month-to-month,DSL,No,Yes,Bank transfer (automatic),40.15,4348,0,0,0.4382,Moderate Risk
8189-HBVRW,53,Month-to-month,Fiber optic,No,Yes,Electronic check,90.8,5249,0,0,0.438,Moderate Risk
3313-QKNKB,59,One year,Fiber optic,No,No,Electronic check,85.55,6304,1,0,0.438,Moderate Risk
4283-IVYCI,9,Month-to-month,DSL,Yes,Yes,Mailed check,64.95,3013,0,0,0.4378,Moderate Risk
0188-GWFLE,2,Month-to-month,No,No internet service,No internet service,Mailed check,20.05,4978,0,0,0.4378,Moderate Risk
7483-IQWIB,37,Month-to-month,Fiber optic,No,No,Electronic check,92.95,3462,0,0,0.4377,Moderate Risk
2239-JALAW,58,One year,Fiber optic,No,No,Bank transfer (automatic),103.25,6105,1,0,0.4376,Moderate Risk
1110-KYLGQ,63,Month-to-month,Fiber optic,No,Yes,Credit card (automatic),108.25,5331,0,0,0.4375,Moderate Risk
9101-BWFSS,50,One year,Fiber optic,Yes,Yes,Electronic check,108.55,4274,1,0,0.437,Moderate Risk
4580-TMHJU,43,Month-to-month,DSL,No,No,Electronic check,56.15,2152,1,0,0.437,Moderate Risk
1840-BIUOG,20,One year,DSL,Yes,No,Electronic check,68.7,2989,0,0,0.4367,Moderate Risk
0178-CIIKR,3,Month-to-month,No,No internet service,No internet service,Mailed check,19.95,5949,0,0,0.4366,Moderate Risk
1614-JBEBI,8,Month-to-month,No,No internet service,No internet service,Mailed check,20.7,3330,0,0,0.4364,Moderate Risk
5919-VCZYM,2,Month-to-month,No,No internet service,No internet service,Mailed check,20.05,4394,0,0,0.436,Moderate Risk
9904-EHEVJ,32,Month-to-month,Fiber optic,No,No,Mailed check,91.35,2965,0,0,0.436,Moderate Risk
3445-HXXGF,58,Month-to-month,DSL,No,No,Electronic check,45.3,5444,1,0,0.436,Moderate Risk
8999-XXGNS,72,One year,Fiber optic,No,No,Credit card (automatic),105.75,5832,0,0,0.4359,Moderate Risk
9033-EOXWV,12,One year,DSL,Yes,No,Mailed check,74.05,4149,1,0,0.4359,Moderate Risk
9101-NTIXF,2,Month-to-month,No,No internet service,No internet service,Mailed check,19.4,3954,0,0,0.4359,Moderate Risk
9986-BONCE,4,Month-to-month,No,No internet service,No internet service,Bank transfer (automatic),20.95,5822,1,0,0.4357,Moderate Risk
0030-FNXPP,3,Month-to-month,No,No internet service,No internet service,Mailed check,19.85,5634,0,0,0.4354,Moderate Risk
4789-KWMXN,47,One year,Fiber optic,Yes,Yes,Credit card (automatic),110.85,3344,1,0,0.4353,Moderate Risk
4826-TZEVA,40,Month-to-month,Fiber optic,No,No,Credit card (automatic),74.8,3258,0,0,0.4353,Moderate Risk
9770-LXDBK,3,Month-to-month,No,No internet service,No internet service,Mailed check,20.4,5695,0,0,0.4352,Moderate Risk
5945-AZYHT,71,One year,Fiber optic,No,Yes,Electronic check,109.6,4564,0,0,0.4351,Moderate Risk
0883-EIBTI,2,Month-to-month,No,No internet service,No internet service,Mailed check,19.5,2484,1,0,0.435,Moderate Risk
8190-ZTQFB,41,One year,DSL,No,No,Electronic check,51.35,5622,0,0,0.435,Moderate Risk
3936-QQFLL,2,Month-to-month,No,No internet service,No internet service,Mailed check,19.75,4064,0,0,0.435,Moderate Risk
0895-LMRSF,23,One year,DSL,No,No,Bank transfer (automatic),64.9,3314,0,0,0.4349,Moderate Risk
4846-WHAFZ,37,Month-to-month,Fiber optic,No,No,Electronic check,76.5,2793,1,0,0.4349,Moderate Risk
8059-UDZFY,33,Month-to-month,Fiber optic,No,No,Bank transfer (automatic),105.35,4738,0,0,0.4347,Moderate Risk
8292-TYSPY,19,Month-to-month,DSL,Yes,No,Credit card (automatic),55.0,4539,1,0,0.4336,Moderate Risk
6743-HHQPF,42,Month-to-month,DSL,No,No,Credit card (automatic),25.1,4959,0,0,0.4336,Moderate Risk
9700-ZCLOT,2,Month-to-month,No,No internet service,No internet service,Mailed check,20.0,3922,0,0,0.4335,Moderate Risk
8148-BPLZQ,34,Month-to-month,DSL,No,No,Electronic check,49.8,2711,0,0,0.4335,Moderate Risk
0816-TSPHQ,2,Month-to-month,No,No internet service,No internet service,Mailed check,20.75,3976,0,0,0.4333,Moderate Risk
1591-MQJTP,51,One year,Fiber optic,No,Yes,Bank transfer (automatic),93.65,4163,0,0,0.4329,Moderate Risk
8006-PYCSW,2,Month-to-month,No,No internet service,No internet service,Mailed check,20.1,2051,0,0,0.4328,Moderate Risk
1666-JZPZT,27,Month-to-month,DSL,No,No,Mailed check,49.0,5428,0,0,0.4328,Moderate Risk
9332-GYWLO,6,Month-to-month,DSL,No,No,Electronic check,54.85,5729,0,0,0.4327,Moderate Risk
0409-WTMPL,58,One year,Fiber optic,No,Yes,Credit card (automatic),110.65,4761,0,0,0.4326,Moderate Risk
1518-OMDIK,33,Month-to-month,DSL,No,No,Credit card (automatic),44.55,2422,0,0,0.4326,Moderate Risk
8150-QUDFX,2,Month-to-month,No,No internet service,No internet service,Mailed check,19.85,3300,0,0,0.4325,Moderate Risk
1625-JAIIY,68,One year,Fiber optic,No,No,Electronic check,83.0,4714,1,0,0.4325,Moderate Risk
5651-YLPRD,32,Month-to-month,Fiber optic,No,No,Electronic check,86.1,4970,0,0,0.4324,Moderate Risk
0442-ZXKVS,54,One year,Fiber optic,Yes,Yes,Bank transfer (automatic),115.6,4337,0,0,0.4324,Moderate Risk
6907-CQGPN,29,Month-to-month,DSL,Yes,No,Electronic check,34.3,2555,0,0,0.4323,Moderate Risk
1170-SASML,69,Month-to-month,Fiber optic,No,No,Bank transfer (automatic),85.4,5976,0,0,0.4322,Moderate Risk
4083-BFNYK,38,One year,Fiber optic,No,Yes,Credit card (automatic),95.0,5148,0,0,0.432,Moderate Risk
1629-DQQVB,14,Month-to-month,DSL,No,Yes,Bank transfer (automatic),50.1,2331,0,0,0.4318,Moderate Risk
4361-JEIVL,1,Month-to-month,DSL,No,No,Electronic check,44.4,4067,1,0,0.4315,Moderate Risk
4676-MQUEA,50,One year,Fiber optic,No,Yes,Bank transfer (automatic),101.9,4184,0,0,0.4314,Moderate Risk
1767-TGTKO,8,Month-to-month,DSL,No,No,Electronic check,45.45,4651,0,0,0.4314,Moderate Risk
4801-JZAZL,11,Month-to-month,DSL,No,Yes,Electronic check,29.6,2793,0,0,0.4312,Moderate Risk
4753-PADAS,67,One year,Fiber optic,No,No,Bank transfer (automatic),105.7,5027,0,0,0.431,Moderate Risk
9025-ZRPVR,9,Month-to-month,No,No internet service,No internet service,Mailed check,18.95,5403,1,0,0.4309,Moderate Risk
3230-WYKIR,18,One year,DSL,Yes,No,Credit card (automatic),82.0,3306,1,0,0.4308,Moderate Risk
6686-YPGHK,47,Month-to-month,Fiber optic,No,Yes,Mailed check,85.5,3645,1,0,0.4303,Moderate Risk
6734-CKRSM,3,Month-to-month,No,No internet service,No internet service,Mailed check,20.0,4258,0,0,0.4301,Moderate Risk
1169-SAOCL,49,One year,Fiber optic,Yes,No,Bank transfer (automatic),106.65,5154,0,0,0.4299,Moderate Risk
7203-OYKCT,72,One year,Fiber optic,No,No,Electronic check,104.95,5760,0,0,0.4298,Moderate Risk
5206-HPJKM,17,Month-to-month,DSL,No,Yes,Credit card (automatic),55.5,3190,0,0,0.4289,Moderate Risk
4360-QRAVE,37,Month-to-month,DSL,No,No,Electronic check,36.65,2494,0,0,0.4288,Moderate Risk
4929-ROART,18,Month-to-month,DSL,No,Yes,Mailed check,56.25,2277,0,0,0.4287,Moderate Risk
4785-NKHCX,5,Month-to-month,No,No internet service,No internet service,Bank transfer (automatic),20.05,2154,0,0,0.4285,Moderate Risk
6994-ORCWG,14,One year,DSL,No,No,Mailed check,54.25,4423,0,0,0.4283,Moderate Risk
4710-FDUIZ,56,One year,Fiber optic,No,No,Credit card (automatic),100.3,5170,1,0,0.4283,Moderate Risk
6383-ZTSIW,39,One year,Fiber optic,No,Yes,Mailed check,99.1,4599,0,0,0.4281,Moderate Risk
6806-YDEUL,6,Month-to-month,No,No internet service,No internet service,Bank transfer (automatic),19.5,3288,0,0,0.4279,Moderate Risk
7108-DGVUU,21,One year,DSL,No,No,Bank transfer (automatic),71.7,2784,0,0,0.4274,Moderate Risk
5345-BMKWB,8,Month-to-month,No,No internet service,No internet service,Mailed check,20.25,4964,0,0,0.4271,Moderate Risk
0137-UDEUO,3,Month-to-month,No,No internet service,No internet service,Mailed check,19.85,3398,1,0,0.4269,Moderate Risk
3806-YAZOV,3,Month-to-month,No,No internet service,No internet service,Mailed check,18.8,3010,0,0,0.4265,Moderate Risk
9342-VNIMQ,33,Month-to-month,DSL,No,No,Bank transfer (automatic),54.65,5201,0,0,0.4262,Moderate Risk
3199-NPKCN,67,One year,Fiber optic,Yes,Yes,Electronic check,111.25,5649,0,0,0.4262,Moderate Risk
2284-VFLKH,49,One year,Fiber optic,Yes,No,Credit card (automatic),99.25,4995,0,0,0.4259,Moderate Risk
5140-FOMCQ,59,One year,Fiber optic,No,Yes,Credit card (automatic),109.15,5186,0,0,0.4255,Moderate Risk
6425-YQLLO,66,One year,Fiber optic,Yes,No,Credit card (automatic),105.95,6117,1,0,0.4253,Moderate Risk
8851-RAGOV,25,Month-to-month,DSL,Yes,Yes,Mailed check,71.05,5620,0,0,0.4252,Moderate Risk
4860-YZGZM,10,Month-to-month,No,No internet service,No internet service,Electronic check,20.0,2706,0,0,0.4251,Moderate Risk
1355-KUSBG,7,Month-to-month,DSL,No,No,Electronic check,48.8,4785,0,0,0.425,Moderate Risk
4936-YPJNK,10,Month-to-month,No,No internet service,No internet service,Mailed check,19.9,5811,0,0,0.425,Moderate Risk
8091-TTVAX,58,One year,Fiber optic,No,No,Credit card (automatic),100.35,6432,0,0,0.4249,Moderate Risk
8250-ZNGGW,5,Month-to-month,DSL,Yes,Yes,Credit card (automatic),59.9,3662,0,0,0.4247,Moderate Risk
6131-FOYAS,35,Month-to-month,DSL,No,Yes,Electronic check,59.6,2187,0,0,0.4244,Moderate Risk
4138-NAXED,51,Month-to-month,Fiber optic,No,No,Bank transfer (automatic),81.0,4121,0,0,0.4244,Moderate Risk
3339-EAQNV,72,One year,Fiber optic,No,No,Credit card (automatic),97.25,6156,0,0,0.4243,Moderate Risk
6777-TGHTM,53,One year,Fiber optic,No,Yes,Credit card (automatic),106.95,5550,1,0,0.4242,Moderate Risk
5687-DKDTV,4,Month-to-month,No,No internet service,No internet service,Mailed check,20.35,5984,1,0,0.424,Moderate Risk
3170-GWYKC,60,Month-to-month,Fiber optic,Yes,Yes,Bank transfer (automatic),104.95,5926,0,0,0.4236,Moderate Risk
2379-GYFLQ,46,One year,Fiber optic,No,No,Credit card (automatic),94.9,5316,0,0,0.4235,Moderate Risk
1698-XFZCI,61,One year,Fiber optic,No,Yes,Electronic check,107.75,5364,0,0,0.4234,Moderate Risk
9391-YZEJW,62,One year,Fiber optic,No,No,Bank transfer (automatic),94.0,4778,0,0,0.4233,Moderate Risk
1229-RCALF,64,One year,Fiber optic,Yes,Yes,Electronic check,115.0,5189,0,0,0.4233,Moderate Risk
4132-POCZS,52,Month-to-month,DSL,No,Yes,Electronic check,39.9,6371,0,0,0.423,Moderate Risk
4397-FRLTA,4,Month-to-month,No,No internet service,No internet service,Mailed check,20.15,5535,0,0,0.423,Moderate Risk
3847-BAERP,10,Month-to-month,No,No internet service,No internet service,Mailed check,20.9,4905,0,0,0.4229,Moderate Risk
6097-EQISJ,66,One year,Fiber optic,No,No,Credit card (automatic),102.45,4688,1,0,0.4229,Moderate Risk
1216-JWVUX,25,Month-to-month,Fiber optic,No,No,Electronic check,75.5,5985,0,0,0.4228,Moderate Risk
7025-IWFHT,41,One year,Fiber optic,Yes,No,Electronic check,89.55,5549,0,0,0.4217,Moderate Risk
0851-DFJKB,15,Month-to-month,DSL,Yes,Yes,Electronic check,58.95,4497,0,0,0.4216,Moderate Risk
1208-DNHLN,23,One year,DSL,No,No,Credit card (automatic),48.35,4580,1,0,0.4214,Moderate Risk
2718-GAXQD,4,Month-to-month,DSL,No,No,Electronic check,46.0,4797,1,0,0.4214,Moderate Risk
6142-VSJQO,1,Month-to-month,DSL,No,No,Bank transfer (automatic),44.35,4599,1,0,0.4214,Moderate Risk
1385-TQOZW,9,Month-to-month,No,No internet service,No internet service,Credit card (automatic),20.45,2392,0,0,0.4213,Moderate Risk
4016-BJKTZ,25,Two year,Fiber optic,Yes,No,Electronic check,108.9,4398,0,0,0.4212,Moderate Risk
4895-TMWIR,11,Month-to-month,No,No internet service,No internet service,Mailed check,19.95,5888,1,0,0.4203,Moderate Risk
3415-TAILE,2,Month-to-month,DSL,No,No,Mailed check,65.7,4265,1,0,0.42,Moderate Risk
2155-AMQRX,28,Month-to-month,DSL,Yes,No,Credit card (automatic),54.9,2885,0,0,0.42,Moderate Risk
0877-SDMBN,54,One year,Fiber optic,No,Yes,Bank transfer (automatic),103.95,6117,1,0,0.4199,Moderate Risk
1371-DWPAZ,0,Two year,DSL,Yes,Yes,Credit card (automatic),56.05,4740,0,0,0.4198,Moderate Risk
1153-GNOLC,33,One year,DSL,No,No,Electronic check,39.1,2855,0,0,0.4197,Moderate Risk
8970-ANWXO,23,One year,DSL,Yes,No,Mailed check,73.75,3483,0,0,0.4193,Moderate Risk
1336-EZFZY,4,Month-to-month,No,No internet service,No internet service,Mailed check,20.05,4596,0,0,0.4193,Moderate Risk
5073-WXOYN,60,Month-to-month,DSL,No,No,Electronic check,50.8,4941,1,0,0.419,Moderate Risk
3524-WQDSG,43,Month-to-month,Fiber optic,No,No,Bank transfer (automatic),99.3,3280,0,0,0.4188,Moderate Risk
9618-LFJRU,4,Month-to-month,No,No internet service,No internet service,Credit card (automatic),20.45,4344,0,0,0.4186,Moderate Risk
2186-QZEYA,29,Month-to-month,DSL,No,Yes,Bank transfer (automatic),58.55,2044,0,0,0.4179,Moderate Risk
2758-RNWXS,35,One year,Fiber optic,Yes,Yes,Electronic check,89.2,4446,0,0,0.4177,Moderate Risk
3736-BLEPA,28,One year,Fiber optic,Yes,No,Bank transfer (automatic),91.25,2886,0,0,0.4174,Moderate Risk
3845-JHAMY,16,Month-to-month,DSL,No,No,Credit card (automatic),35.5,2069,0,0,0.4173,Moderate Risk
6402-SSEJG,25,One year,DSL,No,Yes,Electronic check,61.05,3695,0,0,0.4172,Moderate Risk
2903-YYTBW,1,Month-to-month,DSL,No,No,Electronic check,44.55,3408,0,0,0.4172,Moderate Risk
5760-WRAHC,22,Month-to-month,DSL,Yes,Yes,Mailed check,69.75,3509,0,0,0.417,Moderate Risk
6261-LHRTG,26,Month-to-month,DSL,No,No,Credit card (automatic),54.75,4020,0,0,0.4165,Moderate Risk
9408-HRXRK,45,Month-to-month,Fiber optic,No,Yes,Electronic check,105.15,5915,0,0,0.4165,Moderate Risk
3675-EQOZA,5,Month-to-month,No,No internet service,No internet service,Bank transfer (automatic),20.65,5597,0,0,0.4159,Moderate Risk
5951-AOFIH,33,Month-to-month,DSL,No,No,Credit card (automatic),66.4,3843,0,0,0.4158,Moderate Risk
6776-TLWOI,3,Month-to-month,No,No internet service,No internet service,Mailed check,19.85,2158,1,0,0.4155,Moderate Risk
2359-QWQUL,39,One year,Fiber optic,Yes,Yes,Credit card (automatic),104.7,2371,1,0,0.4154,Moderate Risk
8439-LTUGF,10,Month-to-month,No,No internet service,No internet service,Credit card (automatic),20.0,4802,0,0,0.4153,Moderate Risk
2673-CXQEU,56,One year,Fiber optic,No,Yes,Electronic check,110.5,4463,0,0,0.4152,Moderate Risk
2858-MOFSQ,17,One year,DSL,No,No,Mailed check,55.85,5472,1,0,0.4148,Moderate Risk
8064-RAVOH,1,Month-to-month,DSL,No,No,Electronic check,49.85,5323,0,0,0.4147,Moderate Risk
4558-CGYCZ,4,Month-to-month,No,No internet service,No internet service,Mailed check,19.75,4987,0,0,0.4145,Moderate Risk
9972-VAFJJ,53,One year,Fiber optic,Yes,No,Electronic check,94.0,6355,0,0,0.4145,Moderate Risk
1472-TNCWL,36,Month-to-month,Fiber optic,No,No,Electronic check,94.7,4671,0,0,0.4144,Moderate Risk
1784-BXEFA,10,Month-to-month,No,No internet service,No internet service,Mailed check,20.55,3595,0,0,0.4143,Moderate Risk
7083-YNSKY,15,Month-to-month,No,No internet service,No internet service,Credit card (automatic),25.4,2853,1,0,0.4142,Moderate Risk
4332-MUOEZ,20,One year,Fiber optic,Yes,Yes,Credit card (automatic),94.3,2574,0,0,0.4141,Moderate Risk
8410-BGQXN,4,Month-to-month,No,No internet service,No internet service,Mailed check,19.4,4402,0,0,0.4138,Moderate Risk
6728-DKUCO,72,One year,Fiber optic,No,Yes,Electronic check,104.15,4594,0,0,0.4133,Moderate Risk
5349-AZPEW,5,Month-to-month,DSL,No,No,Mailed check,25.05,2071,0,0,0.4132,Moderate Risk
0308-IVGOK,11,One year,DSL,Yes,No,Credit card (automatic),40.4,2133,0,0,0.4131,Moderate Risk
6394-HHHZM,3,Month-to-month,No,No internet service,No internet service,Mailed check,20.7,2011,0,0,0.413,Moderate Risk
5569-IDSEY,71,One year,Fiber optic,No,No,Bank transfer (automatic),105.7,4420,0,0,0.4129,Moderate Risk
7234-KMNRQ,4,Month-to-month,No,No internet service,No internet service,Mailed check,19.0,4345,0,0,0.4129,Moderate Risk
5697-GOMBF,28,Month-to-month,DSL,No,No,Electronic check,35.9,5444,0,0,0.4127,Moderate Risk
1397-XKKWR,7,One year,DSL,No,Yes,Mailed check,35.3,3463,0,0,0.4126,Moderate Risk
1925-GMVBW,5,Month-to-month,No,No internet service,No internet service,Credit card (automatic),20.55,5967,0,0,0.4125,Moderate Risk
5298-GSTLM,60,One year,Fiber optic,No,Yes,Bank transfer (automatic),101.4,4483,0,0,0.4123,Moderate Risk
0111-KLBQG,32,Month-to-month,Fiber optic,No,No,Mailed check,93.95,2844,0,0,0.4116,Moderate Risk
4765-OXPPD,9,Month-to-month,DSL,Yes,Yes,Mailed check,65.0,3983,1,0,0.4114,Moderate Risk
9367-OIUXP,4,Month-to-month,No,No internet service,No internet service,Mailed check,20.7,4676,0,0,0.4114,Moderate Risk
7639-SUPCW,22,Month-to-month,DSL,No,Yes,Credit card (automatic),48.8,2270,1,0,0.4113,Moderate Risk
8944-AILEF,15,Month-to-month,No,No internet service,No internet service,Credit card (automatic),19.45,2483,0,0,0.4112,Moderate Risk
6281-FKEWS,44,One year,DSL,No,No,Electronic check,49.05,3910,0,0,0.4111,Moderate Risk
8945-MUQUF,51,One year,Fiber optic,No,Yes,Electronic check,94.8,5074,1,0,0.4111,Moderate Risk
8495-PRWFH,42,Month-to-month,DSL,No,No,Electronic check,55.65,5831,0,0,0.4111,Moderate Risk
9938-EKRGF,15,Month-to-month,DSL,Yes,Yes,Mailed check,84.45,4653,0,0,0.4106,Moderate Risk
3363-EWLGO,5,Month-to-month,No,No internet service,No internet service,Mailed check,19.95,5252,0,0,0.4105,Moderate Risk
3948-XHGNA,24,Month-to-month,DSL,No,Yes,Bank transfer (automatic),49.55,5005,1,0,0.41,Moderate Risk
3675-YDUPJ,10,Month-to-month,No,No internet service,No internet service,Mailed check,19.85,3768,0,0,0.41,Moderate Risk
5481-NTDOH,67,One year,Fiber optic,No,Yes,Credit card (automatic),107.05,4126,0,0,0.4099,Moderate Risk
3977-QCRSL,5,Month-to-month,No,No internet service,No internet service,Mailed check,20.15,5020,0,0,0.4098,Moderate Risk
4747-LCAQL,25,Month-to-month,DSL,Yes,Yes,Mailed check,79.0,5263,0,0,0.4096,Moderate Risk
6959-GQEGV,45,Month-to-month,DSL,No,Yes,Electronic check,75.95,2185,0,0,0.4092,Moderate Risk
1452-KIOVK,22,Month-to-month,Fiber optic,No,No,Credit card (automatic),89.1,4459,0,0,0.4091,Moderate Risk
8769-KKTPH,63,One year,Fiber optic,No,Yes,Credit card (automatic),99.65,4572,0,0,0.409,Moderate Risk
0639-TSIQW,67,Month-to-month,Fiber optic,No,Yes,Credit card (automatic),102.95,5620,1,0,0.4086,Moderate Risk
9571-EDEBV,71,One year,Fiber optic,No,No,Credit card (automatic),98.65,5101,0,0,0.4082,Moderate Risk
5222-JCXZT,4,Month-to-month,No,No internet service,No internet service,Mailed check,19.0,3022,0,0,0.408,Moderate Risk
0384-RVBPI,20,Month-to-month,DSL,No,Yes,Credit card (automatic),64.4,2120,0,0,0.4078,Moderate Risk
0584-BJQGZ,25,Month-to-month,DSL,Yes,Yes,Bank transfer (automatic),78.35,4855,0,0,0.4076,Moderate Risk
2720-FVBQP,6,Month-to-month,DSL,No,No,Credit card (automatic),48.95,3061,0,0,0.407,Moderate Risk
7740-BTPUX,55,Two year,Fiber optic,Yes,No,Electronic check,113.6,5754,0,0,0.4068,Moderate Risk
7787-BNTZM,6,Month-to-month,No,No internet service,No internet service,Bank transfer (automatic),20.15,5761,0,0,0.4066,Moderate Risk
9142-KZXOP,44,Month-to-month,Fiber optic,No,No,Credit card (automatic),68.85,2053,0,0,0.4066,Moderate Risk
3703-TTEPD,21,Month-to-month,DSL,No,Yes,Bank transfer (automatic),65.35,2887,0,0,0.4064,Moderate Risk
5149-CUZUJ,28,One year,Fiber optic,Yes,No,Bank transfer (automatic),92.9,2037,0,0,0.4059,Moderate Risk
4140-WJAWW,5,Month-to-month,No,No internet service,No internet service,Credit card (automatic),19.85,3799,1,0,0.4058,Moderate Risk
7868-BGSZA,43,One year,DSL,No,Yes,Electronic check,80.2,5888,0,0,0.4056,Moderate Risk
0330-BGYZE,60,One year,Fiber optic,No,No,Bank transfer (automatic),102.5,4968,0,0,0.4056,Moderate Risk
6723-WSNTY,66,One year,Fiber optic,Yes,No,Credit card (automatic),108.1,5360,0,0,0.4056,Moderate Risk
1409-PHXTF,54,Two year,Fiber optic,Yes,No,Electronic check,110.45,4425,0,0,0.4055,Moderate Risk
9943-VSZUV,67,Month-to-month,Fiber optic,No,No,Mailed check,75.7,5823,0,0,0.4047,Moderate Risk
5882-CMAZQ,5,Month-to-month,DSL,Yes,No,Electronic check,34.25,5100,0,0,0.4043,Moderate Risk
9651-GTSAQ,53,One year,Fiber optic,No,Yes,Bank transfer (automatic),106.1,4471,1,0,0.404,Moderate Risk
3161-GETRM,34,Month-to-month,Fiber optic,No,No,Credit card (automatic),90.05,4648,0,0,0.4039,Moderate Risk
4701-MLJPN,31,Month-to-month,DSL,Yes,No,Electronic check,55.25,2933,1,0,0.4037,Moderate Risk
6322-PJJDJ,49,Two year,Fiber optic,No,No,Electronic check,94.8,4252,0,0,0.4036,Moderate Risk
5709-LVOEQ,0,Two year,DSL,No,Yes,Mailed check,80.85,2048,0,0,0.4034,Moderate Risk
8384-FZBJK,57,Month-to-month,Fiber optic,No,No,Electronic check,100.6,6351,0,0,0.4031,Moderate Risk
2538-OIMXF,1,Month-to-month,DSL,No,No,Mailed check,24.7,3065,0,0,0.403,Moderate Risk
0064-YIJGF,27,Month-to-month,Fiber optic,No,No,Bank transfer (automatic),75.75,4994,0,0,0.403,Moderate Risk
2439-QKJUL,5,Month-to-month,No,No internet service,No internet service,Mailed check,20.25,5064,0,0,0.4029,Moderate Risk
9842-EFSYY,4,Month-to-month,DSL,No,Yes,Mailed check,57.2,2421,0,0,0.4027,Moderate Risk
5351-QESIO,1,Month-to-month,DSL,No,No,Mailed check,24.2,4276,0,0,0.4021,Moderate Risk
2978-XXSOG,22,Month-to-month,DSL,Yes,Yes,Mailed check,59.05,3995,0,0,0.4017,Moderate Risk
0867-MKZVY,20,Month-to-month,Fiber optic,No,Yes,Electronic check,82.4,5719,1,0,0.4015,Moderate Risk
2486-WYVVE,31,One year,DSL,Yes,No,Mailed check,79.3,5238,0,0,0.4013,Moderate Risk
5268-DSMNQ,62,One year,Fiber optic,No,No,Credit card (automatic),97.95,5428,0,0,0.4009,Moderate Risk
5968-XQIVE,72,One year,Fiber optic,No,No,Electronic check,89.7,6016,0,0,0.4007,Moderate Risk
9970-QBCDA,6,Month-to-month,No,No internet service,No internet service,Credit card (automatic),19.7,5387,0,0,0.4006,Moderate Risk
9821-BESNZ,66,One year,Fiber optic,Yes,No,Electronic check,104.25,4915,0,0,0.4005,Moderate Risk
7811-JIVPF,23,Month-to-month,DSL,No,No,Credit card (automatic),49.7,4790,0,0,0.4004,Moderate Risk
1585-MQSSU,17,Month-to-month,DSL,Yes,No,Mailed check,51.5,5659,1,0,0.4001,Moderate Risk
6377-KSLXC,5,Month-to-month,No,No internet service,No internet service,Mailed check,19.95,4281,0,0,0.4001,Moderate Risk
0440-MOGPM,41,One year,DSL,No,No,Electronic check,80.55,4176,0,0,0.3995,Moderate Risk
0319-QZTCO,3,Month-to-month,DSL,No,No,Credit card (automatic),58.7,3654,0,0,0.3994,Moderate Risk
7964-YESJC,24,Month-to-month,DSL,No,Yes,Mailed check,66.3,2235,0,0,0.3994,Moderate Risk
7743-EXURX,8,Month-to-month,DSL,No,No,Electronic check,51.05,3758,1,0,0.3992,Moderate Risk
8444-WRIDW,66,Month-to-month,Fiber optic,No,No,Credit card (automatic),80.45,5011,1,0,0.3985,Moderate Risk
9659-ZTWSM,66,One year,Fiber optic,Yes,No,Bank transfer (automatic),107.35,4138,0,0,0.3985,Moderate Risk
0032-PGELS,1,Month-to-month,DSL,No,Yes,Bank transfer (automatic),30.5,5171,1,0,0.3985,Moderate Risk
9518-RWHZL,64,One year,Fiber optic,No,No,Credit card (automatic),100.05,5452,1,0,0.3981,Moderate Risk
9798-DRYDS,17,One year,DSL,Yes,No,Mailed check,61.95,4759,0,0,0.3981,Moderate Risk
3891-PUQOD,1,Month-to-month,DSL,No,No,Electronic check,59.2,5020,1,0,0.398,Moderate Risk
3164-YAXFY,57,Month-to-month,DSL,No,Yes,Electronic check,53.75,5594,0,0,0.3977,Moderate Risk
1867-TJHTS,58,Month-to-month,Fiber optic,No,Yes,Bank transfer (automatic),79.8,5709,0,0,0.3976,Moderate Risk
7682-AZNDK,34,Month-to-month,Fiber optic,No,No,Electronic check,89.85,3096,0,0,0.3973,Moderate Risk
0701-RFGFI,49,Month-to-month,Fiber optic,No,No,Bank transfer (automatic),95.4,6136,0,0,0.3972,Moderate Risk
8671-KKKOS,46,Month-to-month,DSL,No,Yes,Electronic check,45.55,5565,0,0,0.3971,Moderate Risk
5850-BDWCY,6,Month-to-month,No,No internet service,No internet service,Mailed check,20.2,5029,0,0,0.397,Moderate Risk
2928-HLDBA,6,Month-to-month,No,No internet service,No internet service,Mailed check,20.7,5346,0,0,0.3967,Moderate Risk
5766-XQXMQ,29,Month-to-month,DSL,No,Yes,Bank transfer (automatic),68.85,5449,1,0,0.3964,Moderate Risk
8474-UMLNT,13,Month-to-month,DSL,Yes,Yes,Bank transfer (automatic),67.8,4115,0,0,0.3962,Moderate Risk
3787-TRIAL,21,Month-to-month,DSL,No,No,Electronic check,26.05,4302,0,0,0.3961,Moderate Risk
5734-EJKXG,61,One year,Fiber optic,Yes,Yes,Electronic check,118.6,5536,0,0,0.3955,Moderate Risk
1009-IRMNA,7,Month-to-month,No,No internet service,No internet service,Bank transfer (automatic),20.0,4479,1,0,0.3955,Moderate Risk
7706-DZNKK,11,Month-to-month,No,No internet service,No internet service,Credit card (automatic),20.45,2642,0,0,0.3954,Moderate Risk
3130-ICDUP,2,Month-to-month,Fiber optic,No,Yes,Credit card (automatic),80.55,5346,0,0,0.3953,Moderate Risk
7968-QUXNS,6,Month-to-month,No,No internet service,No internet service,Mailed check,18.95,5920,0,0,0.3952,Moderate Risk
4701-AHWMW,55,Month-to-month,DSL,Yes,No,Bank transfer (automatic),54.55,6041,1,0,0.395,Moderate Risk
2911-WDXMV,18,Month-to-month,Fiber optic,No,No,Credit card (automatic),80.55,5334,0,0,0.395,Moderate Risk
0130-SXOUN,66,Month-to-month,Fiber optic,No,No,Credit card (automatic),89.4,4889,0,0,0.395,Moderate Risk
4323-SADQS,7,Month-to-month,DSL,Yes,Yes,Electronic check,34.5,3520,1,0,0.3943,Moderate Risk
8849-GYOKR,54,One year,Fiber optic,No,Yes,Bank transfer (automatic),106.55,4893,1,0,0.394,Moderate Risk
3221-CJMSG,24,Month-to-month,DSL,Yes,No,Credit card (automatic),51.1,2515,0,0,0.3937,Moderate Risk
2577-GVSIL,35,One year,DSL,Yes,No,Bank transfer (automatic),73.45,4719,0,0,0.3936,Moderate Risk
0804-XBFBV,11,Month-to-month,DSL,No,No,Electronic check,25.2,5916,0,0,0.3932,Moderate Risk
0956-ACVZC,54,One year,Fiber optic,No,No,Credit card (automatic),94.1,4084,0,0,0.3932,Moderate Risk
2159-TURXX,5,Month-to-month,No,No internet service,No internet service,Credit card (automatic),20.05,2483,0,0,0.3931,Moderate Risk
4075-JFPGR,51,One year,Fiber optic,No,Yes,Electronic check,93.5,5561,0,0,0.3931,Moderate Risk
8785-EPNCG,11,Month-to-month,No,No internet service,No internet service,Credit card (automatic),23.15,5671,1,0,0.3931,Moderate Risk
1406-PUQVY,1,Month-to-month,DSL,No,No,Electronic check,49.9,3239,0,0,0.3926,Moderate Risk
3694-DELSO,4,Month-to-month,DSL,No,Yes,Credit card (automatic),38.55,3824,0,0,0.3926,Moderate Risk
2692-AQCPF,65,One year,Fiber optic,Yes,No,Credit card (automatic),108.05,6047,0,0,0.3924,Moderate Risk
6296-DDOOR,19,One year,DSL,No,No,Electronic check,58.2,4033,0,0,0.3924,Moderate Risk
0278-YXOOG,5,Month-to-month,No,No internet service,No internet service,Mailed check,21.05,2604,1,0,0.3922,Moderate Risk
6112-KTHFQ,13,Month-to-month,No,No internet service,No internet service,Mailed check,19.3,5917,0,0,0.392,Moderate Risk
6022-KOUQO,2,Month-to-month,DSL,Yes,No,Bank transfer (automatic),29.05,4998,0,0,0.3915,Moderate Risk
6733-LRIZX,35,Two year,Fiber optic,Yes,Yes,Electronic check,108.95,5903,0,0,0.3915,Moderate Risk
7356-AYNJP,4,One year,No,No internet service,No internet service,Electronic check,23.9,5685,0,0,0.3913,Moderate Risk
6621-YOBKI,5,Month-to-month,No,No internet service,No internet service,Mailed check,20.35,2303,0,0,0.3907,Moderate Risk
8979-CAMGB,64,One year,Fiber optic,Yes,No,Electronic check,102.1,6100,0,0,0.3903,Moderate Risk
6797-UCJHZ,66,One year,Fiber optic,No,No,Credit card (automatic),104.6,5722,0,0,0.3901,Moderate Risk
4187-CINZD,46,One year,Fiber optic,No,No,Credit card (automatic),95.25,3180,1,0,0.3901,Moderate Risk
2750-BJLSB,47,One year,Fiber optic,Yes,Yes,Electronic check,103.7,4543,0,0,0.3899,Moderate Risk
5151-HQRDG,37,Month-to-month,DSL,No,Yes,Mailed check,55.05,3839,0,0,0.3895,Moderate Risk
8920-NAVAY,62,One year,Fiber optic,Yes,No,Bank transfer (automatic),110.75,5166,0,0,0.3893,Moderate Risk
1383-EZRWL,7,Month-to-month,No,No internet service,No internet service,Mailed check,20.05,5595,1,0,0.3891,Moderate Risk
6972-SNKKW,6,Month-to-month,No,No internet service,No internet service,Mailed check,20.0,3142,0,0,0.389,Moderate Risk
1785-BPHTP,28,Month-to-month,Fiber optic,No,No,Electronic check,85.45,4022,0,0,0.3886,Moderate Risk
2896-TBNBE,40,One year,Fiber optic,No,No,Electronic check,80.8,3387,0,0,0.3881,Moderate Risk
7188-CBBBA,65,One year,Fiber optic,No,No,Electronic check,95.5,6153,0,0,0.3879,Moderate Risk
6131-JLWZM,13,Month-to-month,No,No internet service,No internet service,Mailed check,20.3,5332,0,0,0.3879,Moderate Risk
9040-KZVWO,26,One year,Fiber optic,No,No,Bank transfer (automatic),75.5,5184,0,0,0.3873,Moderate Risk
1502-XFCVR,58,One year,Fiber optic,No,Yes,Electronic check,106.45,5902,1,0,0.3869,Moderate Risk
2320-YKQBO,7,Month-to-month,No,No internet service,No internet service,Mailed check,19.3,4764,0,0,0.3857,Moderate Risk
9909-DFRJA,26,One year,Fiber optic,Yes,Yes,Bank transfer (automatic),95.85,3834,0,0,0.3856,Moderate Risk
7789-CRUVC,61,Month-to-month,Fiber optic,Yes,Yes,Credit card (automatic),94.2,5274,0,0,0.3851,Moderate Risk
1810-BOHSY,51,One year,Fiber optic,No,Yes,Credit card (automatic),96.4,4745,0,0,0.3851,Moderate Risk
4926-UMJZD,31,Month-to-month,DSL,Yes,No,Mailed check,49.2,2157,0,0,0.3845,Moderate Risk
1732-FEKLD,54,One year,Fiber optic,No,No,Bank transfer (automatic),94.75,5665,0,0,0.3842,Moderate Risk
1768-HNVGJ,45,Month-to-month,DSL,Yes,Yes,Electronic check,70.05,4223,0,0,0.3838,Moderate Risk
9415-TPKRV,8,Month-to-month,DSL,No,No,Electronic check,55.75,5681,0,0,0.3838,Moderate Risk
0447-BEMNG,48,Month-to-month,DSL,No,Yes,Bank transfer (automatic),45.3,4926,1,0,0.3837,Moderate Risk
4455-BFSPD,61,One year,Fiber optic,Yes,No,Bank transfer (automatic),101.15,5177,0,0,0.3835,Moderate Risk
0239-OXEXL,46,Month-to-month,Fiber optic,No,Yes,Mailed check,84.25,3509,0,0,0.3834,Moderate Risk
3316-UWXUY,50,Month-to-month,Fiber optic,Yes,Yes,Credit card (automatic),93.5,6367,0,0,0.3831,Moderate Risk
0265-PSUAE,16,Month-to-month,Fiber optic,No,Yes,Bank transfer (automatic),100.7,3337,0,0,0.3831,Moderate Risk
5447-WZAFP,53,One year,Fiber optic,No,No,Mailed check,100.3,5377,0,0,0.383,Moderate Risk
6128-DAFVY,56,Month-to-month,DSL,No,No,Credit card (automatic),44.85,4021,0,0,0.3829,Moderate Risk
6341-AEVKX,62,One year,Fiber optic,Yes,Yes,Electronic check,104.3,5905,0,0,0.3829,Moderate Risk
9470-XCCEM,35,Month-to-month,Fiber optic,No,No,Bank transfer (automatic),89.65,2622,0,0,0.3828,Moderate Risk
1707-HABPF,46,One year,Fiber optic,No,No,Bank transfer (automatic),91.3,3191,0,0,0.3827,Moderate Risk
8123-QBNAZ,36,Month-to-month,Fiber optic,No,Yes,Credit card (automatic),104.5,4102,0,0,0.3823,Moderate Risk
6490-FGZAT,6,Month-to-month,No,No internet service,No internet service,Mailed check,20.65,3266,0,0,0.3821,Moderate Risk
1218-VKFPE,12,Month-to-month,No,No internet service,No internet service,Mailed check,19.0,3535,1,0,0.3821,Moderate Risk
6728-CZFEI,15,One year,DSL,No,No,Mailed check,56.15,5473,0,0,0.3817,Moderate Risk
8865-TNMNX,10,One year,DSL,No,No,Mailed check,49.55,2392,0,0,0.3816,Moderate Risk
6080-TCMYC,40,Month-to-month,Fiber optic,No,No,Electronic check,81.2,5370,0,0,0.3814,Moderate Risk
6303-KFWSL,29,One year,DSL,No,No,Electronic check,55.25,5481,0,0,0.3814,Moderate Risk
7663-ZTEGJ,29,One year,Fiber optic,Yes,No,Credit card (automatic),100.55,3055,0,0,0.381,Moderate Risk
9501-UKKNL,59,Month-to-month,DSL,Yes,No,Electronic check,51.7,6107,0,0,0.3809,Moderate Risk
2480-SQIOB,4,Month-to-month,DSL,No,No,Electronic check,44.8,2114,0,0,0.3806,Moderate Risk
3786-WOVKF,72,One year,Fiber optic,No,Yes,Bank transfer (automatic),106.85,4768,0,0,0.3805,Moderate Risk
7825-ECJRF,19,Month-to-month,Fiber optic,Yes,Yes,Electronic check,106.6,3764,1,0,0.3802,Moderate Risk
4323-OHFOW,70,One year,Fiber optic,Yes,No,Bank transfer (automatic),105.55,4605,0,0,0.3798,Moderate Risk
6671-NGWON,7,Month-to-month,No,No internet service,No internet service,Mailed check,20.35,3098,0,0,0.378,Moderate Risk
4198-VFOEA,12,One year,DSL,Yes,Yes,Mailed check,33.6,2990,0,0,0.3772,Moderate Risk
0487-RPVUM,61,Month-to-month,Fiber optic,Yes,Yes,Bank transfer (automatic),99.4,5404,0,0,0.3772,Moderate Risk
9420-LOJKX,15,Month-to-month,Fiber optic,No,Yes,Credit card (automatic),99.1,2966,1,0,0.3771,Moderate Risk
5732-IKGQH,52,One year,Fiber optic,Yes,Yes,Bank transfer (automatic),104.45,5490,0,0,0.3769,Moderate Risk
9609-BENEA,35,One year,DSL,Yes,No,Electronic check,69.0,5283,0,0,0.3765,Moderate Risk
9079-LWTFD,47,Month-to-month,Fiber optic,Yes,Yes,Mailed check,100.75,2508,0,0,0.3762,Moderate Risk
8375-KVTHK,68,One year,Fiber optic,Yes,No,Electronic check,100.3,5757,0,0,0.3762,Moderate Risk
9565-JSNFM,38,One year,Fiber optic,No,No,Bank transfer (automatic),70.45,5437,1,0,0.3759,Moderate Risk
4821-SJHJV,32,Month-to-month,Fiber optic,No,Yes,Electronic check,89.6,4444,0,0,0.3758,Moderate Risk
0750-EKNGL,7,Month-to-month,No,No internet service,No internet service,Mailed check,20.75,4476,0,0,0.3758,Moderate Risk
6198-PNNSZ,56,One year,Fiber optic,No,Yes,Bank transfer (automatic),109.8,5648,0,0,0.3757,Moderate Risk
6137-MFAJN,48,Month-to-month,DSL,No,Yes,Electronic check,44.8,2469,0,0,0.3742,Moderate Risk
8314-DPQHL,9,One year,DSL,Yes,Yes,Mailed check,50.8,5535,0,0,0.374,Moderate Risk
3530-CRZSB,7,Month-to-month,No,No internet service,No internet service,Mailed check,20.65,2100,0,0,0.374,Moderate Risk
0089-IIQKO,39,Month-to-month,Fiber optic,Yes,No,Credit card (automatic),99.95,4447,0,0,0.3739,Moderate Risk
1679-JRFBR,70,One year,Fiber optic,No,Yes,Credit card (automatic),108.15,5192,0,0,0.3738,Moderate Risk
0222-CNVPT,52,Month-to-month,DSL,No,Yes,Credit card (automatic),48.8,4865,0,0,0.3737,Moderate Risk
2791-SFVEW,9,Month-to-month,No,No internet service,No internet service,Bank transfer (automatic),20.15,3772,0,0,0.3731,Moderate Risk
5285-MVEHD,56,One year,Fiber optic,No,Yes,Credit card (automatic),105.6,4196,0,0,0.3729,Moderate Risk
7727-SHVZV,9,Month-to-month,No,No internet service,No internet service,Bank transfer (automatic),19.5,4883,0,0,0.3727,Moderate Risk
3413-CSSTH,41,Month-to-month,DSL,No,No,Bank transfer (automatic),55.7,5590,0,0,0.3726,Moderate Risk
2316-ESMLS,12,One year,DSL,Yes,Yes,Credit card (automatic),33.15,3882,0,0,0.3719,Moderate Risk
6563-VNPMN,45,Month-to-month,Fiber optic,Yes,Yes,Bank transfer (automatic),85.7,5397,0,0,0.3719,Moderate Risk
4660-IRIBM,18,Month-to-month,Fiber optic,No,Yes,Mailed check,87.9,5192,0,0,0.3719,Moderate Risk
0206-TBWLC,54,One year,Fiber optic,Yes,Yes,Mailed check,114.65,4488,0,0,0.3716,Moderate Risk
5168-MQQCA,72,One year,Fiber optic,Yes,No,Bank transfer (automatic),108.5,6288,0,0,0.3713,Moderate Risk
1360-XFJMR,67,One year,Fiber optic,Yes,No,Credit card (automatic),109.7,4017,0,0,0.3708,Moderate Risk
6705-LNMDD,20,Month-to-month,DSL,Yes,No,Mailed check,50.0,5741,0,0,0.3706,Moderate Risk
4908-XAXAY,49,One year,Fiber optic,No,No,Bank transfer (automatic),89.85,5982,0,0,0.3705,Moderate Risk
2252-JHJGE,61,One year,Fiber optic,No,Yes,Electronic check,104.0,4344,0,0,0.37,Moderate Risk
0523-VNGTF,52,Month-to-month,DSL,Yes,No,Electronic check,50.5,5185,0,0,0.3694,Moderate Risk
4459-BBGHE,30,Month-to-month,DSL,No,No,Electronic check,44.5,5833,0,0,0.3691,Moderate Risk
1353-GHZOS,22,One year,DSL,No,Yes,Bank transfer (automatic),59.75,3947,0,0,0.3691,Moderate Risk
2237-ZFSMY,39,One year,Fiber optic,Yes,Yes,Electronic check,95.55,2767,1,0,0.3683,Moderate Risk
2359-KLTEK,41,Month-to-month,Fiber optic,No,No,Bank transfer (automatic),94.9,3539,0,0,0.3681,Moderate Risk
7134-MJPDY,66,One year,Fiber optic,Yes,No,Credit card (automatic),102.85,5569,0,0,0.3679,Moderate Risk
0708-SJDIS,34,Month-to-month,DSL,Yes,No,Mailed check,65.0,5567,0,0,0.3677,Moderate Risk
9402-CXWPL,70,One year,Fiber optic,No,No,Electronic check,98.9,5980,0,0,0.3677,Moderate Risk
2402-TAIRZ,37,One year,Fiber optic,No,No,Electronic check,80.05,3364,0,0,0.3674,Moderate Risk
9494-BDNNC,66,One year,Fiber optic,No,No,Electronic check,95.3,5706,0,0,0.367,Moderate Risk
6979-TNDEU,8,Month-to-month,No,No internet service,No internet service,Mailed check,19.2,2879,0,0,0.3665,Moderate Risk
2946-KIQSP,35,Month-to-month,DSL,Yes,No,Mailed check,33.45,2553,0,0,0.3665,Moderate Risk
8878-RYUKI,52,Month-to-month,DSL,No,No,Electronic check,59.45,6107,0,0,0.3662,Moderate Risk
9504-DSHWM,20,Month-to-month,DSL,Yes,Yes,Bank transfer (automatic),59.2,5924,0,0,0.3662,Moderate Risk
7382-DFJTU,18,Month-to-month,DSL,Yes,No,Credit card (automatic),55.2,2110,0,0,0.366,Moderate Risk
5934-TSSAU,23,Month-to-month,Fiber optic,No,No,Credit card (automatic),75.3,5903,0,0,0.3658,Moderate Risk
7123-WQUHX,38,One year,Fiber optic,Yes,No,Bank transfer (automatic),95.0,4741,0,0,0.3655,Moderate Risk
3865-ZYKAD,69,Month-to-month,Fiber optic,No,Yes,Credit card (automatic),84.9,4503,0,0,0.365,Moderate Risk
2235-ZGKPT,4,Month-to-month,DSL,No,No,Mailed check,50.85,5386,1,0,0.365,Moderate Risk
5985-BEHZK,72,One year,Fiber optic,No,No,Credit card (automatic),105.0,6423,0,0,0.3644,Moderate Risk
6278-FEPBZ,9,Month-to-month,No,No internet service,No internet service,Mailed check,20.25,5546,0,0,0.3642,Moderate Risk
3635-JBPSG,15,Two year,DSL,No,No,Mailed check,38.8,2118,0,0,0.3641,Moderate Risk
2908-ZTPNF,36,Month-to-month,DSL,Yes,No,Bank transfer (automatic),34.85,4452,0,0,0.3636,Moderate Risk
3126-WQMGH,49,Month-to-month,DSL,No,No,Credit card (automatic),52.15,5224,0,0,0.3635,Moderate Risk
7593-JNWRU,6,Month-to-month,DSL,No,No,Bank transfer (automatic),44.6,4525,1,0,0.3634,Moderate Risk
9633-DENPU,47,Month-to-month,DSL,No,No,Bank transfer (automatic),58.6,2613,0,0,0.3632,Moderate Risk
0274-JKUJR,7,Month-to-month,DSL,No,Yes,Mailed check,58.85,3332,0,0,0.3632,Moderate Risk
1919-RTPQD,7,Month-to-month,DSL,No,No,Electronic check,44.75,4699,0,0,0.3628,Moderate Risk
2805-EDJPQ,56,One year,Fiber optic,Yes,No,Credit card (automatic),99.75,5926,0,0,0.3624,Moderate Risk
1852-XEMDW,22,Month-to-month,DSL,No,Yes,Mailed check,65.05,4709,0,0,0.3624,Moderate Risk
6227-FBDXH,69,One year,Fiber optic,No,No,Bank transfer (automatic),99.5,4237,0,0,0.3621,Moderate Risk
3570-YUEKJ,42,Month-to-month,DSL,No,No,Electronic check,49.55,3637,0,0,0.3618,Moderate Risk
0373-AIVNJ,9,One year,DSL,No,Yes,Mailed check,39.55,3755,0,0,0.3617,Moderate Risk
0699-NDKJM,57,Month-to-month,DSL,No,Yes,Bank transfer (automatic),58.75,4115,0,0,0.3616,Moderate Risk
8268-YDIXR,56,One year,Fiber optic,No,Yes,Electronic check,93.15,4778,0,0,0.3612,Moderate Risk
2202-OUTMO,34,Month-to-month,DSL,Yes,Yes,Bank transfer (automatic),60.85,3012,0,0,0.3608,Moderate Risk
4079-VTGLK,30,Two year,DSL,No,No,Electronic check,74.85,5610,0,0,0.3607,Moderate Risk
5522-JBWMO,1,Month-to-month,DSL,No,No,Electronic check,44.0,4020,0,0,0.3605,Moderate Risk
0786-IVLAW,66,One year,Fiber optic,No,No,Bank transfer (automatic),108.1,4722,0,0,0.3602,Moderate Risk
9259-PACGQ,34,Month-to-month,DSL,Yes,Yes,Electronic check,62.65,3918,1,0,0.3601,Moderate Risk
5977-CKHON,43,Month-to-month,Fiber optic,No,No,Bank transfer (automatic),92.55,3853,0,0,0.3598,Moderate Risk
9475-NNDGC,71,One year,Fiber optic,Yes,No,Bank transfer (automatic),113.15,4068,0,0,0.3589,Moderate Risk
9644-UMGQA,6,Month-to-month,DSL,No,Yes,Electronic check,49.15,4076,0,0,0.3589,Moderate Risk
0282-NVSJS,12,Month-to-month,DSL,Yes,No,Mailed check,29.3,3353,0,0,0.3588,Moderate Risk
5522-NYKPB,25,Month-to-month,Fiber optic,Yes,No,Electronic check,85.9,3153,0,0,0.3584,Moderate Risk
9137-UIYPG,35,Month-to-month,Fiber optic,Yes,Yes,Electronic check,106.9,5447,0,0,0.3582,Moderate Risk
5156-UMKOW,3,Month-to-month,DSL,No,No,Mailed check,29.65,5880,0,0,0.3582,Moderate Risk
7102-JJVTX,9,One year,DSL,No,Yes,Mailed check,48.6,4562,0,0,0.3582,Moderate Risk
4023-RTIQM,31,One year,DSL,No,Yes,Credit card (automatic),50.4,2166,0,0,0.3581,Moderate Risk
5678-VFNEQ,71,One year,Fiber optic,No,Yes,Credit card (automatic),104.1,4695,0,0,0.358,Moderate Risk
5074-FBGHB,64,One year,Fiber optic,Yes,No,Credit card (automatic),104.65,6443,0,0,0.358,Moderate Risk
7361-YPXFS,28,Month-to-month,DSL,Yes,No,Bank transfer (automatic),64.45,3820,0,0,0.3579,Moderate Risk
2294-SALNE,23,One year,Fiber optic,Yes,No,Mailed check,86.8,3200,0,0,0.3579,Moderate Risk
8905-IAZPF,69,One year,Fiber optic,No,No,Credit card (automatic),95.65,5251,0,0,0.3576,Moderate Risk
4568-TTZRT,9,Month-to-month,No,No internet service,No internet service,Mailed check,20.4,5380,0,0,0.3569,Moderate Risk
4592-IWTJI,3,Month-to-month,DSL,No,Yes,Credit card (automatic),29.7,2613,1,0,0.3568,Moderate Risk
7576-JMYWV,46,Month-to-month,Fiber optic,Yes,Yes,Electronic check,110.2,4162,0,0,0.3568,Moderate Risk
0484-FFVBJ,32,One year,DSL,No,No,Bank transfer (automatic),64.85,4895,0,0,0.3567,Moderate Risk
9036-CSKBW,51,One year,Fiber optic,No,Yes,Bank transfer (automatic),107.45,5446,0,0,0.3561,Moderate Risk
1991-VOPLL,9,Month-to-month,No,No internet service,No internet service,Mailed check,19.05,3248,0,0,0.3556,Moderate Risk
8017-UVSZU,40,Month-to-month,DSL,No,No,Credit card (automatic),56.6,3359,0,0,0.3555,Moderate Risk
9357-UJRUN,24,One year,DSL,Yes,Yes,Electronic check,58.35,5428,0,0,0.3552,Moderate Risk
7998-ZLXWN,15,Month-to-month,No,No internet service,No internet service,Credit card (automatic),20.45,5184,0,0,0.3551,Moderate Risk
5995-OIGLP,12,Month-to-month,DSL,Yes,Yes,Mailed check,56.65,3043,1,0,0.355,Moderate Risk
1950-KSVVJ,45,One year,Fiber optic,Yes,Yes,Mailed check,113.3,4885,0,0,0.3549,Moderate Risk
5396-IZEPB,9,Month-to-month,No,No internet service,No internet service,Credit card (automatic),19.7,4194,0,0,0.3545,Moderate Risk
8224-IVVPA,27,Month-to-month,DSL,No,Yes,Mailed check,56.7,4472,0,0,0.3544,Moderate Risk
1142-IHLOO,51,One year,Fiber optic,No,No,Credit card (automatic),87.55,6021,0,0,0.3542,Moderate Risk
5863-OOKCL,10,Month-to-month,No,No internet service,No internet service,Mailed check,18.85,5949,0,0,0.3538,Moderate Risk
9863-JZAIC,35,Month-to-month,DSL,No,No,Mailed check,55.0,2220,1,0,0.3538,Moderate Risk
5353-WILCI,28,Month-to-month,DSL,No,Yes,Electronic check,56.05,4468,0,0,0.3535,Moderate Risk
5924-IFQTT,13,Month-to-month,DSL,Yes,No,Electronic check,72.8,2862,0,0,0.3529,Moderate Risk
0943-ZQPXH,44,Month-to-month,Fiber optic,No,No,Bank transfer (automatic),92.95,5635,0,0,0.3526,Moderate Risk
2957-JIRMN,62,One year,Fiber optic,No,No,Electronic check,84.45,4166,0,0,0.352,Moderate Risk
3173-NVMPX,9,Month-to-month,DSL,No,No,Mailed check,55.3,4291,0,0,0.3507,Moderate Risk
9249-FXSCK,52,One year,Fiber optic,Yes,Yes,Credit card (automatic),111.25,4861,1,0,0.3504,Moderate Risk
1346-PJWTK,61,Month-to-month,Fiber optic,Yes,No,Credit card (automatic),94.15,4806,0,0,0.3504,Moderate Risk
4374-YMUSQ,34,One year,Fiber optic,Yes,Yes,Credit card (automatic),116.25,4022,0,0,0.3503,Moderate Risk
2040-OBMLJ,31,One year,Fiber optic,Yes,No,Credit card (automatic),81.7,4850,0,0,0.3499,Moderate Risk
5478-JJVZK,33,Month-to-month,DSL,No,Yes,Mailed check,60.9,3009,0,0,0.3499,Moderate Risk
1226-JZNKR,8,One year,No,No internet service,No internet service,Electronic check,19.8,5698,0,0,0.3498,Moderate Risk
9256-JTBNZ,11,Month-to-month,No,No internet service,No internet service,Bank transfer (automatic),20.3,4188,0,0,0.3497,Moderate Risk
5206-XZZQI,53,Month-to-month,Fiber optic,Yes,No,Mailed check,80.6,6113,0,0,0.3496,Moderate Risk
4083-EUGRJ,9,Month-to-month,No,No internet service,No internet service,Mailed check,20.25,3361,1,0,0.3494,Moderate Risk
4742-DRORA,60,One year,Fiber optic,No,Yes,Bank transfer (automatic),95.4,4149,0,0,0.3493,Moderate Risk
9364-YKUVW,15,Month-to-month,No,No internet service,No internet service,Mailed check,19.8,2681,0,0,0.349,Moderate Risk
0787-LHDYT,16,Month-to-month,No,No internet service,No internet service,Credit card (automatic),20.6,5667,0,0,0.3488,Moderate Risk
1376-HHBDV,30,Month-to-month,DSL,No,Yes,Mailed check,48.8,4864,0,0,0.3486,Moderate Risk
9661-MHUMO,1,Month-to-month,DSL,Yes,No,Credit card (automatic),49.25,4478,1,0,0.3482,Moderate Risk
5996-NRVXR,40,One year,Fiber optic,Yes,Yes,Credit card (automatic),98.15,4332,0,0,0.3479,Moderate Risk
0310-VQXAM,9,Month-to-month,No,No internet service,No internet service,Mailed check,19.85,2788,0,0,0.3479,Moderate Risk
0774-IFUVM,11,Month-to-month,DSL,No,Yes,Bank transfer (automatic),65.15,5942,0,0,0.3475,Moderate Risk
2436-QBZFP,22,Month-to-month,DSL,No,No,Electronic check,39.2,3288,0,0,0.3474,Moderate Risk
3086-RUCRN,66,Month-to-month,Fiber optic,Yes,Yes,Bank transfer (automatic),103.1,6183,0,0,0.3469,Moderate Risk
4628-CTTLA,57,Month-to-month,DSL,No,No,Electronic check,39.3,4917,1,0,0.3464,Moderate Risk
9700-ISPUP,10,Month-to-month,DSL,Yes,No,Electronic check,65.5,3137,0,0,0.3459,Moderate Risk
0655-YDGFJ,29,Month-to-month,DSL,No,No,Bank transfer (automatic),48.95,4825,0,0,0.3456,Moderate Risk
7916-VCCPB,16,Month-to-month,Fiber optic,No,No,Bank transfer (automatic),73.25,3624,0,0,0.3455,Moderate Risk
8080-POTJR,30,One year,DSL,No,Yes,Credit card (automatic),79.3,2655,0,0,0.3453,Moderate Risk
4002-BQWPQ,25,Month-to-month,DSL,Yes,Yes,Bank transfer (automatic),81.75,5917,0,0,0.3453,Moderate Risk
3391-JSQEW,40,Month-to-month,DSL,No,No,Mailed check,50.15,2454,0,0,0.3446,Moderate Risk
0440-QEXBZ,44,Month-to-month,DSL,No,No,Mailed check,50.15,5790,0,0,0.3445,Moderate Risk
2851-STERV,35,One year,DSL,Yes,No,Electronic check,73.0,2715,0,0,0.3443,Moderate Risk
2023-VQFDL,18,Month-to-month,No,No internet service,No internet service,Electronic check,19.0,5379,0,0,0.3442,Moderate Risk
4623-ZKHLY,22,Month-to-month,No,No internet service,No internet service,Bank transfer (automatic),20.45,3727,0,0,0.3442,Moderate Risk
7516-GMHUV,50,Two year,Fiber optic,No,Yes,Credit card (automatic),105.05,5324,0,0,0.3437,Moderate Risk
7824-PANSQ,58,Month-to-month,Fiber optic,Yes,No,Bank transfer (automatic),80.65,6043,0,0,0.3433,Moderate Risk
1543-LLLFT,61,One year,Fiber optic,Yes,No,Mailed check,98.3,5413,0,0,0.343,Moderate Risk
2428-ZMCTB,10,Month-to-month,No,No internet service,No internet service,Credit card (automatic),19.75,3926,0,0,0.3427,Moderate Risk
6092-QZVPP,36,Month-to-month,DSL,Yes,Yes,Credit card (automatic),79.2,4830,0,0,0.3426,Moderate Risk
9853-JFZDU,35,Month-to-month,DSL,Yes,No,Electronic check,56.85,3102,0,0,0.342,Moderate Risk
2332-EFBJY,16,Month-to-month,No,No internet service,No internet service,Mailed check,19.7,3438,1,0,0.3417,Moderate Risk
1357-MVDOZ,11,Month-to-month,DSL,No,No,Bank transfer (automatic),59.65,2136,0,0,0.3415,Moderate Risk
3417-TSCIC,29,One year,DSL,No,No,Mailed check,24.85,4161,0,0,0.3412,Moderate Risk
9089-UOWJG,12,Month-to-month,DSL,No,No,Credit card (automatic),58.35,5068,0,0,0.3407,Moderate Risk
6876-ADESB,1,Month-to-month,DSL,No,No,Electronic check,48.95,3913,1,0,0.3405,Moderate Risk
9591-YVTEB,55,Month-to-month,DSL,No,Yes,Electronic check,44.85,5829,0,0,0.3403,Moderate Risk
2851-MMUTZ,27,Month-to-month,DSL,Yes,No,Mailed check,56.15,3056,0,0,0.34,Moderate Risk
2801-NISEI,24,Month-to-month,DSL,Yes,Yes,Electronic check,54.95,3407,0,0,0.34,Moderate Risk
2882-DDZPG,12,Month-to-month,No,No internet service,No internet service,Bank transfer (automatic),19.45,4862,0,0,0.3399,Moderate Risk
0549-CYCQN,51,One year,Fiber optic,No,No,Bank transfer (automatic),79.6,4673,0,0,0.3399,Moderate Risk
7964-ZRKKG,67,One year,Fiber optic,No,No,Bank transfer (automatic),88.4,6251,0,0,0.3398,Moderate Risk
9114-VEPUF,62,One year,Fiber optic,No,Yes,Electronic check,96.1,6139,0,0,0.3395,Moderate Risk
7105-MXJLL,26,One year,DSL,No,No,Mailed check,60.7,2502,0,0,0.3394,Moderate Risk
1116-DXXDF,39,Two year,Fiber optic,No,Yes,Electronic check,100.45,2698,0,0,0.339,Moderate Risk
4402-FTBXC,54,Month-to-month,Fiber optic,No,Yes,Mailed check,89.8,4980,0,0,0.3387,Moderate Risk
6036-TTFYU,16,Month-to-month,No,No internet service,No internet service,Mailed check,19.6,4298,0,0,0.3387,Moderate Risk
2722-VOJQL,64,One year,Fiber optic,Yes,No,Credit card (automatic),105.65,4870,1,0,0.3385,Moderate Risk
2452-SNHFZ,47,Month-to-month,Fiber optic,No,Yes,Credit card (automatic),75.45,4995,0,0,0.3385,Moderate Risk
6583-SZVGP,48,Two year,Fiber optic,No,No,Bank transfer (automatic),108.1,5994,0,0,0.338,Moderate Risk
4657-FWVFY,40,Month-to-month,Fiber optic,No,No,Credit card (automatic),96.35,2004,0,0,0.3376,Moderate Risk
5913-INRQV,34,One year,Fiber optic,Yes,Yes,Mailed check,90.15,3202,0,0,0.3373,Moderate Risk
3256-EZDBI,51,Month-to-month,DSL,No,No,Credit card (automatic),29.45,6285,0,0,0.3373,Moderate Risk
2560-PPCHE,65,One year,Fiber optic,Yes,No,Bank transfer (automatic),105.05,5742,0,0,0.3373,Moderate Risk
0665-XHDJU,72,Two year,Fiber optic,No,No,Electronic check,99.4,6022,0,0,0.3367,Moderate Risk
5027-YOCXN,51,One year,Fiber optic,Yes,Yes,Credit card (automatic),110.05,5604,0,0,0.3364,Moderate Risk
0380-ZCSBI,10,Month-to-month,No,No internet service,No internet service,Credit card (automatic),20.0,2411,0,0,0.3361,Moderate Risk
8008-ESFLK,53,One year,Fiber optic,Yes,Yes,Electronic check,110.5,4135,0,0,0.336,Moderate Risk
6769-DCQLI,52,One year,Fiber optic,Yes,No,Bank transfer (automatic),105.0,4630,1,0,0.3356,Moderate Risk
2242-MFOTG,33,One year,Fiber optic,No,Yes,Bank transfer (automatic),80.1,3957,0,0,0.3352,Moderate Risk
9932-WBWIK,11,Month-to-month,No,No internet service,No internet service,Mailed check,20.35,5597,0,0,0.3351,Moderate Risk
6738-ISCBM,44,One year,DSL,No,Yes,Electronic check,54.0,4256,0,0,0.335,Moderate Risk
2967-MXRAV,1,One year,No,No internet service,No internet service,Mailed check,18.8,5160,0,0,0.335,Moderate Risk
6202-JVYEU,9,One year,No,No internet service,No internet service,Electronic check,19.9,3643,0,0,0.3346,Moderate Risk
9115-YQHGA,40,Month-to-month,DSL,Yes,No,Electronic check,51.1,3355,0,0,0.3342,Moderate Risk
9762-YAQAA,39,One year,Fiber optic,No,No,Credit card (automatic),81.4,4104,0,0,0.3341,Moderate Risk
5640-CAXOA,30,One year,DSL,Yes,No,Credit card (automatic),40.35,5455,0,0,0.3337,Moderate Risk
4476-OSWTN,69,One year,Fiber optic,Yes,Yes,Mailed check,110.55,4887,0,0,0.3336,Moderate Risk
5716-LIBJC,13,One year,Fiber optic,No,No,Credit card (automatic),104.15,2810,0,0,0.3335,Moderate Risk
3192-LNKRK,34,Month-to-month,Fiber optic,No,No,Mailed check,84.05,3476,0,0,0.3335,Moderate Risk
8847-GEOOQ,60,Month-to-month,DSL,Yes,No,Bank transfer (automatic),60.2,5359,0,0,0.3332,Moderate Risk
6386-SZZKH,49,Two year,Fiber optic,Yes,No,Bank transfer (automatic),107.95,5785,1,0,0.3332,Moderate Risk
7964-VEXDG,21,Month-to-month,Fiber optic,No,Yes,Electronic check,80.35,4579,0,0,0.3329,Moderate Risk
6505-OZNPG,6,Two year,DSL,Yes,Yes,Mailed check,63.4,3909,0,0,0.3329,Moderate Risk
1140-UKVZG,17,Month-to-month,No,No internet service,No internet service,Mailed check,24.8,5208,0,0,0.3327,Moderate Risk
0557-ASKVU,18,One year,DSL,Yes,No,Credit card (automatic),54.4,4948,0,0,0.3324,Moderate Risk
6921-OZMFH,5,Month-to-month,DSL,Yes,No,Mailed check,55.7,3598,0,0,0.3322,Moderate Risk
0975-UYDTX,26,One year,DSL,Yes,Yes,Credit card (automatic),90.1,2068,0,0,0.332,Moderate Risk
6873-UDNLD,40,Month-to-month,DSL,No,Yes,Electronic check,67.45,4714,0,0,0.3317,Moderate Risk
7674-YTAFD,33,One year,Fiber optic,Yes,No,Bank transfer (automatic),79.95,3118,0,0,0.3315,Moderate Risk
8904-OPDCK,54,Month-to-month,DSL,No,No,Bank transfer (automatic),24.95,4691,0,0,0.3313,Moderate Risk
2070-FNEXE,7,Month-to-month,Fiber optic,No,Yes,Bank transfer (automatic),76.45,4419,1,0,0.3311,Moderate Risk
7669-LCRSD,12,Month-to-month,DSL,No,No,Mailed check,56.3,2047,0,0,0.3311,Moderate Risk
9575-IWCAZ,6,One year,No,No internet service,No internet service,Mailed check,25.1,5161,0,0,0.3309,Moderate Risk
7080-TNUWP,70,One year,Fiber optic,No,No,Bank transfer (automatic),95.0,6259,0,0,0.3308,Moderate Risk
1563-IWQEX,12,Month-to-month,No,No internet service,No internet service,Mailed check,19.7,5715,0,0,0.3306,Moderate Risk
0678-RLHVP,53,Two year,Fiber optic,No,No,Electronic check,105.55,5731,0,0,0.3304,Moderate Risk
9495-SKLKD,45,Month-to-month,Fiber optic,No,No,Bank transfer (automatic),95.95,5322,0,0,0.3302,Moderate Risk
9391-DXGGG,44,One year,Fiber optic,No,No,Credit card (automatic),89.15,4368,0,0,0.3302,Moderate Risk
8496-DMZUK,30,One year,Fiber optic,No,Yes,Bank transfer (automatic),90.4,3171,0,0,0.33,Moderate Risk
2925-MXLSX,30,One year,DSL,No,No,Credit card (automatic),68.95,4403,0,0,0.33,Moderate Risk
3104-OWCGK,60,One year,Fiber optic,No,No,Electronic check,90.95,4111,1,0,0.3299,Moderate Risk
2748-MYRVK,63,One year,Fiber optic,No,No,Bank transfer (automatic),99.9,4776,1,0,0.3298,Moderate Risk
5619-PTMIK,46,Month-to-month,DSL,No,Yes,Electronic check,53.1,3358,0,0,0.3297,Moderate Risk
0811-GSDTP,13,Month-to-month,DSL,No,No,Electronic check,30.15,3540,0,0,0.3295,Moderate Risk
3750-RNQKR,12,Month-to-month,No,No internet service,No internet service,Mailed check,19.45,4788,0,0,0.3292,Moderate Risk
7614-QVWQL,49,One year,DSL,No,No,Bank transfer (automatic),51.8,5375,1,0,0.3291,Moderate Risk
2371-JUNGC,11,Month-to-month,No,No internet service,No internet service,Mailed check,20.25,4032,0,0,0.3291,Moderate Risk
5966-EMAZU,64,One year,Fiber optic,Yes,Yes,Mailed check,108.5,4576,0,0,0.3284,Moderate Risk
4189-NAKJS,26,One year,DSL,No,No,Credit card (automatic),51.55,3130,0,0,0.3283,Moderate Risk
9092-GDZKO,22,Month-to-month,No,No internet service,No internet service,Credit card (automatic),24.85,3534,0,0,0.3283,Moderate Risk
9367-TCUYN,12,Month-to-month,No,No internet service,No internet service,Mailed check,20.1,5179,0,0,0.3282,Moderate Risk
0345-XMMUG,46,Two year,Fiber optic,Yes,No,Credit card (automatic),108.9,5119,0,0,0.3282,Moderate Risk
7909-FIOIY,19,Month-to-month,DSL,No,No,Mailed check,24.85,2958,0,0,0.328,Moderate Risk
1539-LNKHM,12,Month-to-month,No,No internet service,No internet service,Mailed check,20.4,4497,0,0,0.328,Moderate Risk
8984-EYLLL,64,Two year,Fiber optic,Yes,No,Electronic check,105.25,5682,0,0,0.3278,Moderate Risk
6302-JGYRJ,31,One year,DSL,Yes,No,Mailed check,79.45,2872,1,0,0.3273,Moderate Risk
9909-IDLEK,20,Month-to-month,Fiber optic,Yes,No,Mailed check,96.8,3222,0,0,0.3272,Moderate Risk
0193-ESZXP,58,One year,Fiber optic,Yes,Yes,Credit card (automatic),105.5,5067,1,0,0.3266,Moderate Risk
1548-ARAGG,4,Month-to-month,DSL,Yes,No,Mailed check,58.5,5605,0,0,0.3265,Moderate Risk
6838-HVLXG,12,Month-to-month,No,No internet service,No internet service,Mailed check,20.3,4177,0,0,0.3257,Moderate Risk
8318-LCNBW,35,One year,DSL,No,Yes,Credit card (automatic),53.15,5638,0,0,0.3253,Moderate Risk
7531-GQHME,12,Month-to-month,No,No internet service,No internet service,Credit card (automatic),20.05,4996,0,0,0.3253,Moderate Risk
4833-QTJNO,67,Month-to-month,Fiber optic,No,Yes,Bank transfer (automatic),83.85,5261,0,0,0.3252,Moderate Risk
5921-NGYRH,64,Month-to-month,Fiber optic,No,Yes,Mailed check,73.55,5018,0,0,0.3251,Moderate Risk
3945-GFWQL,12,Month-to-month,DSL,No,No,Electronic check,44.55,4162,1,0,0.3251,Moderate Risk
8344-WFMFH,9,Month-to-month,DSL,No,No,Electronic check,50.1,4738,0,0,0.3249,Moderate Risk
1304-SEGFY,72,Two year,Fiber optic,No,No,Electronic check,97.85,4508,0,0,0.3248,Moderate Risk
9139-TWBAS,26,One year,DSL,No,Yes,Bank transfer (automatic),47.85,4362,0,0,0.3248,Moderate Risk
5562-BETPV,1,One year,No,No internet service,No internet service,Mailed check,19.65,2539,0,0,0.3243,Moderate Risk
7721-JXEAW,59,Month-to-month,DSL,No,No,Bank transfer (automatic),41.05,4324,1,0,0.3239,Moderate Risk
5440-VHLUL,69,One year,Fiber optic,Yes,No,Bank transfer (automatic),105.2,6247,0,0,0.3238,Moderate Risk
5207-PLSTK,1,Month-to-month,DSL,No,Yes,Mailed check,48.75,5068,0,0,0.3236,Moderate Risk
1750-CSKKM,9,Month-to-month,DSL,No,No,Electronic check,55.35,2688,1,0,0.3228,Moderate Risk
8942-DBMHZ,12,Month-to-month,No,No internet service,No internet service,Mailed check,20.45,4883,0,0,0.3227,Moderate Risk
1237-WIYYZ,18,Month-to-month,No,No internet service,No internet service,Mailed check,19.55,2386,0,0,0.3225,Moderate Risk
0142-GVYSN,26,Month-to-month,No,No internet service,No internet service,Electronic check,20.3,5712,0,0,0.3225,Moderate Risk
3318-ISQFQ,20,Month-to-month,No,No internet service,No internet service,Bank transfer (automatic),19.5,5409,0,0,0.3224,Moderate Risk
6906-MPARY,40,One year,Fiber optic,Yes,No,Credit card (automatic),89.6,2524,0,0,0.3223,Moderate Risk
5240-CAOYT,57,Month-to-month,Fiber optic,Yes,Yes,Bank transfer (automatic),87.55,4882,0,0,0.3221,Moderate Risk
5343-SGUBI,52,One year,Fiber optic,No,No,Mailed check,80.2,5597,0,0,0.3213,Moderate Risk
1095-WGNGG,61,Two year,Fiber optic,No,No,Bank transfer (automatic),101.05,6311,0,0,0.3212,Moderate Risk
6289-CPNLD,33,One year,DSL,Yes,No,Mailed check,73.9,5374,1,0,0.3211,Moderate Risk
5295-PCJOO,4,Month-to-month,DSL,No,Yes,Electronic check,49.4,4455,1,0,0.321,Moderate Risk
6156-UZDLF,26,One year,Fiber optic,Yes,Yes,Credit card (automatic),87.15,5689,0,0,0.321,Moderate Risk
8631-WUXGY,46,Month-to-month,Fiber optic,No,No,Electronic check,99.8,2405,0,0,0.3209,Moderate Risk
5081-NWSUP,10,One year,DSL,Yes,No,Mailed check,64.9,4883,0,0,0.3209,Moderate Risk
1347-KTTTA,64,One year,Fiber optic,Yes,No,Credit card (automatic),102.45,6398,0,0,0.3208,Moderate Risk
0621-JFHOL,10,Two year,DSL,Yes,No,Mailed check,29.6,3180,0,0,0.3206,Moderate Risk
8809-RIHDD,72,Two year,Fiber optic,No,No,Electronic check,103.4,5055,1,0,0.3206,Moderate Risk
9644-KVCNC,66,One year,Fiber optic,No,No,Bank transfer (automatic),92.15,4928,0,0,0.3201,Moderate Risk
2019-HDCZY,63,Two year,Fiber optic,No,No,Electronic check,102.6,4004,0,0,0.3196,Moderate Risk
1447-PJGGA,57,Two year,Fiber optic,No,No,Electronic check,95.25,5789,1,0,0.3185,Moderate Risk
2320-JRSDE,1,Month-to-month,No,No internet service,No internet service,Electronic check,19.9,4633,1,0,0.3181,Moderate Risk
2667-WYLWJ,8,One year,No,No internet service,No internet service,Mailed check,19.75,2247,1,0,0.318,Moderate Risk
2853-CWQFQ,1,Month-to-month,DSL,Yes,No,Mailed check,59.55,5824,0,0,0.3179,Moderate Risk
3038-PQIUY,38,Month-to-month,DSL,No,Yes,Bank transfer (automatic),66.15,4933,0,0,0.3178,Moderate Risk
1530-ZTDOZ,49,Month-to-month,DSL,No,Yes,Bank transfer (automatic),40.65,5565,0,0,0.3176,Moderate Risk
1730-VFMWO,34,Month-to-month,DSL,Yes,No,Bank transfer (automatic),50.2,4352,0,0,0.3176,Moderate Risk
6865-JZNKO,30,Month-to-month,DSL,No,Yes,Bank transfer (automatic),55.3,2725,0,0,0.3176,Moderate Risk
0824-VWDPO,45,One year,Fiber optic,No,Yes,Bank transfer (automatic),96.75,3682,0,0,0.3175,Moderate Risk
5651-CRHKQ,41,One year,Fiber optic,Yes,No,Bank transfer (automatic),86.2,5325,0,0,0.3172,Moderate Risk
4697-LUPSU,2,One year,No,No internet service,No internet service,Mailed check,20.2,3866,0,0,0.3172,Moderate Risk
2972-YDYUW,57,One year,Fiber optic,Yes,No,Electronic check,94.7,4507,0,0,0.3171,Moderate Risk
5756-JYOJT,11,One year,DSL,Yes,No,Credit card (automatic),64.9,3206,0,0,0.317,Moderate Risk
7746-QYVCO,16,One year,DSL,No,Yes,Mailed check,55.85,2464,0,0,0.3168,Moderate Risk
3537-RYBHH,47,Month-to-month,DSL,No,Yes,Credit card (automatic),67.45,4074,0,0,0.3165,Moderate Risk
0895-UADGO,8,Two year,DSL,Yes,Yes,Mailed check,44.55,5489,0,0,0.3164,Moderate Risk
8591-NXRCV,41,Month-to-month,DSL,Yes,Yes,Bank transfer (automatic),74.65,3859,0,0,0.3162,Moderate Risk
0136-IFMYD,69,Two year,Fiber optic,Yes,No,Electronic check,109.95,4297,0,0,0.316,Moderate Risk
2533-TIBIX,15,Month-to-month,DSL,No,Yes,Bank transfer (automatic),30.2,5825,0,0,0.316,Moderate Risk
7311-MQJCH,5,One year,No,No internet service,No internet service,Electronic check,19.55,2575,0,0,0.3156,Moderate Risk
6368-NWMCE,38,Month-to-month,DSL,Yes,No,Credit card (automatic),68.15,3371,0,0,0.3153,Moderate Risk
7228-PAQPD,14,One year,DSL,Yes,No,Credit card (automatic),59.1,5718,0,0,0.3151,Moderate Risk
8634-CILSZ,69,One year,Fiber optic,Yes,No,Bank transfer (automatic),104.7,6350,1,0,0.3149,Moderate Risk
1179-INLAT,3,One year,No,No internet service,No internet service,Mailed check,19.45,2787,0,0,0.3148,Moderate Risk
2889-FPWRM,72,One year,Fiber optic,Yes,Yes,Bank transfer (automatic),117.8,4432,1,0,0.3147,Moderate Risk
9107-UKCKY,61,One year,DSL,No,No,Electronic check,79.8,6432,0,0,0.3147,Moderate Risk
0931-MHTEM,54,One year,Fiber optic,No,Yes,Credit card (automatic),100.05,4478,0,0,0.3145,Moderate Risk
6008-NAIXK,54,One year,DSL,No,No,Electronic check,55.45,4521,0,0,0.3143,Moderate Risk
3528-HFRIQ,71,Month-to-month,DSL,No,No,Bank transfer (automatic),52.3,5491,0,0,0.3141,Moderate Risk
9546-KDTRB,19,Month-to-month,No,No internet service,No internet service,Bank transfer (automatic),24.7,3612,0,0,0.314,Moderate Risk
1371-WEPDS,40,One year,DSL,No,No,Electronic check,55.8,3587,0,0,0.3137,Moderate Risk
0815-MFZGM,42,Two year,Fiber optic,Yes,No,Credit card (automatic),99.0,4545,0,0,0.3135,Moderate Risk
2165-VOEGB,46,One year,Fiber optic,Yes,Yes,Bank transfer (automatic),105.2,3322,1,0,0.3135,Moderate Risk
7740-KKCXF,51,Month-to-month,DSL,No,No,Credit card (automatic),30.05,5045,0,0,0.3134,Moderate Risk
4429-WYGFR,26,Month-to-month,DSL,Yes,No,Bank transfer (automatic),49.15,2752,0,0,0.3133,Moderate Risk
3714-XPXBW,37,Month-to-month,DSL,Yes,Yes,Credit card (automatic),78.9,3801,0,0,0.3132,Moderate Risk
1930-WNXSB,58,Month-to-month,Fiber optic,No,No,Electronic check,92.85,4879,0,0,0.3128,Moderate Risk
1265-XTECC,68,One year,Fiber optic,No,Yes,Credit card (automatic),96.55,5957,1,0,0.3128,Moderate Risk
5071-FBJFS,4,Month-to-month,DSL,No,Yes,Electronic check,50.3,3147,0,0,0.3126,Moderate Risk
4464-JCOLN,2,One year,No,No internet service,No internet service,Mailed check,19.85,2362,1,0,0.3124,Moderate Risk
4274-DRSQT,66,One year,Fiber optic,No,No,Bank transfer (automatic),88.9,5868,0,0,0.3124,Moderate Risk
7879-CGSFV,55,One year,Fiber optic,No,Yes,Mailed check,100.9,5101,0,0,0.3121,Moderate Risk
5294-IMHHT,53,One year,Fiber optic,Yes,No,Bank transfer (automatic),97.75,4488,0,0,0.3121,Moderate Risk
7605-SNLQG,45,Month-to-month,DSL,No,No,Credit card (automatic),50.25,2036,0,0,0.3119,Moderate Risk
4726-DLWQN,50,Month-to-month,DSL,No,Yes,Bank transfer (automatic),70.35,5596,0,0,0.3116,Moderate Risk
5815-HGGHV,20,One year,DSL,Yes,Yes,Mailed check,64.15,5969,0,0,0.3108,Moderate Risk
4829-ZLJTK,72,Two year,Fiber optic,No,Yes,Electronic check,112.4,6144,0,0,0.3107,Moderate Risk
8189-DUKMV,4,One year,No,No internet service,No internet service,Bank transfer (automatic),20.5,3233,0,0,0.3106,Moderate Risk
7250-EQKIY,1,Month-to-month,DSL,No,No,Mailed check,50.45,2426,1,0,0.3104,Moderate Risk
5832-TRLPB,29,One year,DSL,Yes,No,Bank transfer (automatic),75.35,4422,0,0,0.3102,Moderate Risk
4770-QAZXN,13,Month-to-month,No,No internet service,No internet service,Credit card (automatic),19.45,2783,0,0,0.3102,Moderate Risk
4104-PVRPS,24,Month-to-month,DSL,Yes,Yes,Mailed check,53.6,2977,0,0,0.31,Moderate Risk
6253-WRFHY,13,One year,DSL,No,No,Electronic check,64.75,4741,0,0,0.3097,Moderate Risk
2223-KAGMX,15,Month-to-month,No,No internet service,No internet service,Bank transfer (automatic),19.4,5379,1,0,0.3096,Moderate Risk
7587-AOVVU,27,Month-to-month,Fiber optic,Yes,Yes,Electronic check,100.75,3160,0,0,0.3094,Moderate Risk
1174-FGIFN,28,One year,Fiber optic,Yes,No,Electronic check,90.45,5823,0,0,0.3093,Moderate Risk
3941-XTSKM,42,One year,DSL,No,No,Credit card (automatic),45.1,3844,0,0,0.3093,Moderate Risk
4785-QRJHC,46,One year,DSL,Yes,No,Bank transfer (automatic),59.9,4011,1,0,0.3091,Moderate Risk
6732-FZUGP,47,One year,Fiber optic,No,Yes,Credit card (automatic),94.9,4510,0,0,0.309,Moderate Risk
6674-KVJHG,11,One year,No,No internet service,No internet service,Electronic check,25.2,4998,0,0,0.309,Moderate Risk
8910-ICHIU,46,One year,Fiber optic,No,Yes,Credit card (automatic),95.65,4727,0,0,0.3088,Moderate Risk
0980-PVMRC,40,Month-to-month,DSL,No,No,Electronic check,50.85,2819,0,0,0.3086,Moderate Risk
1791-PQHBB,2,Month-to-month,DSL,No,Yes,Credit card (automatic),61.2,5056,0,0,0.3084,Moderate Risk
3137-NYQQI,17,One year,DSL,No,Yes,Mailed check,64.8,3546,0,0,0.3082,Moderate Risk
9039-RBEEE,39,Month-to-month,DSL,Yes,Yes,Credit card (automatic),48.95,3080,1,0,0.3077,Moderate Risk
0999-QXNSA,7,Month-to-month,DSL,No,No,Mailed check,45.75,3779,0,0,0.3072,Moderate Risk
0280-XJGEX,49,Month-to-month,Fiber optic,No,No,Bank transfer (automatic),103.7,5340,1,0,0.3071,Moderate Risk
4250-ZBWLV,68,One year,Fiber optic,Yes,No,Electronic check,108.45,4454,1,0,0.3068,Moderate Risk
0297-RBCSG,19,One year,DSL,Yes,No,Bank transfer (automatic),65.35,2051,0,0,0.3065,Moderate Risk
0098-BOWSO,27,Month-to-month,No,No internet service,No internet service,Electronic check,19.4,3792,0,0,0.3063,Moderate Risk
5537-UXXVS,20,Month-to-month,No,No internet service,No internet service,Bank transfer (automatic),19.25,4137,0,0,0.3059,Moderate Risk
4011-ARPHK,27,Month-to-month,DSL,No,Yes,Mailed check,50.35,5578,0,0,0.3057,Moderate Risk
2985-JUUBZ,40,Month-to-month,DSL,No,No,Electronic check,74.55,3718,0,0,0.3057,Moderate Risk
5730-RIITO,43,Month-to-month,DSL,No,Yes,Credit card (automatic),33.45,4757,0,0,0.305,Moderate Risk
5025-GOOKI,20,Month-to-month,No,No internet service,No internet service,Credit card (automatic),18.9,4277,0,0,0.305,Moderate Risk
7683-CBDKJ,14,Month-to-month,DSL,No,Yes,Electronic check,65.45,2881,1,0,0.3046,Moderate Risk
8457-XIGKN,20,Month-to-month,No,No internet service,No internet service,Credit card (automatic),19.6,5909,0,0,0.3045,Moderate Risk
4003-OCTMP,31,One year,DSL,Yes,Yes,Electronic check,64.0,5191,0,0,0.3045,Moderate Risk
9738-QLWTP,39,One year,Fiber optic,Yes,No,Electronic check,81.9,3446,0,0,0.3038,Moderate Risk
6891-JPYFF,48,Month-to-month,Fiber optic,No,Yes,Credit card (automatic),105.25,4275,0,0,0.303,Moderate Risk
0178-SZBHO,47,Month-to-month,Fiber optic,No,No,Electronic check,87.2,3760,0,0,0.303,Moderate Risk
0080-EMYVY,14,One year,DSL,No,No,Credit card (automatic),51.45,4298,0,0,0.3025,Moderate Risk
9626-VFRGG,41,Month-to-month,Fiber optic,No,No,Bank transfer (automatic),88.5,5984,0,0,0.3025,Moderate Risk
2794-XIMMO,53,One year,DSL,Yes,No,Electronic check,60.45,5650,1,0,0.3021,Moderate Risk
8552-OBVRU,48,Month-to-month,Fiber optic,Yes,Yes,Electronic check,104.5,3847,0,0,0.3019,Moderate Risk
5339-TJFEK,62,Month-to-month,Fiber optic,No,Yes,Electronic check,105.5,4271,0,0,0.3019,Moderate Risk
2277-BKJKN,71,Two year,Fiber optic,No,No,Electronic check,99.2,4951,0,0,0.3018,Moderate Risk
5533-RJFTJ,49,Month-to-month,DSL,No,No,Bank transfer (automatic),30.2,5214,0,0,0.3013,Moderate Risk
8205-MQUGY,12,Month-to-month,DSL,No,Yes,Electronic check,49.2,3582,0,0,0.3013,Moderate Risk
7336-RLLRH,27,One year,DSL,Yes,Yes,Mailed check,80.85,4732,0,0,0.3011,Moderate Risk
0536-ACXIP,72,Two year,Fiber optic,No,Yes,Electronic check,109.55,6452,0,0,0.3008,Moderate Risk
7551-DACSP,6,Month-to-month,DSL,No,No,Mailed check,55.3,3878,1,0,0.3007,Moderate Risk
8929-KSWIH,25,Two year,Fiber optic,Yes,No,Bank transfer (automatic),99.3,3847,0,0,0.3006,Moderate Risk
3680-CTHUH,60,One year,Fiber optic,Yes,Yes,Credit card (automatic),116.6,5680,0,0,0.3004,Moderate Risk
6568-POCUI,45,Two year,Fiber optic,Yes,No,Credit card (automatic),95.2,3363,0,0,0.3004,Moderate Risk
6035-RIIOM,54,Two year,Fiber optic,No,No,Bank transfer (automatic),97.2,4971,0,0,0.3002,Moderate Risk
2931-VUVJN,59,One year,Fiber optic,Yes,Yes,Electronic check,94.05,5061,0,0,0.3,Moderate Risk
1400-WIVLL,57,Two year,Fiber optic,Yes,No,Electronic check,107.95,4687,0,0,0.3,Moderate Risk
6297-NOOPG,70,Two year,Fiber optic,Yes,No,Electronic check,110.5,5979,0,0,0.2999,Moderate Risk
5176-LDKUH,48,One year,Fiber optic,No,No,Electronic check,75.15,3345,0,0,0.2994,Moderate Risk
5577-OTWWW,15,Month-to-month,No,No internet service,No internet service,Bank transfer (automatic),19.75,2428,1,0,0.2993,Moderate Risk
2074-GUHPQ,17,Month-to-month,Fiber optic,Yes,No,Credit card (automatic),92.7,2347,0,0,0.2992,Moderate Risk
0013-MHZWF,9,Month-to-month,DSL,Yes,No,Credit card (automatic),69.4,5108,0,0,0.2992,Moderate Risk
0795-GMVQO,67,One year,Fiber optic,No,Yes,Credit card (automatic),109.9,5416,0,0,0.2992,Moderate Risk
7089-RKVSZ,8,One year,No,No internet service,No internet service,Mailed check,24.4,2028,0,0,0.2991,Moderate Risk
2586-CWXVV,54,Month-to-month,DSL,No,No,Electronic check,30.4,4778,0,0,0.2991,Moderate Risk
2558-BUOZZ,47,One year,Fiber optic,No,Yes,Bank transfer (automatic),94.8,5022,0,0,0.2988,Moderate Risk
3061-BCKYI,14,Month-to-month,No,No internet service,No internet service,Mailed check,19.9,3854,0,0,0.2981,Moderate Risk
5433-KYGHE,14,Month-to-month,Fiber optic,Yes,Yes,Mailed check,86.0,5494,0,0,0.2979,Moderate Risk
4012-ZTHBR,21,Month-to-month,DSL,No,No,Electronic check,44.95,3752,0,0,0.2979,Moderate Risk
1183-CANVH,23,One year,DSL,Yes,No,Bank transfer (automatic),60.0,3835,0,0,0.2974,Moderate Risk
3701-SFMUH,7,Month-to-month,DSL,No,Yes,Credit card (automatic),69.7,4326,0,0,0.2973,Moderate Risk
4881-GQJTW,14,Month-to-month,No,No internet service,No internet service,Credit card (automatic),19.6,2847,0,0,0.2969,Moderate Risk
8450-JOVAH,2,Month-to-month,DSL,No,Yes,Mailed check,56.7,5560,1,0,0.2967,Moderate Risk
7396-VJUZB,4,Month-to-month,DSL,No,No,Mailed check,45.25,2776,0,0,0.2963,Moderate Risk
6804-GDMOI,61,Two year,Fiber optic,Yes,No,Electronic check,106.6,4183,1,0,0.2962,Moderate Risk
3466-WAESX,16,Month-to-month,DSL,No,Yes,Electronic check,69.1,5172,0,0,0.2962,Moderate Risk
0723-VSOBE,45,One year,DSL,No,No,Electronic check,34.2,5715,0,0,0.296,Moderate Risk
4647-XXZAM,6,Month-to-month,DSL,No,No,Mailed check,45.5,5450,0,0,0.2953,Moderate Risk
9921-EZKBY,33,Month-to-month,Fiber optic,No,Yes,Bank transfer (automatic),95.3,3087,0,0,0.2951,Moderate Risk
8201-AAXCB,25,Month-to-month,DSL,No,No,Electronic check,60.35,3192,0,0,0.2951,Moderate Risk
2075-RMJIK,5,Month-to-month,DSL,No,Yes,Mailed check,49.4,5756,0,0,0.2948,Moderate Risk
6917-IAYHD,1,Month-to-month,DSL,Yes,No,Mailed check,33.6,4369,0,0,0.2947,Moderate Risk
5060-TQUQN,30,Month-to-month,Fiber optic,Yes,No,Bank transfer (automatic),83.55,3558,0,0,0.2946,Moderate Risk
5013-SBUIH,50,Two year,Fiber optic,Yes,Yes,Electronic check,109.65,5855,1,0,0.294,Moderate Risk
7521-AFHAB,5,Month-to-month,DSL,No,No,Mailed check,44.8,2492,0,0,0.2939,Moderate Risk
9378-FXTIZ,54,One year,DSL,No,No,Credit card (automatic),70.15,4596,1,0,0.2937,Moderate Risk
1921-KYSAY,41,One year,DSL,Yes,No,Electronic check,68.6,4572,0,0,0.2936,Moderate Risk
0917-EZOLA,72,Two year,Fiber optic,No,No,Bank transfer (automatic),104.15,5925,1,0,0.2933,Moderate Risk
9445-ZUEQE,27,Month-to-month,Fiber optic,Yes,No,Credit card (automatic),85.2,3796,0,0,0.2932,Moderate Risk
7993-NQLJE,15,Month-to-month,Fiber optic,No,Yes,Mailed check,75.1,4634,0,0,0.2931,Moderate Risk
8402-EIVQS,67,One year,Fiber optic,No,Yes,Credit card (automatic),100.9,4078,0,0,0.293,Moderate Risk
8894-JVDCV,62,One year,Fiber optic,Yes,Yes,Credit card (automatic),115.05,6494,0,0,0.2929,Moderate Risk
2450-ZKEED,11,One year,DSL,Yes,No,Bank transfer (automatic),53.8,5899,0,0,0.2928,Moderate Risk
6668-CNMFP,19,One year,Fiber optic,Yes,No,Bank transfer (automatic),89.35,4473,0,0,0.2928,Moderate Risk
0347-UBKUZ,15,Month-to-month,No,No internet service,No internet service,Mailed check,19.9,3366,0,0,0.2927,Moderate Risk
4654-GGUII,18,One year,DSL,Yes,Yes,Mailed check,40.2,4624,0,0,0.2926,Moderate Risk
9518-IMLHK,31,Month-to-month,DSL,Yes,Yes,Bank transfer (automatic),72.45,3175,0,0,0.2921,Moderate Risk
4683-WYDOU,62,Two year,Fiber optic,Yes,No,Bank transfer (automatic),107.6,4697,0,0,0.2915,Moderate Risk
6040-CGACY,15,Month-to-month,No,No internet service,No internet service,Mailed check,19.6,3195,0,0,0.2914,Moderate Risk
3285-UCQVC,37,Month-to-month,DSL,Yes,No,Credit card (automatic),28.6,4429,1,0,0.2911,Moderate Risk
9867-NNXLC,22,Month-to-month,No,No internet service,No internet service,Mailed check,20.05,5555,0,0,0.291,Moderate Risk
4389-UEFCZ,72,Two year,Fiber optic,No,Yes,Electronic check,105.5,5551,0,0,0.2907,Moderate Risk
5829-NVSQN,23,One year,DSL,Yes,Yes,Bank transfer (automatic),68.75,3519,0,0,0.2906,Moderate Risk
8627-EHGIP,44,One year,DSL,No,No,Mailed check,53.95,3051,1,0,0.2899,Moderate Risk
4488-PSYCG,16,Month-to-month,No,No internet service,No internet service,Bank transfer (automatic),20.25,4327,1,0,0.2899,Moderate Risk
2001-EWBQU,60,Two year,Fiber optic,No,No,Electronic check,104.7,6186,0,0,0.2899,Moderate Risk
3642-GKTCT,61,One year,Fiber optic,Yes,Yes,Mailed check,115.1,4785,0,0,0.2895,Moderate Risk
8138-EALND,15,Month-to-month,No,No internet service,No internet service,Mailed check,19.75,4123,0,0,0.2895,Moderate Risk
6353-BRMMA,54,Month-to-month,Fiber optic,No,Yes,Bank transfer (automatic),104.1,5795,0,0,0.2888,Moderate Risk
7566-DSRLQ,72,Two year,Fiber optic,Yes,No,Electronic check,110.15,5065,0,0,0.2887,Moderate Risk
8417-GSODA,28,One year,Fiber optic,No,No,Bank transfer (automatic),92.2,5116,0,0,0.2883,Moderate Risk
7492-TAFJD,7,Two year,DSL,No,Yes,Mailed check,38.55,3345,0,0,0.2883,Moderate Risk
9076-AXYIK,64,Two year,Fiber optic,Yes,No,Electronic check,102.1,6270,0,0,0.2882,Moderate Risk
7184-LRUUR,22,One year,DSL,No,No,Bank transfer (automatic),65.25,5146,0,0,0.288,Moderate Risk
9522-ZSINC,13,One year,No,No internet service,No internet service,Electronic check,19.95,2252,0,0,0.288,Moderate Risk
3062-ICYZQ,51,Month-to-month,Fiber optic,No,Yes,Electronic check,93.8,5457,0,0,0.2877,Moderate Risk
1696-MZVAU,39,One year,DSL,No,No,Credit card (automatic),25.25,4259,0,0,0.2877,Moderate Risk
1984-GPTEH,29,Month-to-month,No,No internet service,No internet service,Electronic check,25.15,5491,0,0,0.2877,Moderate Risk
1428-IEDPR,52,Two year,Fiber optic,Yes,Yes,Electronic check,109.3,5624,0,0,0.2876,Moderate Risk
3623-FQBOX,21,Month-to-month,No,No internet service,No internet service,Mailed check,19.95,3632,0,0,0.2874,Moderate Risk
6794-HKIAJ,62,Month-to-month,Fiber optic,No,Yes,Bank transfer (automatic),90.7,5496,0,0,0.2871,Moderate Risk
7742-MYPGI,6,Month-to-month,DSL,Yes,No,Mailed check,48.8,4538,0,0,0.287,Moderate Risk
5539-HIVAK,28,Month-to-month,No,No internet service,No internet service,Mailed check,25.7,3136,0,0,0.2869,Moderate Risk
0628-CNQRM,22,One year,DSL,Yes,Yes,Bank transfer (automatic),67.5,3378,1,0,0.2868,Moderate Risk
2958-NHPPS,23,Month-to-month,No,No internet service,No internet service,Electronic check,20.85,4263,0,0,0.286,Moderate Risk
6749-UTDVX,72,Two year,Fiber optic,No,No,Electronic check,103.65,6088,0,0,0.2859,Moderate Risk
8200-KLNYW,21,One year,DSL,Yes,Yes,Mailed check,80.9,5733,0,0,0.2857,Moderate Risk
2001-MCUUW,46,Two year,Fiber optic,Yes,No,Electronic check,108.65,4210,0,0,0.2857,Moderate Risk
0052-DCKON,66,One year,Fiber optic,Yes,Yes,Bank transfer (automatic),115.8,5845,0,0,0.2855,Moderate Risk
1208-NBVFH,20,Month-to-month,DSL,No,No,Electronic check,49.6,3235,0,0,0.285,Moderate Risk
6924-TDGMT,11,One year,No,No internet service,No internet service,Mailed check,20.55,3971,0,0,0.285,Moderate Risk
4608-LCIMN,8,Month-to-month,DSL,No,No,Bank transfer (automatic),44.65,5724,0,0,0.2849,Moderate Risk
2926-JEJJC,8,One year,No,No internet service,No internet service,Bank transfer (automatic),20.2,5066,0,0,0.2848,Moderate Risk
0750-EBAIU,52,One year,Fiber optic,No,Yes,Electronic check,91.25,4770,0,0,0.2848,Moderate Risk
5160-UXJED,17,One year,DSL,No,No,Mailed check,44.6,2130,0,0,0.2847,Moderate Risk
2133-TSRRM,34,Month-to-month,Fiber optic,No,Yes,Bank transfer (automatic),105.35,5432,0,0,0.2841,Moderate Risk
7632-MNYOY,66,One year,Fiber optic,Yes,No,Credit card (automatic),110.9,4389,1,0,0.2838,Moderate Risk
8204-TIFGJ,23,Month-to-month,No,No internet service,No internet service,Bank transfer (automatic),20.3,3630,0,0,0.2837,Moderate Risk
0799-DDIHE,15,Month-to-month,DSL,No,No,Electronic check,46.3,3103,0,0,0.2835,Moderate Risk
0327-WFZSY,39,One year,Fiber optic,No,No,Electronic check,100.0,5434,0,0,0.2834,Moderate Risk
6333-YDVLT,65,One year,Fiber optic,Yes,Yes,Credit card (automatic),110.0,6351,0,0,0.2834,Moderate Risk
2812-ENYMO,26,One year,DSL,Yes,Yes,Credit card (automatic),54.55,4296,0,0,0.2833,Moderate Risk
5701-GUXDC,26,One year,DSL,No,Yes,Credit card (automatic),35.4,2519,0,0,0.283,Moderate Risk
0516-QREYC,24,Month-to-month,No,No internet service,No internet service,Mailed check,20.3,3740,0,0,0.2829,Moderate Risk
5120-ZBLAI,50,One year,DSL,No,No,Bank transfer (automatic),75.7,6144,0,0,0.2827,Moderate Risk
9972-NKTFD,28,Month-to-month,DSL,Yes,No,Bank transfer (automatic),54.65,3185,0,0,0.2827,Moderate Risk
8573-CGOCC,16,Month-to-month,No,No internet service,No internet service,Credit card (automatic),19.75,5433,0,0,0.2826,Moderate Risk
5103-MHMHY,1,Month-to-month,DSL,No,No,Mailed check,45.95,4563,1,0,0.2826,Moderate Risk
8752-IMQOS,5,One year,No,No internet service,No internet service,Mailed check,20.1,2894,0,0,0.2824,Moderate Risk
8198-RKSZG,14,Month-to-month,DSL,Yes,No,Credit card (automatic),80.45,5772,0,0,0.282,Moderate Risk
3092-IGHWF,67,One year,Fiber optic,No,No,Electronic check,87.4,4421,1,0,0.282,Moderate Risk
5274-XHAKY,41,Month-to-month,Fiber optic,No,Yes,Bank transfer (automatic),94.3,2196,0,0,0.2817,Moderate Risk
0260-ZDLGK,9,Month-to-month,DSL,Yes,No,Mailed check,72.9,3585,1,0,0.2817,Moderate Risk
3097-PYWXL,4,Month-to-month,No,No internet service,No internet service,Electronic check,19.95,2951,0,0,0.2814,Moderate Risk
1744-JHKYS,34,Month-to-month,No,No internet service,No internet service,Electronic check,24.7,3421,0,0,0.2813,Moderate Risk
8049-WJCLQ,10,Month-to-month,DSL,No,No,Mailed check,60.2,5318,0,0,0.2813,Moderate Risk
6341-JVQGF,31,One year,DSL,Yes,Yes,Mailed check,81.15,5643,0,0,0.2813,Moderate Risk
2931-SVLTV,40,Month-to-month,Fiber optic,Yes,Yes,Credit card (automatic),110.1,2283,0,0,0.2812,Moderate Risk
0233-FTHAV,60,One year,Fiber optic,No,No,Bank transfer (automatic),79.2,5687,0,0,0.2811,Moderate Risk
9391-TTOYH,23,Month-to-month,No,No internet service,No internet service,Mailed check,19.5,5652,0,0,0.2809,Moderate Risk
6655-LHBYW,50,One year,Fiber optic,Yes,Yes,Credit card (automatic),114.35,5068,0,0,0.2809,Moderate Risk
6035-BXTTY,32,Month-to-month,DSL,Yes,No,Bank transfer (automatic),54.65,4045,0,0,0.2797,Moderate Risk
3733-UOCWF,61,One year,Fiber optic,Yes,No,Bank transfer (automatic),85.55,4845,0,0,0.2792,Moderate Risk
4431-EDMIQ,7,Month-to-month,DSL,Yes,Yes,Electronic check,75.7,2950,0,0,0.279,Moderate Risk
5360-LJCNJ,71,Two year,Fiber optic,No,No,Bank transfer (automatic),105.15,5707,0,0,0.279,Moderate Risk
4163-KIUHY,35,Month-to-month,No,No internet service,No internet service,Electronic check,25.6,2980,0,0,0.2785,Moderate Risk
8035-BUYVG,40,One year,DSL,No,Yes,Electronic check,42.35,5422,1,0,0.2782,Moderate Risk
3070-BDOQC,60,Two year,Fiber optic,No,No,Electronic check,99.65,4616,0,0,0.2782,Moderate Risk
4510-PYUSH,38,Month-to-month,DSL,No,Yes,Credit card (automatic),57.15,3110,1,0,0.278,Moderate Risk
6295-OSINB,72,Two year,Fiber optic,No,Yes,Electronic check,109.65,6181,0,0,0.278,Moderate Risk
3327-YBAKM,64,One year,Fiber optic,Yes,Yes,Mailed check,96.9,5369,0,0,0.2777,Moderate Risk
4622-YNKIJ,33,Two year,Fiber optic,Yes,Yes,Electronic check,88.95,5087,0,0,0.2776,Moderate Risk
9498-FIMXL,8,One year,No,No internet service,No internet service,Mailed check,19.2,5272,0,0,0.2775,Moderate Risk
9862-KJTYK,19,Month-to-month,DSL,No,No,Credit card (automatic),25.35,3072,0,0,0.2774,Moderate Risk
3160-TYXLT,53,Month-to-month,DSL,No,Yes,Bank transfer (automatic),46.3,6245,0,0,0.2773,Moderate Risk
7159-NOKYQ,67,Two year,Fiber optic,No,No,Electronic check,93.15,4001,0,0,0.2769,Moderate Risk
6791-YBNAK,18,Month-to-month,DSL,No,No,Credit card (automatic),25.55,4134,0,0,0.2768,Moderate Risk
0289-IVARM,35,Month-to-month,DSL,No,Yes,Electronic check,60.55,3463,0,0,0.2766,Moderate Risk
0516-UXRMT,62,One year,Fiber optic,No,Yes,Electronic check,92.05,5801,0,0,0.2766,Moderate Risk
2266-SJNAT,72,One year,Fiber optic,Yes,No,Credit card (automatic),109.15,4807,0,0,0.2765,Moderate Risk
3259-FDWOY,71,Two year,Fiber optic,No,No,Bank transfer (automatic),106.0,4072,1,0,0.2765,Moderate Risk
9031-ZVQPT,72,Two year,Fiber optic,Yes,No,Electronic check,108.2,4773,0,0,0.2761,Moderate Risk
1956-YIFGE,22,One year,Fiber optic,No,No,Mailed check,100.05,3274,0,0,0.2758,Moderate Risk
5089-IFSDP,58,Two year,Fiber optic,No,Yes,Bank transfer (automatic),109.45,6424,1,0,0.2758,Moderate Risk
1658-XUHBX,59,Month-to-month,Fiber optic,No,No,Credit card (automatic),88.75,6492,0,0,0.2757,Moderate Risk
3824-RHKVR,17,Month-to-month,No,No internet service,No internet service,Credit card (automatic),19.7,4222,0,0,0.2755,Moderate Risk
3758-CKOQL,59,One year,Fiber optic,Yes,Yes,Credit card (automatic),107.0,4620,0,0,0.275,Moderate Risk
2055-SIFSS,55,Month-to-month,DSL,No,No,Bank transfer (automatic),51.65,4763,0,0,0.2749,Moderate Risk
9786-IJYDL,35,Two year,Fiber optic,Yes,Yes,Mailed check,113.2,5723,0,0,0.2749,Moderate Risk
8075-GXIUB,9,One year,No,No internet service,No internet service,Credit card (automatic),19.85,5601,0,0,0.2748,Moderate Risk
1877-HKBQX,11,One year,DSL,Yes,Yes,Mailed check,54.6,2573,0,0,0.2748,Moderate Risk
4079-ULGFR,16,Month-to-month,No,No internet service,No internet service,Mailed check,20.0,3705,0,0,0.2746,Moderate Risk
9592-ERDKV,37,One year,DSL,No,Yes,Mailed check,79.25,2322,0,0,0.2745,Moderate Risk
8199-ZLLSA,67,One year,Fiber optic,Yes,Yes,Bank transfer (automatic),118.35,6255,1,0,0.2741,Moderate Risk
8467-WYNSR,22,Month-to-month,DSL,Yes,Yes,Mailed check,55.1,2729,0,0,0.274,Moderate Risk
7629-WFGLW,56,One year,Fiber optic,Yes,Yes,Electronic check,95.65,6335,0,0,0.2739,Moderate Risk
4922-CVPDX,26,Two year,DSL,No,No,Credit card (automatic),73.5,3596,0,0,0.2735,Moderate Risk
9114-AAFQH,48,One year,DSL,No,No,Electronic check,65.65,5427,0,0,0.2735,Moderate Risk
0603-OLQDC,12,Month-to-month,DSL,No,Yes,Mailed check,69.85,5796,0,0,0.273,Moderate Risk
5804-HYIEZ,70,Month-to-month,Fiber optic,No,Yes,Electronic check,106.05,4583,0,0,0.273,Moderate Risk
7013-PSXHK,40,One year,DSL,Yes,No,Mailed check,80.75,2047,0,0,0.2729,Moderate Risk
0496-AHOOK,24,One year,DSL,Yes,Yes,Bank transfer (automatic),74.4,4310,0,0,0.2727,Moderate Risk
4808-YNLEU,35,One year,DSL,No,Yes,Bank transfer (automatic),62.15,5255,0,0,0.2722,Moderate Risk
5223-UZAVK,64,One year,Fiber optic,No,Yes,Credit card (automatic),100.3,4986,0,0,0.2718,Moderate Risk
5092-STPKP,24,Month-to-month,DSL,Yes,Yes,Credit card (automatic),56.35,5128,0,0,0.2716,Moderate Risk
9330-VOFSZ,60,Two year,Fiber optic,Yes,No,Credit card (automatic),110.8,5942,0,0,0.2713,Moderate Risk
6870-ECSHE,2,One year,No,No internet service,No internet service,Mailed check,20.45,4196,0,0,0.2712,Moderate Risk
3428-MMGUB,60,Two year,Fiber optic,No,No,Electronic check,89.55,5874,0,0,0.271,Moderate Risk
4001-TSBTV,58,Month-to-month,Fiber optic,No,No,Electronic check,91.55,6423,0,0,0.2706,Moderate Risk
9480-BQJEI,62,One year,Fiber optic,No,Yes,Bank transfer (automatic),92.3,6468,0,0,0.2705,Moderate Risk
2272-WUSPA,72,Two year,Fiber optic,No,Yes,Electronic check,110.75,4848,0,0,0.2704,Moderate Risk
9481-SFCQY,14,Month-to-month,DSL,No,No,Credit card (automatic),59.8,5962,0,0,0.2702,Moderate Risk
9351-LZYGF,42,Month-to-month,DSL,Yes,Yes,Credit card (automatic),66.4,3773,0,0,0.2701,Moderate Risk
1264-FUHCX,49,One year,DSL,Yes,No,Credit card (automatic),56.3,5913,0,0,0.2701,Moderate Risk
2351-RRBUE,7,One year,No,No internet service,No internet service,Mailed check,20.65,3575,0,0,0.27,Moderate Risk
4250-WAROZ,60,Month-to-month,Fiber optic,No,Yes,Electronic check,93.25,4353,0,0,0.27,Moderate Risk
4759-PXTAN,59,One year,DSL,Yes,No,Electronic check,80.1,4093,0,0,0.2699,Moderate Risk
0486-HECZI,55,Month-to-month,Fiber optic,No,Yes,Electronic check,96.75,5154,1,0,0.2698,Moderate Risk
5949-EBSQK,4,Month-to-month,DSL,Yes,No,Credit card (automatic),61.45,2131,1,0,0.2696,Moderate Risk
4324-BZCKL,10,Month-to-month,DSL,No,No,Mailed check,55.55,2530,0,0,0.2694,Moderate Risk
6718-BDGHG,43,One year,DSL,Yes,No,Bank transfer (automatic),64.85,4000,0,0,0.2693,Moderate Risk
0734-OXWBT,3,Month-to-month,DSL,Yes,No,Mailed check,70.7,2584,0,0,0.2693,Moderate Risk
0607-MVMGC,45,One year,DSL,No,No,Credit card (automatic),78.75,2595,0,0,0.2693,Moderate Risk
2530-ENDWQ,71,Two year,Fiber optic,No,No,Bank transfer (automatic),93.7,4296,1,0,0.2693,Moderate Risk
7449-HVPIV,55,Month-to-month,Fiber optic,No,No,Credit card (automatic),90.4,4603,0,0,0.2688,Moderate Risk
3716-LRGXK,60,Two year,Fiber optic,No,No,Credit card (automatic),101.15,5301,0,0,0.2687,Moderate Risk
5985-TBABQ,32,One year,DSL,No,Yes,Mailed check,74.75,2830,0,0,0.2681,Moderate Risk
2419-FSORS,72,Two year,Fiber optic,Yes,No,Electronic check,108.4,4394,0,0,0.268,Moderate Risk
9931-KGHOA,46,Month-to-month,DSL,No,Yes,Bank transfer (automatic),55.0,5928,0,0,0.2679,Moderate Risk
2391-IPLOP,50,One year,DSL,Yes,No,Electronic check,69.65,4706,0,0,0.2677,Moderate Risk
2208-NQBCT,26,Month-to-month,Fiber optic,No,Yes,Electronic check,81.95,2817,0,0,0.2674,Moderate Risk
0909-SDHNU,7,Month-to-month,DSL,No,Yes,Mailed check,29.8,4236,0,0,0.2673,Moderate Risk
6663-JOCQO,31,One year,DSL,Yes,Yes,Bank transfer (automatic),75.25,4258,0,0,0.2672,Moderate Risk
1057-FOGLZ,18,Month-to-month,No,No internet service,No internet service,Mailed check,19.65,4333,0,0,0.2671,Moderate Risk
8246-SHFGA,17,Month-to-month,No,No internet service,No internet service,Credit card (automatic),21.1,2842,0,0,0.2664,Moderate Risk
8220-OCUFY,21,One year,DSL,Yes,Yes,Electronic check,60.25,4870,0,0,0.2662,Moderate Risk
7623-TRNQN,1,Month-to-month,DSL,Yes,No,Mailed check,49.9,3113,1,0,0.2662,Moderate Risk
2391-SOORI,4,Month-to-month,DSL,No,Yes,Electronic check,49.35,5858,1,0,0.266,Moderate Risk
9730-DRTMJ,32,One year,DSL,Yes,Yes,Credit card (automatic),72.8,3278,0,0,0.2659,Moderate Risk
1621-YNCJH,36,Two year,Fiber optic,Yes,Yes,Credit card (automatic),106.05,4505,0,0,0.2653,Moderate Risk
6419-ZTTLE,23,One year,No,No internet service,No internet service,Electronic check,20.75,3418,0,0,0.2652,Moderate Risk
5173-ZXXXL,2,One year,No,No internet service,No internet service,Mailed check,19.95,3488,0,0,0.265,Moderate Risk
5229-DTFYB,41,Two year,Fiber optic,Yes,No,Bank transfer (automatic),98.8,5584,0,0,0.265,Moderate Risk
4837-QUSFT,65,One year,Fiber optic,Yes,Yes,Bank transfer (automatic),100.15,4915,0,0,0.2649,Moderate Risk
8559-CIZFV,21,One year,DSL,Yes,Yes,Mailed check,77.5,5353,1,0,0.2648,Moderate Risk
6507-DTJZV,13,Month-to-month,DSL,No,No,Credit card (automatic),66.4,3660,0,0,0.2646,Moderate Risk
9052-DHNKM,26,One year,DSL,No,Yes,Electronic check,61.55,5156,0,0,0.2643,Moderate Risk
9896-UYMIE,66,One year,Fiber optic,Yes,Yes,Bank transfer (automatic),114.3,5303,0,0,0.2642,Moderate Risk
6366-XIVKZ,13,Month-to-month,DSL,No,Yes,Mailed check,63.15,5916,0,0,0.2641,Moderate Risk
4119-ZYPZY,71,Two year,Fiber optic,Yes,No,Electronic check,106.8,6423,0,0,0.2638,Moderate Risk
6211-WHMYA,64,Month-to-month,DSL,Yes,No,Electronic check,43.85,6055,0,0,0.2635,Moderate Risk
3750-YHRYO,7,One year,No,No internet service,No internet service,Mailed check,20.65,2874,0,0,0.2634,Moderate Risk
6473-ULUHT,16,Month-to-month,DSL,Yes,Yes,Electronic check,84.9,2269,0,0,0.2633,Moderate Risk
4393-OBCRR,3,One year,No,No internet service,No internet service,Mailed check,20.25,4331,0,0,0.2631,Moderate Risk
2150-WLKUW,40,One year,DSL,No,No,Bank transfer (automatic),63.9,2654,0,0,0.263,Moderate Risk
1060-ENTOF,67,One year,Fiber optic,Yes,Yes,Credit card (automatic),105.4,5703,0,0,0.263,Moderate Risk
4282-MSACW,68,One year,Fiber optic,Yes,Yes,Credit card (automatic),117.2,4629,0,0,0.2627,Moderate Risk
8332-OSJDW,12,One year,No,No internet service,No internet service,Mailed check,26.4,3277,0,0,0.2625,Moderate Risk
7826-VVKWT,24,Two year,Fiber optic,No,No,Electronic check,96.55,4309,0,0,0.2622,Moderate Risk
4134-BSXLX,28,Month-to-month,DSL,Yes,Yes,Mailed check,60.9,3851,0,0,0.2621,Moderate Risk
6784-XYJAE,36,One year,DSL,No,No,Electronic check,55.8,4770,0,0,0.2619,Moderate Risk
6598-RFFVI,2,One year,No,No internet service,No internet service,Credit card (automatic),19.3,2279,1,0,0.2618,Moderate Risk
0440-UEDAI,53,One year,Fiber optic,Yes,No,Credit card (automatic),94.45,5452,0,0,0.2617,Moderate Risk
7459-IMVYU,38,Month-to-month,DSL,Yes,Yes,Electronic check,69.95,5858,0,0,0.2614,Moderate Risk
4903-CNOZC,29,One year,DSL,No,No,Credit card (automatic),70.9,2064,0,0,0.2613,Moderate Risk
5161-XEUVX,37,Two year,Fiber optic,Yes,No,Mailed check,94.3,2615,0,0,0.2613,Moderate Risk
7954-MLBUN,31,Two year,Fiber optic,Yes,No,Bank transfer (automatic),99.45,2021,0,0,0.2613,Moderate Risk
9488-FYQAU,63,Two year,Fiber optic,Yes,No,Bank transfer (automatic),109.25,5700,0,0,0.2607,Moderate Risk
8350-NYMVI,39,Month-to-month,DSL,Yes,No,Bank transfer (automatic),41.1,3618,0,0,0.2607,Moderate Risk
3679-XASPY,1,Month-to-month,No,No internet service,No internet service,Electronic check,19.45,5612,0,0,0.2606,Moderate Risk
6082-GLJIX,18,Month-to-month,No,No internet service,No internet service,Mailed check,19.25,4769,0,0,0.2606,Moderate Risk
3567-PQTSO,53,One year,Fiber optic,No,No,Electronic check,105.25,6365,0,0,0.2602,Moderate Risk
9586-JGQKH,64,Two year,Fiber optic,Yes,No,Bank transfer (automatic),105.4,4512,0,0,0.2594,Moderate Risk
1089-HDMKP,11,Month-to-month,DSL,Yes,No,Electronic check,54.55,4143,0,0,0.2593,Moderate Risk
7542-CYDDM,18,Month-to-month,No,No internet service,No internet service,Mailed check,20.05,4204,0,0,0.2592,Moderate Risk
5524-KHNJP,33,One year,DSL,No,Yes,Credit card (automatic),74.75,5344,0,0,0.259,Moderate Risk
1527-SXDPN,52,Two year,Fiber optic,Yes,No,Bank transfer (automatic),96.25,4751,1,0,0.2589,Moderate Risk
0725-CXOTM,36,One year,DSL,Yes,Yes,Credit card (automatic),89.65,4844,0,0,0.2588,Moderate Risk
8259-NFJTV,7,Month-to-month,DSL,Yes,Yes,Mailed check,34.65,5996,0,0,0.2586,Moderate Risk
7055-VKGDA,54,One year,Fiber optic,Yes,Yes,Credit card (automatic),105.4,4406,1,0,0.2586,Moderate Risk
8107-RZLNV,72,Two year,Fiber optic,No,No,Bank transfer (automatic),106.3,4634,0,0,0.2586,Moderate Risk
5141-ZUVBH,9,Month-to-month,Fiber optic,Yes,Yes,Bank transfer (automatic),93.0,2267,0,0,0.2585,Moderate Risk
3594-UVONA,35,One year,DSL,Yes,Yes,Credit card (automatic),85.95,3833,1,0,0.2582,Moderate Risk
4403-BWPAY,14,One year,No,No internet service,No internet service,Credit card (automatic),24.8,4527,0,0,0.2576,Moderate Risk
7654-YWJUF,43,One year,Fiber optic,Yes,Yes,Bank transfer (automatic),84.25,4382,0,0,0.2575,Moderate Risk
0106-UGRDO,69,Two year,Fiber optic,Yes,Yes,Electronic check,116.0,4216,0,0,0.2573,Moderate Risk
8133-ANHHJ,49,One year,Fiber optic,Yes,Yes,Bank transfer (automatic),103.0,5023,0,0,0.2573,Moderate Risk
4318-RAJVY,10,One year,No,No internet service,No internet service,Mailed check,19.8,5270,0,0,0.2572,Moderate Risk
8879-XUAHX,71,Two year,Fiber optic,Yes,Yes,Electronic check,116.25,6124,0,0,0.2572,Moderate Risk
6968-MHOMU,58,One year,DSL,No,No,Credit card (automatic),45.0,5006,0,0,0.2571,Moderate Risk
3450-WXOAT,46,Month-to-month,DSL,No,No,Credit card (automatic),45.2,3150,0,0,0.257,Moderate Risk
9513-DXHDA,27,One year,DSL,Yes,Yes,Electronic check,81.7,2445,0,0,0.2566,Moderate Risk
1104-FEJAM,28,Month-to-month,DSL,No,No,Electronic check,64.4,2434,0,0,0.2566,Moderate Risk
8221-EQDGL,35,Month-to-month,DSL,No,Yes,Mailed check,61.0,4355,0,0,0.2564,Moderate Risk
8631-XVRZL,9,One year,No,No internet service,No internet service,Mailed check,20.15,4004,0,0,0.2563,Moderate Risk
7820-ZYGNY,63,One year,Fiber optic,No,No,Credit card (automatic),90.45,4616,0,0,0.2563,Moderate Risk
2533-QVMSK,61,Two year,Fiber optic,Yes,No,Electronic check,94.1,6295,1,0,0.2563,Moderate Risk
0186-CAERR,71,One year,Fiber optic,Yes,Yes,Bank transfer (automatic),116.3,4644,0,0,0.2562,Moderate Risk
5193-QLVZB,63,Two year,Fiber optic,No,No,Bank transfer (automatic),104.75,5882,0,0,0.256,Moderate Risk
0308-GIQJT,71,One year,Fiber optic,Yes,No,Bank transfer (automatic),105.75,4921,0,0,0.2559,Moderate Risk
7677-SJJJK,8,One year,No,No internet service,No internet service,Credit card (automatic),19.9,3152,0,0,0.2558,Moderate Risk
3404-JNXAX,51,Month-to-month,Fiber optic,Yes,No,Electronic check,80.75,6032,0,0,0.2557,Moderate Risk
2930-UOTMB,31,Month-to-month,DSL,Yes,Yes,Credit card (automatic),65.25,4403,1,0,0.2553,Moderate Risk
1925-LFCZZ,55,One year,DSL,No,No,Bank transfer (automatic),50.05,4932,0,0,0.2551,Moderate Risk
0074-HDKDG,25,One year,DSL,No,Yes,Bank transfer (automatic),61.6,3807,0,0,0.255,Moderate Risk
6933-FHBZC,26,One year,DSL,No,No,Mailed check,56.05,3079,0,0,0.2545,Moderate Risk
6483-OATDN,8,Month-to-month,DSL,No,Yes,Credit card (automatic),51.3,2545,0,0,0.2545,Moderate Risk
5693-PIPCS,41,Two year,Fiber optic,Yes,No,Credit card (automatic),99.65,2640,0,0,0.2541,Moderate Risk
5286-YHCVC,72,Two year,Fiber optic,No,No,Bank transfer (automatic),104.8,4165,0,0,0.254,Moderate Risk
8548-AWOFC,66,Month-to-month,DSL,Yes,No,Electronic check,63.85,5956,0,0,0.2538,Moderate Risk
4815-TUMEQ,10,One year,No,No internet service,No internet service,Mailed check,19.3,4190,0,0,0.2538,Moderate Risk
9770-KXGQU,53,One year,Fiber optic,No,Yes,Mailed check,98.6,4635,0,0,0.2537,Moderate Risk
4797-AXPXK,1,Month-to-month,DSL,Yes,Yes,Electronic check,60.0,4531,1,0,0.2536,Moderate Risk
2324-EFHVG,64,Two year,Fiber optic,No,No,Bank transfer (automatic),104.4,5617,0,0,0.2535,Moderate Risk
3374-TTZTK,52,Two year,Fiber optic,Yes,Yes,Electronic check,106.3,4969,0,0,0.2534,Moderate Risk
5294-CDGWY,51,One year,DSL,No,Yes,Electronic check,59.3,5633,1,0,0.2532,Moderate Risk
6967-QIQRV,15,One year,Fiber optic,Yes,Yes,Electronic check,101.9,3707,0,0,0.2532,Moderate Risk
5777-ZPQNC,12,One year,No,No internet service,No internet service,Electronic check,20.15,4628,0,0,0.2529,Moderate Risk
6260-XLACS,4,One year,No,No internet service,No internet service,Mailed check,19.7,5018,0,0,0.2529,Moderate Risk
8780-RSYYU,25,Month-to-month,No,No internet service,No internet service,Credit card (automatic),19.2,2159,0,0,0.2529,Moderate Risk
6837-BJYDQ,3,One year,No,No internet service,No internet service,Mailed check,19.6,2543,0,0,0.2527,Moderate Risk
1074-AMIOH,53,Month-to-month,Fiber optic,Yes,No,Bank transfer (automatic),108.25,5989,0,0,0.2523,Moderate Risk
6620-HVDUJ,24,Month-to-month,DSL,Yes,Yes,Bank transfer (automatic),60.45,5095,0,0,0.252,Moderate Risk
7049-GKVZY,17,One year,DSL,Yes,Yes,Credit card (automatic),79.85,5574,0,0,0.2519,Moderate Risk
4730-AWNAU,36,One year,DSL,Yes,Yes,Credit card (automatic),60.7,3671,0,0,0.2519,Moderate Risk
9060-HJJRW,51,One year,DSL,No,No,Credit card (automatic),56.4,4380,0,0,0.2516,Moderate Risk
9967-ATRFS,19,Month-to-month,No,No internet service,No internet service,Mailed check,19.9,3245,0,0,0.2516,Moderate Risk
8550-XSXUQ,48,One year,DSL,No,No,Credit card (automatic),70.55,3997,0,0,0.2513,Moderate Risk
2120-SMPEX,25,Month-to-month,No,No internet service,No internet service,Mailed check,20.15,3848,0,0,0.2513,Moderate Risk
7356-IWLFW,46,Month-to-month,Fiber optic,No,No,Bank transfer (automatic),80.0,3315,0,0,0.2512,Moderate Risk
9411-TPQQV,40,One year,DSL,Yes,Yes,Bank transfer (automatic),54.55,3533,0,0,0.2512,Moderate Risk
7854-EKTJL,2,Month-to-month,No,No internet service,No internet service,Electronic check,19.6,2843,1,0,0.2511,Moderate Risk
7771-ZONAT,22,Two year,DSL,Yes,No,Bank transfer (automatic),56.75,4574,0,0,0.251,Moderate Risk
4806-DXQCE,70,Two year,Fiber optic,Yes,Yes,Electronic check,113.65,6146,0,0,0.251,Moderate Risk
4822-LPTYJ,72,Two year,Fiber optic,No,No,Bank transfer (automatic),103.75,4655,0,0,0.2504,Moderate Risk
5271-YNWVR,68,Two year,Fiber optic,Yes,Yes,Electronic check,113.15,4610,1,0,0.2503,Moderate Risk
1809-DMJHQ,5,Month-to-month,DSL,No,No,Mailed check,46.0,4846,1,0,0.2501,Moderate Risk
6968-URWQU,43,One year,DSL,No,No,Mailed check,56.35,4928,0,0,0.2501,Moderate Risk
3096-YXENJ,65,Two year,Fiber optic,Yes,No,Bank transfer (automatic),107.65,4193,0,0,0.25,Low Risk
1136-XGEQU,50,One year,DSL,Yes,No,Credit card (automatic),84.15,4625,0,0,0.2499,Low Risk
3807-XHCJH,1,Month-to-month,No,No internet service,No internet service,Electronic check,20.0,2358,0,0,0.2498,Low Risk
9374-YOLBJ,1,Month-to-month,No,No internet service,No internet service,Electronic check,19.25,2053,0,0,0.2497,Low Risk
1794-SWWKL,15,Month-to-month,DSL,Yes,No,Bank transfer (automatic),59.65,3974,0,0,0.2496,Low Risk
5337-IIWKZ,34,Month-to-month,DSL,Yes,No,Electronic check,44.85,5569,0,0,0.2496,Low Risk
5397-TUPSH,65,One year,Fiber optic,No,No,Bank transfer (automatic),70.95,4871,0,0,0.2496,Low Risk
7997-EASSD,63,One year,Fiber optic,Yes,No,Credit card (automatic),81.2,6063,0,0,0.2493,Low Risk
1322-AGOQM,46,Month-to-month,DSL,No,No,Bank transfer (automatic),30.3,2243,1,0,0.2493,Low Risk
3354-OADJP,8,One year,DSL,Yes,Yes,Bank transfer (automatic),54.25,2237,0,0,0.2491,Low Risk
7611-YKYTC,22,Month-to-month,Fiber optic,No,Yes,Bank transfer (automatic),75.0,4040,0,0,0.2491,Low Risk
6900-RBKER,52,Two year,Fiber optic,No,No,Credit card (automatic),89.45,5386,0,0,0.2489,Low Risk
8909-BOLNL,3,One year,No,No internet service,No internet service,Mailed check,21.2,2088,0,0,0.2488,Low Risk
3597-YASZG,70,Two year,Fiber optic,Yes,No,Bank transfer (automatic),104.45,5004,0,0,0.2487,Low Risk
6305-YLBMM,69,One year,Fiber optic,Yes,No,Bank transfer (automatic),104.05,4254,1,0,0.2486,Low Risk
3146-JTQHR,10,One year,No,No internet service,No internet service,Bank transfer (automatic),19.6,3778,0,0,0.2483,Low Risk
4626-OZDTJ,51,One year,DSL,Yes,No,Credit card (automatic),78.65,5408,0,0,0.2481,Low Risk
3351-NQLDI,67,One year,Fiber optic,Yes,Yes,Credit card (automatic),94.35,4348,1,0,0.2481,Low Risk
2038-YSEZE,29,Month-to-month,DSL,Yes,Yes,Mailed check,67.45,3152,0,0,0.2477,Low Risk
3621-CHYVB,57,Month-to-month,DSL,Yes,Yes,Bank transfer (automatic),49.9,5866,0,0,0.2475,Low Risk
4097-YODCF,34,One year,Fiber optic,No,Yes,Electronic check,103.8,5382,0,0,0.2475,Low Risk
7233-IOQNP,43,Month-to-month,DSL,Yes,Yes,Bank transfer (automatic),34.0,5409,0,0,0.2475,Low Risk
9103-CXVOK,1,Month-to-month,No,No internet service,No internet service,Electronic check,19.75,3068,0,0,0.2473,Low Risk
7595-EHCDL,32,Month-to-month,DSL,No,No,Credit card (automatic),50.6,3087,0,0,0.247,Low Risk
9544-PYPSJ,62,Month-to-month,Fiber optic,No,No,Credit card (automatic),96.1,5868,0,0,0.2469,Low Risk
8034-RYTVV,55,One year,Fiber optic,No,Yes,Credit card (automatic),84.25,5735,0,0,0.2469,Low Risk
3780-DDGSE,35,Month-to-month,DSL,Yes,No,Electronic check,76.05,5479,0,0,0.2467,Low Risk
4468-YDOVK,5,Month-to-month,DSL,Yes,No,Bank transfer (automatic),48.65,3307,0,0,0.2464,Low Risk
5630-AHZIL,3,Month-to-month,DSL,Yes,Yes,Bank transfer (automatic),64.5,5613,0,0,0.2463,Low Risk
1338-CECEE,41,One year,DSL,No,No,Bank transfer (automatic),68.5,3877,0,0,0.246,Low Risk
4456-RHSNB,19,Month-to-month,DSL,No,No,Bank transfer (automatic),49.6,5735,0,0,0.2459,Low Risk
2773-OVBPK,67,Two year,Fiber optic,Yes,No,Bank transfer (automatic),111.3,4469,0,0,0.2459,Low Risk
2371-KFUOG,58,One year,Fiber optic,No,Yes,Bank transfer (automatic),99.15,6409,0,0,0.2457,Low Risk
0835-JKADZ,71,Two year,Fiber optic,Yes,No,Electronic check,111.25,4361,0,0,0.2456,Low Risk
5961-VUSRV,12,One year,No,No internet service,No internet service,Bank transfer (automatic),19.35,4451,0,0,0.2455,Low Risk
2484-DGXPZ,31,Month-to-month,No,No internet service,No internet service,Mailed check,19.55,2687,1,0,0.2455,Low Risk
3282-ZISZV,32,One year,DSL,Yes,No,Credit card (automatic),83.7,3945,0,0,0.2455,Low Risk
4682-BLBUC,44,One year,DSL,Yes,No,Electronic check,70.95,3678,0,0,0.2454,Low Risk
3729-OWRVL,65,Two year,Fiber optic,Yes,Yes,Electronic check,110.35,4295,0,0,0.2452,Low Risk
5236-PERKL,57,Two year,Fiber optic,No,Yes,Bank transfer (automatic),112.95,4738,1,0,0.245,Low Risk
9128-CPXKI,59,Two year,Fiber optic,No,No,Electronic check,95.8,5470,0,0,0.245,Low Risk
7762-URZQH,66,Two year,Fiber optic,No,Yes,Credit card (automatic),106.05,5602,1,0,0.2449,Low Risk
3863-QSTYI,59,Month-to-month,DSL,Yes,No,Electronic check,64.65,5687,0,0,0.2447,Low Risk
2243-FNMMI,20,Month-to-month,No,No internet service,No internet service,Mailed check,19.4,4958,0,0,0.2447,Low Risk
7501-VTYLJ,2,Month-to-month,DSL,No,No,Mailed check,51.55,4057,0,0,0.2447,Low Risk
6766-HFKLA,56,Two year,Fiber optic,Yes,No,Bank transfer (automatic),103.2,4534,0,0,0.2444,Low Risk
2937-FTHUR,18,Month-to-month,DSL,No,Yes,Electronic check,64.8,2466,0,0,0.2444,Low Risk
9152-AMKAK,6,Two year,DSL,Yes,Yes,Mailed check,80.25,2706,0,0,0.2442,Low Risk
2233-FAGXV,5,Month-to-month,No,No internet service,No internet service,Mailed check,24.3,3181,0,0,0.2441,Low Risk
2307-FYNNL,65,Two year,Fiber optic,Yes,Yes,Electronic check,109.05,5692,0,0,0.244,Low Risk
4781-ZXYGU,1,Month-to-month,No,No internet service,No internet service,Bank transfer (automatic),20.15,3960,0,0,0.2439,Low Risk
0568-ONFPC,5,Month-to-month,No,No internet service,No internet service,Bank transfer (automatic),25.9,2102,1,0,0.2437,Low Risk
8261-GWDBQ,60,Two year,Fiber optic,Yes,Yes,Bank transfer (automatic),116.05,4734,0,0,0.2437,Low Risk
6559-RAKOZ,49,One year,Fiber optic,Yes,No,Electronic check,97.95,4301,0,0,0.2437,Low Risk
2834-JKOOW,15,One year,DSL,Yes,Yes,Mailed check,45.9,3572,0,0,0.2437,Low Risk
8647-SDTWQ,57,Month-to-month,Fiber optic,No,No,Electronic check,74.3,4133,0,0,0.2435,Low Risk
5445-PZWGX,62,One year,Fiber optic,Yes,Yes,Electronic check,102.0,5090,1,0,0.2434,Low Risk
2240-HSJQD,38,Month-to-month,Fiber optic,No,No,Mailed check,81.85,3571,0,0,0.2422,Low Risk
1952-DVVSW,10,One year,No,No internet service,No internet service,Mailed check,20.1,3509,0,0,0.2419,Low Risk
3413-DHLPB,60,Month-to-month,Fiber optic,Yes,No,Bank transfer (automatic),103.75,6237,0,0,0.2419,Low Risk
4767-HZZHQ,30,Month-to-month,Fiber optic,No,No,Bank transfer (automatic),82.05,5036,0,0,0.2419,Low Risk
8646-JCOMS,66,One year,Fiber optic,Yes,No,Bank transfer (automatic),90.55,4958,0,0,0.2419,Low Risk
9917-KWRBE,41,One year,DSL,No,Yes,Credit card (automatic),78.35,2894,0,0,0.2418,Low Risk
8152-VETUR,72,Two year,Fiber optic,No,No,Credit card (automatic),97.7,5406,0,0,0.2418,Low Risk
5619-XZZKR,4,One year,No,No internet service,No internet service,Mailed check,19.95,2195,0,0,0.2414,Low Risk
3192-NQECA,68,Two year,Fiber optic,Yes,No,Bank transfer (automatic),110.0,5034,1,0,0.2414,Low Risk
9691-HKOVS,55,One year,DSL,Yes,Yes,Electronic check,90.15,4712,0,0,0.2412,Low Risk
6603-QWSPR,46,Two year,Fiber optic,Yes,No,Bank transfer (automatic),104.4,4190,0,0,0.241,Low Risk
7853-GVUDZ,1,Month-to-month,No,No internet service,No internet service,Credit card (automatic),20.15,4277,1,0,0.2409,Low Risk
0661-WCQNQ,22,One year,DSL,Yes,Yes,Credit card (automatic),56.25,3733,0,0,0.2407,Low Risk
5180-UCIIQ,22,Month-to-month,DSL,No,Yes,Mailed check,40.05,2061,1,0,0.2406,Low Risk
6480-YAGIY,45,One year,Fiber optic,Yes,Yes,Credit card (automatic),112.2,3091,0,0,0.2404,Low Risk
1360-RCYRT,23,Month-to-month,DSL,Yes,No,Bank transfer (automatic),30.35,4960,0,0,0.2399,Low Risk
5898-IGSLP,31,Month-to-month,Fiber optic,Yes,Yes,Electronic check,89.3,2132,0,0,0.2399,Low Risk
8263-QMNTJ,72,Two year,Fiber optic,Yes,Yes,Electronic check,115.55,5890,0,0,0.2399,Low Risk
4256-ZWTZI,5,Month-to-month,DSL,Yes,No,Mailed check,51.0,2789,0,0,0.2398,Low Risk
5327-CNLUQ,48,Two year,Fiber optic,No,Yes,Bank transfer (automatic),96.9,2613,0,0,0.2398,Low Risk
0953-LGOVU,12,Month-to-month,DSL,Yes,No,Mailed check,35.5,2562,0,0,0.2395,Low Risk
4223-BKEOR,21,One year,DSL,No,Yes,Mailed check,64.85,3302,0,0,0.2394,Low Risk
7718-UPSKJ,69,One year,Fiber optic,Yes,Yes,Credit card (automatic),106.4,4328,0,0,0.2389,Low Risk
0748-RDGGM,70,One year,Fiber optic,Yes,Yes,Bank transfer (automatic),109.5,6136,1,0,0.2388,Low Risk
3640-JQGJG,13,Month-to-month,DSL,No,No,Bank transfer (automatic),44.8,4680,0,0,0.2387,Low Risk
4795-WRNVT,40,Month-to-month,DSL,No,Yes,Mailed check,65.1,3885,0,0,0.2382,Low Risk
5795-KTGUD,68,Two year,Fiber optic,No,Yes,Bank transfer (automatic),110.8,4545,0,0,0.2381,Low Risk
4937-QPZPO,61,One year,Fiber optic,No,No,Electronic check,99.9,5641,0,0,0.238,Low Risk
9629-NHXFW,1,Month-to-month,No,No internet service,No internet service,Mailed check,19.4,3160,0,0,0.2377,Low Risk
5304-EFJLP,72,Two year,Fiber optic,Yes,No,Bank transfer (automatic),111.65,4406,0,0,0.2372,Low Risk
5440-FLBQG,69,Two year,Fiber optic,Yes,No,Bank transfer (automatic),108.4,4708,1,0,0.2365,Low Risk
0723-FDLAY,44,One year,DSL,Yes,No,Bank transfer (automatic),85.25,2292,0,0,0.2361,Low Risk
4186-ZBUEW,36,One year,DSL,Yes,No,Mailed check,70.7,3566,0,0,0.236,Low Risk
8079-XRJRS,65,One year,Fiber optic,No,Yes,Electronic check,89.75,6110,1,0,0.236,Low Risk
3733-ZEECP,22,Month-to-month,DSL,Yes,No,Electronic check,51.1,5329,0,0,0.2359,Low Risk
1423-BMPBQ,1,Month-to-month,No,No internet service,No internet service,Mailed check,19.0,2400,0,0,0.2359,Low Risk
8930-XOTDP,18,Month-to-month,DSL,No,No,Mailed check,55.95,2035,0,0,0.2357,Low Risk
3115-CZMZD,0,Two year,No,No internet service,No internet service,Mailed check,20.25,5504,0,0,0.2356,Low Risk
4576-CSAJH,22,One year,DSL,Yes,No,Credit card (automatic),55.15,5866,1,0,0.2356,Low Risk
1866-ZSLJM,21,Month-to-month,No,No internet service,No internet service,Credit card (automatic),20.5,5654,0,0,0.2356,Low Risk
2907-ILJBN,11,One year,No,No internet service,No internet service,Mailed check,20.6,4047,0,0,0.2354,Low Risk
7956-XQWGU,27,Month-to-month,No,No internet service,No internet service,Credit card (automatic),19.4,5975,0,0,0.2353,Low Risk
1444-VVSGW,70,One year,Fiber optic,Yes,Yes,Credit card (automatic),115.65,5563,1,0,0.2348,Low Risk
4139-JPIAM,51,Month-to-month,DSL,Yes,Yes,Credit card (automatic),44.45,6087,0,0,0.2348,Low Risk
5336-UFNZP,65,One year,Fiber optic,No,No,Electronic check,107.45,6211,0,0,0.2348,Low Risk
0956-SYCWG,13,One year,No,No internet service,No internet service,Electronic check,19.65,2024,0,0,0.2347,Low Risk
2862-JVEOY,6,One year,No,No internet service,No internet service,Mailed check,19.15,5322,0,0,0.2346,Low Risk
1162-ECVII,72,Two year,Fiber optic,Yes,No,Bank transfer (automatic),109.75,4265,0,0,0.2346,Low Risk
3896-RCYYE,67,Month-to-month,DSL,Yes,No,Credit card (automatic),53.4,5990,0,0,0.2343,Low Risk
4255-DDUOU,1,Month-to-month,No,No internet service,No internet service,Mailed check,20.5,2398,1,0,0.2342,Low Risk
5195-KPUNQ,53,One year,Fiber optic,Yes,Yes,Mailed check,96.75,4766,0,0,0.2342,Low Risk
9912-OMZDS,59,One year,Fiber optic,No,No,Electronic check,106.15,5096,0,0,0.234,Low Risk
8624-GIOUT,49,Month-to-month,DSL,No,Yes,Credit card (automatic),59.75,6006,1,0,0.234,Low Risk
1891-QRQSA,64,Two year,Fiber optic,Yes,Yes,Bank transfer (automatic),111.6,4881,0,0,0.2339,Low Risk
7208-PSIHR,70,Two year,Fiber optic,Yes,No,Bank transfer (automatic),104.3,5583,0,0,0.2339,Low Risk
5131-PONJI,49,Month-to-month,Fiber optic,No,No,Credit card (automatic),90.4,5804,0,0,0.2338,Low Risk
3472-OAOOR,19,Month-to-month,DSL,No,Yes,Mailed check,34.95,3422,0,0,0.2336,Low Risk
5447-VYTKW,27,Month-to-month,DSL,Yes,Yes,Mailed check,53.45,2191,0,0,0.2336,Low Risk
3239-TPHPZ,12,Two year,No,No internet service,No internet service,Electronic check,20.05,5453,0,0,0.2335,Low Risk
4906-ZHGPK,54,One year,DSL,Yes,No,Electronic check,70.7,5276,0,0,0.2334,Low Risk
1680-VDCWW,12,One year,No,No internet service,No internet service,Bank transfer (automatic),19.8,5279,0,0,0.2332,Low Risk
7666-WKRON,39,Two year,Fiber optic,Yes,No,Electronic check,80.45,2224,1,0,0.2332,Low Risk
6196-HBOBZ,65,Two year,Fiber optic,No,Yes,Electronic check,99.35,6300,0,0,0.2327,Low Risk
7901-IIDQV,24,One year,DSL,Yes,No,Bank transfer (automatic),54.6,3398,0,0,0.2326,Low Risk
6941-KXRRV,48,One year,DSL,No,No,Bank transfer (automatic),58.95,4815,0,0,0.2319,Low Risk
2499-AJYUA,72,Two year,Fiber optic,Yes,No,Credit card (automatic),110.8,5933,0,0,0.2319,Low Risk
1038-ZAGBI,12,One year,No,No internet service,No internet service,Bank transfer (automatic),19.8,2653,1,0,0.2316,Low Risk
8992-VONJD,13,Month-to-month,DSL,No,Yes,Electronic check,56.0,5156,0,0,0.2316,Low Risk
8565-HBFNN,69,One year,Fiber optic,Yes,Yes,Credit card (automatic),107.2,5935,0,0,0.2313,Low Risk
3097-IDVPU,19,Month-to-month,DSL,No,No,Credit card (automatic),50.1,5749,0,0,0.2312,Low Risk
0112-QWPNC,49,One year,DSL,Yes,Yes,Electronic check,84.35,6452,1,0,0.2311,Low Risk
3518-FSTWG,72,Two year,Fiber optic,No,Yes,Bank transfer (automatic),109.55,4086,0,0,0.2311,Low Risk
1410-RSCMR,7,Month-to-month,DSL,Yes,Yes,Credit card (automatic),71.35,3459,0,0,0.231,Low Risk
1137-DGOWI,30,One year,DSL,Yes,No,Bank transfer (automatic),70.25,5417,0,0,0.2308,Low Risk
4654-DLAMQ,64,One year,Fiber optic,No,Yes,Bank transfer (automatic),97.0,4053,0,0,0.2305,Low Risk
8404-VLQFB,15,Month-to-month,No,No internet service,No internet service,Electronic check,25.25,4667,0,0,0.2304,Low Risk
7435-ZNUYY,6,One year,No,No internet service,No internet service,Mailed check,20.6,4439,0,0,0.2299,Low Risk
7576-ASEJU,41,One year,DSL,Yes,Yes,Credit card (automatic),74.7,5246,0,0,0.2292,Low Risk
2680-XKKNJ,8,One year,DSL,Yes,Yes,Bank transfer (automatic),58.2,3325,0,0,0.2284,Low Risk
6773-LQTVT,29,Month-to-month,DSL,No,No,Mailed check,35.65,4107,0,0,0.2283,Low Risk
8819-ZBYNA,58,Two year,Fiber optic,Yes,Yes,Credit card (automatic),109.1,4935,0,0,0.2283,Low Risk
5382-TEMLV,45,Month-to-month,DSL,No,Yes,Bank transfer (automatic),50.9,5274,0,0,0.2283,Low Risk
6308-CQRBU,71,Two year,Fiber optic,Yes,No,Electronic check,109.25,5044,0,0,0.2278,Low Risk
8309-PPCED,72,Two year,Fiber optic,Yes,No,Bank transfer (automatic),110.45,6030,0,0,0.2276,Low Risk
8752-GHJFU,71,One year,Fiber optic,Yes,Yes,Electronic check,92.0,4322,0,0,0.2271,Low Risk
0068-FIGTF,27,One year,DSL,Yes,No,Mailed check,78.2,2297,0,0,0.2269,Low Risk
9200-NLNPD,56,One year,DSL,Yes,No,Bank transfer (automatic),54.05,6445,0,0,0.2269,Low Risk
6992-TKNYO,38,One year,DSL,Yes,No,Credit card (automatic),69.0,4487,0,0,0.2268,Low Risk
9350-ZXYJC,4,Two year,No,No internet service,No internet service,Credit card (automatic),25.3,3808,0,0,0.2267,Low Risk
0983-TATYJ,33,One year,DSL,Yes,No,Mailed check,51.45,4935,0,0,0.2266,Low Risk
9894-QMIMJ,23,One year,DSL,No,No,Bank transfer (automatic),55.8,2499,0,0,0.2266,Low Risk
3969-JQABI,58,Month-to-month,DSL,No,Yes,Credit card (automatic),65.25,5912,0,0,0.2266,Low Risk
7047-YXDMZ,21,Month-to-month,No,No internet service,No internet service,Mailed check,20.0,2366,0,0,0.2266,Low Risk
6727-IOTLZ,14,Two year,DSL,Yes,No,Mailed check,81.95,2564,0,0,0.2263,Low Risk
0913-XWSCN,55,Month-to-month,Fiber optic,No,No,Bank transfer (automatic),85.5,6411,0,0,0.2263,Low Risk
8812-ZRHFP,30,One year,Fiber optic,No,No,Electronic check,86.45,2923,0,0,0.2263,Low Risk
9933-QRGTX,60,Two year,Fiber optic,Yes,Yes,Electronic check,97.2,4905,0,0,0.2259,Low Risk
4851-BQDNX,40,One year,Fiber optic,No,No,Electronic check,85.05,5904,0,0,0.2257,Low Risk
2363-BJLSL,62,Month-to-month,DSL,Yes,No,Bank transfer (automatic),80.4,5157,0,0,0.2256,Low Risk
3162-ZJZFU,53,Month-to-month,Fiber optic,Yes,No,Electronic check,92.55,4700,0,0,0.2256,Low Risk
3551-GAEGL,34,One year,DSL,No,Yes,Bank transfer (automatic),30.4,4697,0,0,0.2255,Low Risk
7246-ZGQDF,1,Month-to-month,DSL,Yes,Yes,Electronic check,54.5,4359,0,0,0.2254,Low Risk
2091-MJTFX,30,Month-to-month,DSL,Yes,No,Credit card (automatic),51.2,4568,1,0,0.2253,Low Risk
7353-YOWFP,7,One year,No,No internet service,No internet service,Mailed check,20.25,4208,0,0,0.2253,Low Risk
3090-LETTY,2,Month-to-month,DSL,No,Yes,Bank transfer (automatic),60.95,3172,0,0,0.2251,Low Risk
5546-QUERU,13,One year,No,No internet service,No internet service,Mailed check,19.95,5221,0,0,0.2249,Low Risk
2911-IJORQ,37,One year,DSL,Yes,Yes,Bank transfer (automatic),90.6,2546,0,0,0.2247,Low Risk
7663-CUXZB,59,Two year,Fiber optic,Yes,Yes,Electronic check,113.75,6251,0,0,0.2247,Low Risk
1684-FLBGS,23,Month-to-month,DSL,Yes,No,Credit card (automatic),69.5,2159,0,0,0.2244,Low Risk
3865-QBWSJ,38,Month-to-month,Fiber optic,No,Yes,Mailed check,80.45,2926,0,0,0.2243,Low Risk
4291-HYEBC,28,One year,DSL,No,No,Electronic check,39.1,2305,0,0,0.2243,Low Risk
9763-GRSKD,13,Month-to-month,DSL,No,Yes,Mailed check,49.95,5764,0,0,0.224,Low Risk
2673-ZALNP,7,One year,No,No internet service,No internet service,Mailed check,19.9,2750,0,0,0.2237,Low Risk
9419-IPPBE,51,One year,Fiber optic,No,No,Electronic check,90.15,5692,0,0,0.2234,Low Risk
0623-EJQEG,65,One year,Fiber optic,Yes,Yes,Electronic check,93.55,5774,0,0,0.2233,Low Risk
0536-BGFMZ,28,Month-to-month,No,No internet service,No internet service,Mailed check,20.5,5145,0,0,0.2227,Low Risk
6481-OGDOO,67,One year,Fiber optic,No,Yes,Credit card (automatic),90.6,4394,1,0,0.2227,Low Risk
6476-YHMGA,15,Month-to-month,DSL,Yes,No,Bank transfer (automatic),76.5,3851,0,0,0.2225,Low Risk
0392-BZIUW,72,Two year,Fiber optic,No,Yes,Credit card (automatic),105.0,5678,0,0,0.2225,Low Risk
3347-YJZZE,29,Month-to-month,DSL,No,No,Credit card (automatic),80.1,4558,0,0,0.2224,Low Risk
1453-RZFON,1,Month-to-month,DSL,No,Yes,Mailed check,49.9,5969,0,0,0.2219,Low Risk
2550-QHZGP,7,One year,No,No internet service,No internet service,Mailed check,19.5,4271,0,0,0.2217,Low Risk
2522-WLNSF,34,One year,DSL,Yes,No,Bank transfer (automatic),64.2,2225,0,0,0.2214,Low Risk
5090-EMGTC,59,Two year,Fiber optic,Yes,No,Mailed check,100.05,4521,0,0,0.2214,Low Risk
9938-ZREHM,37,One year,DSL,Yes,No,Mailed check,72.1,2703,0,0,0.2211,Low Risk
8976-OQHGT,4,Month-to-month,DSL,Yes,No,Mailed check,56.5,5758,1,0,0.221,Low Risk
8582-KRHPJ,50,Month-to-month,DSL,No,Yes,Mailed check,35.0,5629,0,0,0.221,Low Risk
1352-VHKAJ,27,Month-to-month,DSL,Yes,No,Bank transfer (automatic),71.6,3773,0,0,0.221,Low Risk
1898-JSNDC,39,One year,DSL,No,No,Credit card (automatic),58.6,5662,0,0,0.2208,Low Risk
3823-KYNQY,12,One year,No,No internet service,No internet service,Credit card (automatic),24.95,4443,0,0,0.2207,Low Risk
3059-NGMXB,14,Month-to-month,DSL,No,Yes,Mailed check,69.2,2871,0,0,0.2207,Low Risk
5032-USPKF,38,One year,DSL,No,Yes,Bank transfer (automatic),84.1,2604,0,0,0.2205,Low Risk
0842-IWYCP,46,Month-to-month,DSL,No,No,Bank transfer (automatic),44.95,2626,0,0,0.2202,Low Risk
2585-KTFRE,1,Month-to-month,DSL,Yes,Yes,Bank transfer (automatic),70.45,2706,0,0,0.2202,Low Risk
0458-HEUZG,13,Two year,DSL,Yes,No,Mailed check,35.4,3239,0,0,0.2201,Low Risk
8405-IGQFX,63,One year,Fiber optic,Yes,No,Credit card (automatic),90.05,4039,0,0,0.22,Low Risk
8041-TMEID,63,Two year,Fiber optic,No,Yes,Credit card (automatic),108.5,6453,0,0,0.2196,Low Risk
7989-VCQOH,18,Month-to-month,DSL,Yes,Yes,Electronic check,83.25,2065,0,0,0.2192,Low Risk
1708-PBBOA,42,One year,DSL,Yes,Yes,Electronic check,54.75,3179,0,0,0.2191,Low Risk
9350-VLHMB,67,Month-to-month,Fiber optic,No,No,Bank transfer (automatic),89.55,6111,0,0,0.219,Low Risk
4043-MKDTV,71,Two year,Fiber optic,Yes,No,Electronic check,105.25,6319,0,0,0.219,Low Risk
0533-UCAAU,57,One year,DSL,No,No,Credit card (automatic),71.1,5462,0,0,0.2187,Low Risk
0201-MIBOL,66,Two year,Fiber optic,No,Yes,Bank transfer (automatic),102.4,4861,0,0,0.2186,Low Risk
9388-ZEYVT,43,One year,DSL,Yes,No,Electronic check,44.15,2522,0,0,0.2185,Low Risk
3466-BYAVD,15,Month-to-month,DSL,Yes,No,Mailed check,69.5,3128,0,0,0.2183,Low Risk
1061-PNTHC,56,Month-to-month,Fiber optic,Yes,Yes,Mailed check,109.6,5012,0,0,0.2181,Low Risk
0667-NSRGI,48,One year,DSL,Yes,No,Mailed check,69.55,2478,0,0,0.218,Low Risk
3082-WQRVY,14,One year,No,No internet service,No internet service,Mailed check,19.65,2962,0,0,0.2179,Low Risk
3229-USWAR,34,One year,DSL,Yes,Yes,Bank transfer (automatic),79.95,3570,0,0,0.2178,Low Risk
7691-XVTZH,68,Two year,Fiber optic,No,No,Bank transfer (automatic),89.95,5672,0,0,0.2178,Low Risk
4366-CTOUZ,50,Two year,Fiber optic,Yes,No,Mailed check,100.2,5419,0,0,0.2177,Low Risk
9848-JQJTX,72,Two year,Fiber optic,No,No,Bank transfer (automatic),100.9,5781,0,0,0.2175,Low Risk
5724-BIDBU,49,One year,DSL,No,Yes,Electronic check,55.35,5601,0,0,0.2173,Low Risk
9134-WYRVP,51,One year,Fiber optic,No,Yes,Mailed check,86.35,5311,0,0,0.2172,Low Risk
0742-LAFQK,72,Two year,Fiber optic,No,Yes,Electronic check,99.15,5152,0,0,0.2169,Low Risk
8406-LNMHF,59,One year,Fiber optic,No,Yes,Credit card (automatic),82.95,5295,0,0,0.2169,Low Risk
0187-WZNAB,27,Month-to-month,Fiber optic,No,Yes,Mailed check,74.4,4331,0,0,0.2168,Low Risk
5553-AOINX,66,One year,Fiber optic,No,No,Electronic check,104.9,4892,0,0,0.2168,Low Risk
7550-WIQVA,50,One year,Fiber optic,No,Yes,Electronic check,108.25,4972,0,0,0.2168,Low Risk
1485-YDHMM,52,Month-to-month,Fiber optic,Yes,No,Bank transfer (automatic),93.25,4740,0,0,0.2167,Low Risk
5049-MUBWG,26,One year,DSL,Yes,Yes,Bank transfer (automatic),75.0,4705,0,0,0.2165,Low Risk
3893-JRNFS,68,Month-to-month,DSL,No,No,Bank transfer (automatic),39.9,6270,0,0,0.2159,Low Risk
1696-HXOWK,71,One year,Fiber optic,No,Yes,Mailed check,95.65,5856,0,0,0.2157,Low Risk
6440-DKQGE,30,One year,DSL,No,No,Credit card (automatic),64.5,4320,0,0,0.2156,Low Risk
7426-WEIJX,60,Month-to-month,Fiber optic,No,Yes,Electronic check,80.95,6214,0,0,0.2155,Low Risk
8823-RLPWL,72,Two year,Fiber optic,No,Yes,Credit card (automatic),110.65,4259,0,0,0.2155,Low Risk
5663-QBGIS,72,Two year,Fiber optic,No,No,Bank transfer (automatic),98.35,6120,0,0,0.2154,Low Risk
3131-NWVFJ,14,One year,No,No internet service,No internet service,Mailed check,19.55,5620,0,0,0.2154,Low Risk
9537-VHDTA,1,Month-to-month,DSL,No,Yes,Mailed check,51.2,3699,0,0,0.2141,Low Risk
6497-TILVL,7,Month-to-month,DSL,No,Yes,Mailed check,50.7,3097,0,0,0.2141,Low Risk
6171-ZTVYB,43,Month-to-month,DSL,Yes,Yes,Bank transfer (automatic),66.25,2168,0,0,0.2138,Low Risk
2809-ILCYT,25,One year,No,No internet service,No internet service,Mailed check,26.8,3428,0,0,0.2135,Low Risk
6543-JXSOO,23,One year,DSL,Yes,Yes,Mailed check,57.75,3794,0,0,0.2134,Low Risk
7470-DYNOE,53,One year,DSL,No,No,Electronic check,61.1,5940,0,0,0.2131,Low Risk
4091-TVOCN,48,One year,DSL,No,Yes,Credit card (automatic),78.75,2257,0,0,0.2129,Low Risk
8109-YUOHE,17,One year,DSL,No,Yes,Mailed check,56.1,5025,0,0,0.2125,Low Risk
7266-GSSJX,11,Month-to-month,No,No internet service,No internet service,Electronic check,20.45,2606,0,0,0.2124,Low Risk
8044-BGWPI,12,Month-to-month,No,No internet service,No internet service,Electronic check,21.15,5209,0,0,0.2122,Low Risk
1291-CUOCY,72,Two year,Fiber optic,Yes,No,Credit card (automatic),110.6,5444,0,0,0.212,Low Risk
6231-WFGFH,4,Month-to-month,No,No internet service,No internet service,Mailed check,20.5,5053,0,0,0.2114,Low Risk
6257-DTAYD,71,Two year,Fiber optic,Yes,No,Credit card (automatic),104.15,5973,0,0,0.2113,Low Risk
7136-RVDTZ,70,One year,DSL,No,No,Electronic check,45.25,5824,1,0,0.211,Low Risk
1577-HKTFG,30,Month-to-month,No,No internet service,No internet service,Bank transfer (automatic),19.65,2486,1,0,0.2109,Low Risk
4049-ZPALD,64,Two year,Fiber optic,No,Yes,Bank transfer (automatic),99.0,5483,0,0,0.2108,Low Risk
5915-DGNVC,49,One year,DSL,No,Yes,Electronic check,71.8,6193,0,0,0.2108,Low Risk
0384-LPITE,40,One year,DSL,No,Yes,Credit card (automatic),62.05,2290,0,0,0.2106,Low Risk
3115-JPJDD,59,One year,Fiber optic,No,Yes,Credit card (automatic),81.25,4709,0,0,0.2106,Low Risk
1470-PSXNM,49,One year,Fiber optic,No,No,Electronic check,93.65,5542,0,0,0.2104,Low Risk
2947-DOMLJ,1,Month-to-month,DSL,No,Yes,Mailed check,50.6,3677,1,0,0.2102,Low Risk
4508-OEBEY,31,One year,DSL,Yes,Yes,Credit card (automatic),75.5,5611,0,0,0.2101,Low Risk
0356-OBMAC,56,Two year,Fiber optic,Yes,No,Bank transfer (automatic),99.9,5840,0,0,0.2101,Low Risk
3556-BVQGL,20,One year,No,No internet service,No internet service,Mailed check,20.0,3585,0,0,0.21,Low Risk
6266-QHOJZ,65,One year,Fiber optic,Yes,Yes,Electronic check,89.85,6421,0,0,0.2096,Low Risk
1702-CCFNJ,52,Month-to-month,DSL,Yes,No,Bank transfer (automatic),61.35,4729,0,0,0.2096,Low Risk
7317-GGVPB,71,Two year,Fiber optic,Yes,No,Credit card (automatic),108.6,4982,1,0,0.2096,Low Risk
6797-LNAQX,70,Two year,Fiber optic,No,No,Bank transfer (automatic),98.3,4794,1,0,0.2095,Low Risk
8652-YHIYU,16,One year,Fiber optic,Yes,No,Credit card (automatic),79.5,5040,0,0,0.2095,Low Risk
1915-OAKWD,16,One year,No,No internet service,No internet service,Bank transfer (automatic),19.3,2870,0,0,0.2094,Low Risk
4174-LPGTI,41,One year,DSL,Yes,No,Bank transfer (automatic),66.5,2517,1,0,0.2094,Low Risk
0635-WKOLD,40,One year,DSL,Yes,No,Credit card (automatic),70.75,5507,0,0,0.2091,Low Risk
4310-KEDTB,26,Month-to-month,DSL,No,No,Mailed check,29.8,3746,0,0,0.209,Low Risk
3205-MXZRA,26,One year,DSL,Yes,No,Credit card (automatic),59.45,2074,0,0,0.2088,Low Risk
7619-ODSGN,24,Month-to-month,DSL,No,Yes,Electronic check,54.75,5699,1,0,0.2088,Low Risk
4159-NAAIX,63,Two year,Fiber optic,No,No,Bank transfer (automatic),97.45,4769,0,0,0.2088,Low Risk
7801-CEDNV,27,One year,DSL,No,Yes,Credit card (automatic),48.7,3560,0,0,0.2087,Low Risk
3154-CFSZG,47,Month-to-month,Fiber optic,No,Yes,Electronic check,90.05,3291,0,0,0.2086,Low Risk
9928-BZVLZ,12,Two year,DSL,Yes,Yes,Mailed check,49.85,3100,0,0,0.2085,Low Risk
7088-FBAWU,17,Month-to-month,DSL,No,Yes,Mailed check,74.55,4451,0,0,0.2085,Low Risk
8822-KNBHV,48,One year,DSL,No,Yes,Credit card (automatic),83.45,4250,0,0,0.2084,Low Risk
4501-UYKBC,46,One year,DSL,Yes,No,Credit card (automatic),69.1,3856,0,0,0.2082,Low Risk
1125-SNVCK,49,Month-to-month,DSL,No,No,Mailed check,43.8,5651,0,0,0.208,Low Risk
1498-DQNRX,29,Month-to-month,No,No internet service,No internet service,Mailed check,19.85,2712,0,0,0.2079,Low Risk
8792-AOROI,8,Two year,DSL,Yes,Yes,Mailed check,65.5,2985,0,0,0.2079,Low Risk
4522-XRWWI,42,One year,DSL,Yes,Yes,Credit card (automatic),80.45,4397,0,0,0.2078,Low Risk
8595-SIZNC,22,One year,No,No internet service,No internet service,Bank transfer (automatic),25.6,2628,0,0,0.2078,Low Risk
9987-LUTYD,13,One year,DSL,Yes,Yes,Mailed check,55.15,3161,0,0,0.2077,Low Risk
5827-MWCZK,56,Month-to-month,Fiber optic,Yes,No,Credit card (automatic),96.95,6484,0,0,0.2077,Low Risk
5203-XEHAX,34,One year,DSL,No,Yes,Electronic check,64.35,3445,0,0,0.2076,Low Risk
4377-VDHYI,32,One year,Fiber optic,No,Yes,Electronic check,90.8,2722,0,0,0.2072,Low Risk
4199-QHJNM,67,Two year,Fiber optic,Yes,No,Bank transfer (automatic),102.9,5869,0,0,0.2072,Low Risk
3541-ZNUHK,55,Month-to-month,Fiber optic,No,Yes,Electronic check,85.1,4026,0,0,0.2072,Low Risk
9405-GPBBG,64,Two year,Fiber optic,Yes,No,Credit card (automatic),110.5,5718,0,0,0.2071,Low Risk
8089-UZWLX,71,Two year,Fiber optic,No,No,Bank transfer (automatic),104.05,4113,0,0,0.207,Low Risk
0303-UNCIP,41,One year,DSL,No,No,Mailed check,65.0,5043,0,0,0.2069,Low Risk
0516-OOHAR,28,One year,Fiber optic,No,No,Bank transfer (automatic),100.35,3411,0,0,0.2068,Low Risk
7722-CVFXN,54,One year,Fiber optic,Yes,No,Electronic check,105.2,5546,0,0,0.2064,Low Risk
9866-OCCKE,72,Two year,Fiber optic,Yes,Yes,Mailed check,109.75,6010,0,0,0.206,Low Risk
6682-VCIXC,43,One year,DSL,Yes,Yes,Bank transfer (automatic),51.25,5656,0,0,0.2057,Low Risk
9837-FWLCH,12,Month-to-month,No,No internet service,No internet service,Electronic check,19.2,3101,0,0,0.2055,Low Risk
7841-FCRQD,33,One year,DSL,Yes,No,Credit card (automatic),53.75,3160,0,0,0.2055,Low Risk
3800-LYTRK,14,One year,DSL,Yes,Yes,Mailed check,55.7,4978,0,0,0.2054,Low Risk
7100-FQPRV,43,One year,DSL,Yes,Yes,Credit card (automatic),71.9,4106,0,0,0.2053,Low Risk
5876-HZVZM,6,Month-to-month,DSL,No,Yes,Credit card (automatic),55.9,4914,1,0,0.2052,Low Risk
5753-QQWPW,28,One year,DSL,Yes,Yes,Electronic check,59.9,4131,0,0,0.2051,Low Risk
1545-JFUML,71,Two year,Fiber optic,No,Yes,Electronic check,99.0,5295,0,0,0.2048,Low Risk
8984-HPEMB,71,Two year,Fiber optic,Yes,Yes,Electronic check,118.65,4296,0,0,0.2048,Low Risk
5846-QFDFI,33,Month-to-month,Fiber optic,Yes,No,Credit card (automatic),88.6,3648,0,0,0.2048,Low Risk
6838-YAUVY,54,Two year,Fiber optic,Yes,No,Bank transfer (automatic),95.1,4825,0,0,0.2047,Low Risk
4567-AKPIA,41,One year,Fiber optic,Yes,No,Bank transfer (automatic),109.1,4854,0,0,0.2047,Low Risk
4670-TABXH,72,Two year,Fiber optic,Yes,No,Credit card (automatic),109.75,5791,0,0,0.2046,Low Risk
4430-YHXGG,4,Month-to-month,No,No internet service,No internet service,Mailed check,25.45,2616,0,0,0.2046,Low Risk
1099-BTKWT,68,One year,DSL,No,Yes,Electronic check,54.4,4897,0,0,0.2045,Low Risk
8050-WYBND,22,One year,DSL,No,No,Credit card (automatic),49.45,5941,0,0,0.2041,Low Risk
2746-DIJLO,41,One year,DSL,No,No,Credit card (automatic),56.3,2994,0,0,0.2041,Low Risk
9496-IVVRP,11,Month-to-month,DSL,No,Yes,Bank transfer (automatic),51.0,5777,0,0,0.204,Low Risk
5998-DZLYR,61,Two year,Fiber optic,Yes,No,Bank transfer (automatic),94.35,4676,0,0,0.2032,Low Risk
5297-MDOIR,63,One year,Fiber optic,No,Yes,Credit card (automatic),81.15,5294,0,0,0.2029,Low Risk
7032-LMBHI,37,One year,DSL,No,Yes,Bank transfer (automatic),64.65,5255,0,0,0.2028,Low Risk
2469-DTSGX,72,Two year,Fiber optic,Yes,No,Electronic check,111.65,5388,0,0,0.2028,Low Risk
4098-NAUKP,68,Month-to-month,Fiber optic,No,No,Electronic check,84.65,6404,0,0,0.2028,Low Risk
0369-ZGOVK,28,One year,Fiber optic,No,No,Bank transfer (automatic),70.4,5195,0,0,0.2026,Low Risk
4328-VUFWD,39,One year,DSL,Yes,No,Electronic check,59.3,5843,0,0,0.2025,Low Risk
2578-JQPHZ,44,Two year,Fiber optic,Yes,No,Bank transfer (automatic),100.1,4025,0,0,0.2024,Low Risk
2483-XSSMZ,39,One year,DSL,No,Yes,Electronic check,47.85,5531,0,0,0.2022,Low Risk
0201-OAMXR,70,One year,Fiber optic,Yes,Yes,Credit card (automatic),115.55,4838,1,0,0.202,Low Risk
8777-MBMTS,65,Two year,Fiber optic,Yes,No,Credit card (automatic),105.85,4872,0,0,0.2019,Low Risk
9330-DHBFL,23,One year,DSL,Yes,Yes,Mailed check,66.25,2072,0,0,0.2019,Low Risk
7078-NVFAM,32,Month-to-month,DSL,No,Yes,Electronic check,35.15,3163,0,0,0.2017,Low Risk
1334-PDUKM,68,One year,Fiber optic,No,No,Credit card (automatic),86.45,4480,0,0,0.2016,Low Risk
0164-APGRB,72,Two year,Fiber optic,Yes,Yes,Electronic check,114.9,4589,0,0,0.2016,Low Risk
3682-YEUWS,10,Month-to-month,No,No internet service,No internet service,Mailed check,24.4,4458,0,0,0.2015,Low Risk
1779-PWPMG,72,Two year,Fiber optic,Yes,Yes,Bank transfer (automatic),114.65,5408,0,0,0.2011,Low Risk
9138-EFSMO,26,One year,Fiber optic,No,No,Bank transfer (automatic),78.95,4237,0,0,0.2011,Low Risk
8076-FEZKJ,10,One year,No,No internet service,No internet service,Mailed check,19.5,5039,0,0,0.2009,Low Risk
6408-OTUBZ,66,One year,Fiber optic,Yes,Yes,Bank transfer (automatic),104.55,4494,0,0,0.2008,Low Risk
0820-FNRNX,17,Month-to-month,DSL,Yes,No,Mailed check,66.7,2814,0,0,0.2006,Low Risk
8961-QDZZJ,57,One year,Fiber optic,No,No,Electronic check,95.0,6245,0,0,0.2005,Low Risk
8573-JGCZW,17,One year,No,No internet service,No internet service,Bank transfer (automatic),19.65,4774,0,0,0.2005,Low Risk
7129-AZJDE,34,One year,Fiber optic,No,No,Bank transfer (automatic),78.95,2074,0,0,0.2003,Low Risk
3410-MHHUM,44,One year,Fiber optic,No,No,Electronic check,94.4,5019,0,0,0.2003,Low Risk
8065-QBYTO,71,One year,Fiber optic,Yes,Yes,Credit card (automatic),99.65,5448,0,0,0.2002,Low Risk
6371-NZYEG,16,Two year,DSL,No,Yes,Mailed check,64.25,5511,0,0,0.1999,Low Risk
2245-ADZFJ,31,Two year,DSL,Yes,No,Bank transfer (automatic),80.55,3491,0,0,0.1995,Low Risk
6500-JVEGC,68,One year,Fiber optic,No,Yes,Bank transfer (automatic),101.35,4941,0,0,0.1993,Low Risk
7036-TYDEC,69,Two year,Fiber optic,Yes,No,Electronic check,104.0,5902,0,0,0.1993,Low Risk
5451-YHYPW,72,Two year,Fiber optic,Yes,Yes,Credit card (automatic),115.75,6205,0,0,0.1992,Low Risk
5748-RNCJT,69,Two year,Fiber optic,Yes,No,Bank transfer (automatic),106.5,4859,1,0,0.1989,Low Risk
4194-WHFCB,59,Month-to-month,Fiber optic,Yes,No,Bank transfer (automatic),96.65,5266,0,0,0.1989,Low Risk
3255-GRXMG,18,Month-to-month,DSL,No,No,Credit card (automatic),45.65,4403,0,0,0.1989,Low Risk
2388-LAESQ,72,Two year,Fiber optic,Yes,Yes,Bank transfer (automatic),114.85,4796,0,0,0.1986,Low Risk
6508-NJYRO,15,One year,No,No internet service,No internet service,Mailed check,18.8,3977,0,0,0.1984,Low Risk
9467-ROOLM,25,Month-to-month,No,No internet service,No internet service,Mailed check,19.05,2692,0,0,0.1983,Low Risk
0422-OHQHQ,15,One year,No,No internet service,No internet service,Mailed check,20.55,3009,0,0,0.1983,Low Risk
7541-YLXCL,36,One year,DSL,Yes,No,Mailed check,65.4,5220,1,0,0.1981,Low Risk
8329-GWVPJ,50,Month-to-month,Fiber optic,No,No,Bank transfer (automatic),69.75,4539,0,0,0.198,Low Risk
9473-CBZOP,28,One year,DSL,No,Yes,Mailed check,59.0,4891,0,0,0.198,Low Risk
8224-UAXBZ,58,One year,DSL,No,Yes,Electronic check,45.35,5137,0,0,0.1979,Low Risk
8680-CGLTP,29,One year,DSL,Yes,Yes,Electronic check,58.75,5198,0,0,0.1979,Low Risk
9442-JTWDL,11,One year,No,No internet service,No internet service,Credit card (automatic),20.05,5355,0,0,0.1978,Low Risk
7776-QGYJC,39,Month-to-month,Fiber optic,Yes,No,Bank transfer (automatic),81.5,2042,0,0,0.1977,Low Risk
3739-YBWAB,36,One year,DSL,No,Yes,Mailed check,35.35,3314,0,0,0.1976,Low Risk
0807-ZABDG,3,Month-to-month,DSL,Yes,Yes,Mailed check,55.1,4412,1,0,0.1974,Low Risk
7665-VIGUD,10,One year,No,No internet service,No internet service,Mailed check,20.35,4745,0,0,0.197,Low Risk
6421-SZVEM,28,One year,Fiber optic,No,Yes,Bank transfer (automatic),82.85,5802,0,0,0.197,Low Risk
9924-JPRMC,72,Two year,Fiber optic,Yes,Yes,Electronic check,118.2,4886,0,0,0.1968,Low Risk
2323-ARSVR,67,Two year,Fiber optic,Yes,Yes,Electronic check,111.05,6103,0,0,0.1966,Low Risk
1097-FSPVW,42,Month-to-month,DSL,No,Yes,Credit card (automatic),54.55,5387,0,0,0.1965,Low Risk
8734-FNWVH,31,Month-to-month,DSL,No,No,Bank transfer (automatic),59.7,2425,0,0,0.1965,Low Risk
6878-GGDWG,32,Month-to-month,No,No internet service,No internet service,Bank transfer (automatic),19.4,3846,0,0,0.1963,Low Risk
5844-QVTAT,33,One year,DSL,No,Yes,Mailed check,58.45,4276,0,0,0.196,Low Risk
1480-BKXGA,72,Two year,Fiber optic,Yes,Yes,Bank transfer (automatic),116.05,4404,0,0,0.1959,Low Risk
9154-QDGTH,43,One year,Fiber optic,Yes,No,Credit card (automatic),104.3,3927,0,0,0.1956,Low Risk
3506-LCJDC,1,Month-to-month,No,No internet service,No internet service,Bank transfer (automatic),19.95,4860,1,0,0.1955,Low Risk
7868-TMWMZ,60,Two year,Fiber optic,Yes,Yes,Bank transfer (automatic),110.0,4953,0,0,0.1954,Low Risk
5590-ZSKRV,8,Month-to-month,DSL,No,Yes,Mailed check,54.65,5614,0,0,0.1953,Low Risk
8082-GHXOP,13,Month-to-month,DSL,No,No,Mailed check,44.0,5611,0,0,0.1953,Low Risk
0907-HQNTS,70,Two year,Fiber optic,Yes,Yes,Credit card (automatic),113.0,4588,0,0,0.1953,Low Risk
7407-SUJIZ,25,Month-to-month,No,No internet service,No internet service,Mailed check,20.6,2305,0,0,0.195,Low Risk
5726-CVNYA,8,Two year,No,No internet service,No internet service,Mailed check,19.85,3260,0,0,0.1949,Low Risk
9750-BOOHV,32,One year,DSL,No,Yes,Mailed check,30.15,3585,0,0,0.1944,Low Risk
2651-ZCBXV,54,Two year,Fiber optic,Yes,Yes,Credit card (automatic),108.0,6370,0,0,0.1943,Low Risk
9313-QOLTZ,26,Month-to-month,No,No internet service,No internet service,Mailed check,20.9,5895,0,0,0.1943,Low Risk
7649-PHJVR,11,One year,No,No internet service,No internet service,Mailed check,19.5,5825,0,0,0.1943,Low Risk
3272-VUHPV,8,Month-to-month,DSL,Yes,No,Bank transfer (automatic),56.3,3135,0,0,0.1943,Low Risk
9962-BFPDU,1,Month-to-month,No,No internet service,No internet service,Mailed check,20.05,5811,0,0,0.1939,Low Risk
1724-IQWNM,1,Month-to-month,No,No internet service,No internet service,Mailed check,19.3,4136,0,0,0.1935,Low Risk
6050-FFXES,69,Two year,Fiber optic,Yes,No,Bank transfer (automatic),105.35,5268,0,0,0.1933,Low Risk
1150-WFARN,67,Two year,Fiber optic,Yes,Yes,Credit card (automatic),108.75,5516,1,0,0.193,Low Risk
4797-MIWUM,7,Month-to-month,No,No internet service,No internet service,Bank transfer (automatic),20.25,3149,0,0,0.1929,Low Risk
6919-ELBGL,72,Two year,Fiber optic,Yes,Yes,Bank transfer (automatic),114.95,6268,0,0,0.1928,Low Risk
5174-ITUMV,67,One year,Fiber optic,No,No,Electronic check,105.4,5666,0,0,0.1926,Low Risk
3468-DRVQJ,10,One year,DSL,No,Yes,Electronic check,70.3,5496,0,0,0.1923,Low Risk
7707-PYBBH,40,Month-to-month,DSL,Yes,Yes,Mailed check,61.9,2520,0,0,0.1922,Low Risk
5789-LDFXO,24,One year,No,No internet service,No internet service,Electronic check,24.6,5448,0,0,0.1921,Low Risk
7872-RDDLZ,67,Month-to-month,DSL,No,No,Electronic check,54.9,4826,0,0,0.192,Low Risk
8084-OIVBS,11,One year,No,No internet service,No internet service,Mailed check,20.0,3731,0,0,0.1919,Low Risk
7134-HBPBS,72,Two year,Fiber optic,Yes,No,Bank transfer (automatic),108.1,4474,0,0,0.1919,Low Risk
3920-HIHMQ,26,Month-to-month,DSL,No,No,Mailed check,49.5,4196,0,0,0.1917,Low Risk
3308-MHOOC,1,Month-to-month,No,No internet service,No internet service,Mailed check,19.2,3383,0,0,0.1916,Low Risk
3224-DFQNQ,66,One year,Fiber optic,Yes,Yes,Electronic check,89.0,4488,0,0,0.1915,Low Risk
4544-RXFMG,8,One year,DSL,No,No,Mailed check,43.45,4184,0,0,0.1905,Low Risk
5135-GRQJV,72,Two year,Fiber optic,Yes,Yes,Mailed check,114.5,6051,0,0,0.1904,Low Risk
2834-JRTUA,71,Two year,Fiber optic,Yes,Yes,Electronic check,108.05,5200,1,0,0.1903,Low Risk
5954-BDFSG,72,Two year,Fiber optic,Yes,No,Credit card (automatic),107.5,4708,0,0,0.1903,Low Risk
9386-LDCZR,43,One year,Fiber optic,Yes,Yes,Credit card (automatic),90.65,2496,0,0,0.1901,Low Risk
7156-MXBJE,43,One year,DSL,Yes,No,Credit card (automatic),85.1,2319,0,0,0.19,Low Risk
8267-KFGYD,1,Month-to-month,No,No internet service,No internet service,Mailed check,21.05,3389,0,0,0.1898,Low Risk
3705-RHRFR,69,Two year,Fiber optic,No,Yes,Bank transfer (automatic),99.15,5031,0,0,0.1896,Low Risk
6050-IJRHS,70,One year,Fiber optic,No,No,Electronic check,106.5,6319,0,0,0.1893,Low Risk
9351-HXDMR,72,Two year,Fiber optic,Yes,Yes,Credit card (automatic),110.9,4938,0,0,0.1892,Low Risk
5198-HQAEN,35,One year,Fiber optic,Yes,No,Electronic check,89.7,2775,0,0,0.189,Low Risk
5515-IDEJJ,1,Month-to-month,No,No internet service,No internet service,Mailed check,19.9,5441,1,0,0.1889,Low Risk
8029-XYPWT,71,Two year,Fiber optic,Yes,Yes,Bank transfer (automatic),115.05,4438,0,0,0.1888,Low Risk
8231-BSWXX,71,One year,Fiber optic,No,No,Credit card (automatic),79.05,5466,0,0,0.1887,Low Risk
8884-MRNSU,17,One year,No,No internet service,No internet service,Bank transfer (automatic),19.9,3526,0,0,0.1887,Low Risk
5868-YTYKS,1,Month-to-month,No,No internet service,No internet service,Mailed check,20.25,2448,0,0,0.1882,Low Risk
3803-KMQFW,1,Month-to-month,No,No internet service,No internet service,Mailed check,20.55,3797,1,0,0.1882,Low Risk
8628-MFKAX,72,Two year,Fiber optic,Yes,Yes,Credit card (automatic),116.75,5098,0,0,0.1881,Low Risk
2380-DAMQP,72,Two year,Fiber optic,Yes,Yes,Electronic check,115.15,4761,0,0,0.1881,Low Risk
9867-JCZSP,17,One year,No,No internet service,No internet service,Mailed check,20.75,3646,0,0,0.188,Low Risk
8879-ZKJOF,41,One year,DSL,Yes,Yes,Bank transfer (automatic),79.85,5556,0,0,0.1878,Low Risk
9553-DLCLU,13,Two year,DSL,Yes,Yes,Credit card (automatic),88.95,5407,0,0,0.1875,Low Risk
4760-XOHVN,1,Month-to-month,No,No internet service,No internet service,Mailed check,19.45,2865,1,0,0.187,Low Risk
2546-KZAAT,52,One year,DSL,No,Yes,Mailed check,75.4,5211,0,0,0.1869,Low Risk
1557-EMYVT,43,Two year,Fiber optic,Yes,Yes,Credit card (automatic),115.05,4115,0,0,0.1869,Low Risk
7919-ZODZZ,10,One year,DSL,No,No,Mailed check,65.9,5289,0,0,0.1865,Low Risk
5414-OFQCB,57,Two year,Fiber optic,Yes,No,Credit card (automatic),90.45,5076,0,0,0.1865,Low Risk
4710-NKCAW,5,Month-to-month,DSL,Yes,Yes,Credit card (automatic),64.4,3260,0,0,0.1864,Low Risk
5914-XRFQB,72,Two year,Fiber optic,Yes,Yes,Bank transfer (automatic),115.8,6479,0,0,0.1862,Low Risk
6993-YGFJV,69,Two year,Fiber optic,Yes,Yes,Bank transfer (automatic),112.55,5532,0,0,0.1861,Low Risk
7519-JTWQH,69,Two year,Fiber optic,Yes,No,Bank transfer (automatic),110.5,4803,0,0,0.186,Low Risk
2080-SRCDE,1,Month-to-month,No,No internet service,No internet service,Mailed check,25.4,4556,0,0,0.1859,Low Risk
2434-EEVDB,64,Two year,Fiber optic,No,Yes,Credit card (automatic),94.6,5038,0,0,0.1859,Low Risk
8975-SKGRX,71,Two year,Fiber optic,Yes,Yes,Bank transfer (automatic),116.1,5027,0,0,0.1858,Low Risk
8963-JLGJT,3,Month-to-month,DSL,No,Yes,Mailed check,55.9,4648,0,0,0.1858,Low Risk
2923-ARZLG,0,One year,No,No internet service,No internet service,Mailed check,19.7,4890,0,0,0.1856,Low Risk
8226-BXGES,64,One year,Fiber optic,No,Yes,Bank transfer (automatic),89.45,5519,0,0,0.1856,Low Risk
4378-BZYFP,17,One year,No,No internet service,No internet service,Mailed check,20.5,2259,0,0,0.1856,Low Risk
5593-SUAOO,24,One year,Fiber optic,No,No,Bank transfer (automatic),83.15,2404,0,0,0.1854,Low Risk
6147-CBCRA,33,Month-to-month,No,No internet service,No internet service,Mailed check,20.05,5759,0,0,0.1852,Low Risk
1429-UYJSV,12,One year,No,No internet service,No internet service,Mailed check,19.7,3423,0,0,0.1852,Low Risk
5688-KZTSN,15,Month-to-month,No,No internet service,No internet service,Electronic check,20.0,4672,1,0,0.1851,Low Risk
8853-TZDGH,72,Two year,Fiber optic,Yes,No,Bank transfer (automatic),111.6,5425,0,0,0.1849,Low Risk
0619-OLYUR,72,Two year,Fiber optic,Yes,Yes,Credit card (automatic),111.9,6437,0,0,0.1848,Low Risk
6075-QMNRR,52,Month-to-month,DSL,No,Yes,Bank transfer (automatic),49.75,6334,0,0,0.1848,Low Risk
6435-VWCCY,65,Two year,Fiber optic,No,Yes,Credit card (automatic),92.7,5205,0,0,0.1839,Low Risk
3373-YZZYM,1,Month-to-month,No,No internet service,No internet service,Mailed check,19.2,3007,0,0,0.1836,Low Risk
9788-HNGUT,72,Two year,Fiber optic,Yes,Yes,Credit card (automatic),116.95,5949,0,0,0.1835,Low Risk
7931-PXHFC,38,One year,DSL,Yes,No,Mailed check,62.3,3818,1,0,0.1835,Low Risk
9705-IOVQQ,61,One year,Fiber optic,No,No,Electronic check,99.0,5177,0,0,0.1835,Low Risk
6048-UWKAL,69,Two year,Fiber optic,Yes,No,Credit card (automatic),105.4,5467,0,0,0.1833,Low Risk
7874-ECPQJ,4,Month-to-month,No,No internet service,No internet service,Bank transfer (automatic),20.05,4462,0,0,0.1833,Low Risk
3090-HAWSU,61,Two year,Fiber optic,Yes,Yes,Credit card (automatic),111.6,4495,1,0,0.1832,Low Risk
5993-BQHEA,12,One year,No,No internet service,No internet service,Credit card (automatic),20.05,4018,0,0,0.1832,Low Risk
5639-NTUPK,13,Month-to-month,DSL,No,Yes,Credit card (automatic),52.1,4929,0,0,0.1831,Low Risk
8383-SGHJU,33,One year,DSL,Yes,Yes,Electronic check,59.4,2853,0,0,0.1831,Low Risk
5602-BVFMK,12,One year,No,No internet service,No internet service,Mailed check,19.3,2868,0,0,0.1829,Low Risk
5278-PNYOX,49,Two year,Fiber optic,Yes,No,Credit card (automatic),100.65,5499,0,0,0.1828,Low Risk
3280-MRDOF,30,Two year,DSL,Yes,No,Credit card (automatic),69.1,3415,0,0,0.1826,Low Risk
9796-MVYXX,14,Two year,DSL,Yes,Yes,Mailed check,39.7,3162,0,0,0.1825,Low Risk
3982-DQLUS,65,Month-to-month,Fiber optic,No,Yes,Electronic check,85.75,4978,0,0,0.1824,Low Risk
5701-SVCWR,1,Month-to-month,No,No internet service,No internet service,Mailed check,24.0,2559,0,0,0.1823,Low Risk
4277-UDIEF,24,Month-to-month,DSL,Yes,Yes,Bank transfer (automatic),81.0,3019,0,0,0.1823,Low Risk
2387-KDZQY,17,One year,No,No internet service,No internet service,Mailed check,20.1,2185,0,0,0.1822,Low Risk
1735-XMJVH,8,Month-to-month,No,No internet service,No internet service,Mailed check,19.35,5416,0,0,0.1822,Low Risk
7838-LAZFO,45,One year,DSL,No,Yes,Bank transfer (automatic),78.8,4192,0,0,0.1822,Low Risk
3197-NNYNB,65,Two year,Fiber optic,No,No,Credit card (automatic),105.1,5649,0,0,0.1819,Low Risk
0048-LUMLS,37,One year,Fiber optic,No,No,Credit card (automatic),91.2,5263,0,0,0.1819,Low Risk
6650-BWFRT,72,Two year,Fiber optic,Yes,Yes,Credit card (automatic),117.15,4743,0,0,0.1817,Low Risk
3572-UOLYZ,46,Month-to-month,Fiber optic,Yes,No,Bank transfer (automatic),84.8,5756,0,0,0.1815,Low Risk
9298-WGMRW,72,Two year,Fiber optic,Yes,Yes,Bank transfer (automatic),115.5,4697,0,0,0.1814,Low Risk
1474-JUWSM,58,One year,DSL,Yes,Yes,Electronic check,68.4,5269,0,0,0.1813,Low Risk
5791-KAJFD,56,One year,DSL,No,Yes,Bank transfer (automatic),68.75,6198,0,0,0.1811,Low Risk
9766-HGEDE,17,One year,No,No internet service,No internet service,Mailed check,19.35,2185,0,0,0.1811,Low Risk
2364-UFROM,30,One year,DSL,Yes,Yes,Electronic check,70.4,3380,0,0,0.1811,Low Risk
3639-XJHKQ,19,Month-to-month,DSL,No,Yes,Electronic check,60.6,2463,0,0,0.1809,Low Risk
2636-SJDOU,64,One year,Fiber optic,No,Yes,Credit card (automatic),84.3,5044,0,0,0.1809,Low Risk
8707-RMEZH,69,One year,Fiber optic,No,Yes,Credit card (automatic),87.3,4148,0,0,0.1809,Low Risk
0247-SLUJI,1,Month-to-month,No,No internet service,No internet service,Mailed check,19.7,2004,0,0,0.1806,Low Risk
9578-FOMUK,15,Month-to-month,No,No internet service,No internet service,Electronic check,24.8,3965,0,0,0.1805,Low Risk
2325-ZUSFD,57,One year,DSL,No,Yes,Bank transfer (automatic),70.1,4669,1,0,0.1804,Low Risk
3915-ODIYG,60,One year,DSL,No,Yes,Electronic check,71.75,4964,0,0,0.1804,Low Risk
9621-OUPYD,25,One year,No,No internet service,No internet service,Bank transfer (automatic),20.2,4129,0,0,0.1804,Low Risk
1755-RMCXH,2,Month-to-month,No,No internet service,No internet service,Mailed check,20.3,5113,0,0,0.1803,Low Risk
7833-PKIHD,51,One year,DSL,Yes,Yes,Bank transfer (automatic),76.4,6385,0,0,0.18,Low Risk
9432-RUVSL,48,Two year,Fiber optic,Yes,Yes,Credit card (automatic),102.5,3262,0,0,0.1799,Low Risk
5038-ETMLM,72,Two year,Fiber optic,Yes,Yes,Bank transfer (automatic),113.65,5411,0,0,0.1797,Low Risk
1448-CYWKC,58,One year,Fiber optic,No,No,Credit card (automatic),105.2,4605,0,0,0.1797,Low Risk
8883-GRDWQ,20,One year,DSL,Yes,Yes,Mailed check,54.0,5090,0,0,0.1796,Low Risk
2959-EEXWB,45,Month-to-month,DSL,No,Yes,Bank transfer (automatic),50.9,3937,0,0,0.1796,Low Risk
1135-HIORI,64,One year,Fiber optic,Yes,No,Electronic check,111.45,5129,0,0,0.1794,Low Risk
5236-XMZJY,42,Month-to-month,DSL,No,Yes,Bank transfer (automatic),59.65,3048,0,0,0.1792,Low Risk
7785-RDVIG,3,Month-to-month,No,No internet service,No internet service,Mailed check,19.3,5722,0,0,0.1792,Low Risk
0134-XWXCE,44,One year,DSL,Yes,No,Bank transfer (automatic),74.85,3253,0,0,0.1792,Low Risk
8016-ZMGMO,66,One year,DSL,No,No,Bank transfer (automatic),70.85,5572,0,0,0.1791,Low Risk
3452-FLHYD,25,One year,No,No internet service,No internet service,Bank transfer (automatic),20.95,5682,0,0,0.1789,Low Risk
0716-BQNDX,57,Two year,Fiber optic,Yes,Yes,Electronic check,93.75,4276,0,0,0.1788,Low Risk
4376-KFVRS,72,Two year,Fiber optic,Yes,Yes,Credit card (automatic),114.05,4842,0,0,0.1785,Low Risk
4425-OWHWB,20,One year,No,No internet service,No internet service,Credit card (automatic),19.35,5811,0,0,0.1784,Low Risk
3214-IYUUQ,61,One year,Fiber optic,Yes,Yes,Bank transfer (automatic),93.7,4300,0,0,0.1783,Low Risk
9070-BCKQP,72,Two year,Fiber optic,Yes,Yes,Credit card (automatic),110.15,4498,0,0,0.178,Low Risk
1555-DJEQW,70,Two year,Fiber optic,Yes,Yes,Bank transfer (automatic),114.2,5947,1,0,0.1779,Low Risk
9142-XMYJH,29,Month-to-month,No,No internet service,No internet service,Credit card (automatic),19.35,5227,0,0,0.1775,Low Risk
8071-SBTRN,70,Two year,Fiber optic,No,Yes,Mailed check,111.15,4240,0,0,0.1775,Low Risk
6734-FQAJX,67,Two year,Fiber optic,Yes,Yes,Electronic check,105.05,4143,0,0,0.1773,Low Risk
3696-XRIEN,50,One year,DSL,Yes,Yes,Credit card (automatic),82.5,5258,0,0,0.1773,Low Risk
1465-WCZVT,3,Month-to-month,No,No internet service,No internet service,Mailed check,19.65,4943,0,0,0.1772,Low Risk
5504-WSIUR,70,One year,Fiber optic,Yes,No,Bank transfer (automatic),90.25,5327,0,0,0.1772,Low Risk
4664-NJCMS,33,Two year,DSL,Yes,Yes,Bank transfer (automatic),59.55,5980,0,0,0.1771,Low Risk
3948-FVVRP,9,Month-to-month,DSL,Yes,No,Mailed check,54.8,2848,0,0,0.177,Low Risk
5811-IWXYM,52,One year,Fiber optic,No,No,Bank transfer (automatic),101.25,5954,0,0,0.177,Low Risk
6746-WAUWT,19,One year,No,No internet service,No internet service,Credit card (automatic),19.7,4431,0,0,0.1769,Low Risk
2272-JKMSI,62,One year,Fiber optic,Yes,No,Electronic check,110.8,4306,0,0,0.1768,Low Risk
4909-JOUPP,72,Two year,Fiber optic,Yes,No,Credit card (automatic),109.7,4319,0,0,0.1768,Low Risk
7817-OMJNA,14,One year,No,No internet service,No internet service,Bank transfer (automatic),20.4,5068,0,0,0.1766,Low Risk
9680-NIAUV,72,Two year,Fiber optic,No,Yes,Credit card (automatic),109.7,5945,0,0,0.1766,Low Risk
7657-DYEPJ,38,One year,DSL,Yes,No,Credit card (automatic),70.15,2645,1,0,0.1764,Low Risk
5155-AZQPB,28,Month-to-month,DSL,No,No,Mailed check,49.9,5250,0,0,0.1764,Low Risk
4700-UBQMV,21,One year,DSL,No,Yes,Bank transfer (automatic),75.9,3503,0,0,0.1761,Low Risk
5039-LZRQT,13,One year,No,No internet service,No internet service,Mailed check,20.2,2953,0,0,0.1759,Low Risk
3407-QGWLG,3,Month-to-month,No,No internet service,No internet service,Mailed check,20.05,2948,0,0,0.1756,Low Risk
5315-CKEQK,28,One year,DSL,No,No,Electronic check,51.0,5195,0,0,0.1753,Low Risk
2121-JAFOM,72,Two year,Fiber optic,Yes,Yes,Credit card (automatic),115.55,5076,0,0,0.1752,Low Risk
8421-WZOOW,57,Month-to-month,Fiber optic,Yes,No,Credit card (automatic),95.3,4912,0,0,0.175,Low Risk
3999-WRNGR,60,Month-to-month,DSL,No,No,Electronic check,49.75,6307,0,0,0.1748,Low Risk
7445-WMRBW,48,One year,DSL,Yes,No,Bank transfer (automatic),73.85,4740,0,0,0.1747,Low Risk
8659-HDIYE,64,Month-to-month,DSL,Yes,No,Credit card (automatic),74.65,5113,0,0,0.1747,Low Risk
2788-CJQAQ,13,One year,No,No internet service,No internet service,Mailed check,19.45,3799,0,0,0.1747,Low Risk
2878-RMWXY,72,Two year,Fiber optic,No,Yes,Credit card (automatic),102.65,4680,0,0,0.1746,Low Risk
4472-VESGY,52,Month-to-month,Fiber optic,No,Yes,Bank transfer (automatic),98.15,5123,0,0,0.1746,Low Risk
2988-QRAJY,69,Two year,Fiber optic,No,Yes,Credit card (automatic),110.05,5798,0,0,0.1746,Low Risk
2710-WYVXG,3,Two year,DSL,Yes,Yes,Mailed check,71.1,3501,0,0,0.1745,Low Risk
7191-ADRGF,44,Two year,DSL,No,No,Bank transfer (automatic),54.3,3222,0,0,0.174,Low Risk
8756-RDDLT,68,Month-to-month,DSL,Yes,No,Electronic check,44.95,5750,0,0,0.174,Low Risk
4182-BGSIQ,10,Month-to-month,No,No internet service,No internet service,Bank transfer (automatic),19.8,3196,0,0,0.1737,Low Risk
4137-JOPHL,50,Two year,Fiber optic,Yes,No,Bank transfer (automatic),89.7,5306,0,0,0.1736,Low Risk
4106-HADHQ,39,One year,DSL,Yes,Yes,Credit card (automatic),80.0,2704,1,0,0.1733,Low Risk
0595-ITUDF,64,Month-to-month,Fiber optic,No,Yes,Electronic check,91.8,5371,0,0,0.1733,Low Risk
9861-PDSZP,72,Two year,Fiber optic,Yes,No,Credit card (automatic),108.05,5430,0,0,0.173,Low Risk
9239-GZHZE,72,Two year,Fiber optic,Yes,Yes,Credit card (automatic),113.65,6469,0,0,0.1729,Low Risk
7607-QKKTJ,45,One year,Fiber optic,No,No,Credit card (automatic),95.0,2719,0,0,0.1728,Low Risk
2592-HODOV,13,One year,No,No internet service,No internet service,Credit card (automatic),19.3,2823,0,0,0.1727,Low Risk
9229-RQABD,18,One year,No,No internet service,No internet service,Mailed check,23.75,3076,0,0,0.1723,Low Risk
2682-KEVRP,22,One year,No,No internet service,No internet service,Mailed check,20.05,4327,0,0,0.1721,Low Risk
7923-IYJWY,67,Two year,Fiber optic,Yes,Yes,Credit card (automatic),116.1,5896,0,0,0.1721,Low Risk
2798-NYLMZ,71,Two year,Fiber optic,Yes,Yes,Credit card (automatic),108.55,4111,0,0,0.1721,Low Risk
5777-KJIRB,40,One year,DSL,No,No,Mailed check,50.25,2449,0,0,0.172,Low Risk
3669-WHAFY,71,Two year,Fiber optic,Yes,Yes,Credit card (automatic),115.15,4144,0,0,0.172,Low Risk
0484-JPBRU,41,Month-to-month,No,No internet service,No internet service,Bank transfer (automatic),25.25,3461,0,0,0.1717,Low Risk
2634-HCZGT,53,One year,DSL,Yes,Yes,Electronic check,60.05,5271,1,0,0.1716,Low Risk
5499-ECUTN,47,One year,DSL,No,Yes,Credit card (automatic),66.05,3404,0,0,0.1712,Low Risk
5832-EXGTT,29,Month-to-month,DSL,No,Yes,Mailed check,60.2,5517,0,0,0.171,Low Risk
9199-PWQVC,63,One year,DSL,No,Yes,Credit card (automatic),79.7,4010,0,0,0.1708,Low Risk
6893-ODYYE,50,One year,Fiber optic,Yes,Yes,Credit card (automatic),90.1,6435,0,0,0.1708,Low Risk
8869-LIHMK,64,Two year,Fiber optic,Yes,Yes,Bank transfer (automatic),115.1,5213,0,0,0.1707,Low Risk
1430-SFQSA,29,One year,DSL,Yes,Yes,Mailed check,35.6,3898,0,0,0.1706,Low Risk
6635-MYYYZ,30,One year,DSL,Yes,Yes,Bank transfer (automatic),85.35,2313,1,0,0.1706,Low Risk
2321-OMBXY,38,One year,DSL,Yes,Yes,Credit card (automatic),80.3,2071,1,0,0.1701,Low Risk
6461-PPAXN,35,One year,DSL,Yes,Yes,Bank transfer (automatic),54.95,4858,0,0,0.1699,Low Risk
1171-TYKUR,47,Month-to-month,No,No internet service,No internet service,Electronic check,25.4,3159,0,0,0.1699,Low Risk
5172-RKOCB,72,Two year,Fiber optic,Yes,Yes,Credit card (automatic),108.95,5758,0,0,0.1698,Low Risk
1841-YSJGV,72,Two year,Fiber optic,Yes,Yes,Credit card (automatic),109.95,6258,0,0,0.1692,Low Risk
7299-GNVPL,23,Month-to-month,Fiber optic,Yes,Yes,Mailed check,84.4,2177,0,0,0.1688,Low Risk
0292-WEGCH,54,Month-to-month,DSL,Yes,No,Electronic check,86.2,6275,0,0,0.1685,Low Risk
6214-EDAKZ,22,Month-to-month,DSL,Yes,No,Electronic check,55.15,5115,1,0,0.1684,Low Risk
7244-QWYHG,50,One year,DSL,Yes,Yes,Bank transfer (automatic),44.45,5363,0,0,0.1682,Low Risk
0620-XEFWH,4,Month-to-month,No,No internet service,No internet service,Mailed check,18.85,5279,0,0,0.1681,Low Risk
8097-VBQTZ,54,Month-to-month,DSL,Yes,Yes,Mailed check,69.9,6092,0,0,0.168,Low Risk
4115-BNPJY,29,Two year,DSL,Yes,No,Mailed check,75.55,5625,0,0,0.1673,Low Risk
1763-KUAAW,18,One year,No,No internet service,No internet service,Bank transfer (automatic),20.35,4713,0,0,0.167,Low Risk
8559-WNQZS,1,Two year,No,No internet service,No internet service,Mailed check,20.45,5925,0,0,0.1669,Low Risk
8313-AFGBW,47,Two year,DSL,No,No,Electronic check,73.6,4795,0,0,0.1667,Low Risk
4957-TIALW,15,One year,DSL,Yes,Yes,Credit card (automatic),65.6,2976,0,0,0.1667,Low Risk
9845-PEEKO,59,Two year,Fiber optic,No,No,Credit card (automatic),79.2,5400,0,0,0.1665,Low Risk
8106-GWQOK,38,Two year,DSL,Yes,Yes,Bank transfer (automatic),60.0,2187,0,0,0.1664,Low Risk
1964-SVLEA,20,One year,No,No internet service,No internet service,Mailed check,19.7,2860,0,0,0.166,Low Risk
1345-ZUKID,14,One year,No,No internet service,No internet service,Mailed check,19.35,2400,0,0,0.1659,Low Risk
4616-EWBNJ,16,One year,No,No internet service,No internet service,Bank transfer (automatic),20.1,4545,0,0,0.1656,Low Risk
0829-DDVLK,15,One year,No,No internet service,No internet service,Credit card (automatic),20.1,4359,0,0,0.1655,Low Risk
5671-RQRLP,70,Two year,Fiber optic,No,No,Credit card (automatic),75.65,4181,0,0,0.1654,Low Risk
5150-LJNSR,31,One year,Fiber optic,No,Yes,Bank transfer (automatic),98.05,4524,0,0,0.1654,Low Risk
7813-TKCVO,20,One year,No,No internet service,No internet service,Mailed check,20.35,4390,0,0,0.1652,Low Risk
5312-TSZVC,15,One year,No,No internet service,No internet service,Mailed check,19.65,4818,0,0,0.1652,Low Risk
2338-BQEZT,55,Month-to-month,DSL,No,Yes,Credit card (automatic),50.55,6250,0,0,0.165,Low Risk
9412-ARGBX,48,Two year,Fiber optic,Yes,No,Mailed check,95.5,2459,1,0,0.1648,Low Risk
6617-WLBQC,23,One year,Fiber optic,No,Yes,Credit card (automatic),81.85,5939,0,0,0.1648,Low Risk
3721-CNZHX,15,One year,No,No internet service,No internet service,Mailed check,19.8,5753,0,0,0.1648,Low Risk
6100-FJZDG,26,One year,No,No internet service,No internet service,Bank transfer (automatic),20.05,2403,0,0,0.1647,Low Risk
5872-OEQNH,60,One year,DSL,No,Yes,Electronic check,44.45,4928,0,0,0.1646,Low Risk
7219-TLZHO,4,Month-to-month,No,No internet service,No internet service,Mailed check,20.85,3172,0,0,0.1643,Low Risk
6250-CGGUN,54,One year,Fiber optic,Yes,Yes,Electronic check,84.4,4154,0,0,0.1643,Low Risk
4946-EDSEW,11,Month-to-month,No,No internet service,No internet service,Mailed check,19.25,5638,1,0,0.1642,Low Risk
4933-IKULF,17,One year,No,No internet service,No internet service,Mailed check,20.65,4086,0,0,0.1641,Low Risk
9637-CDTKZ,72,Two year,Fiber optic,Yes,Yes,Credit card (automatic),114.1,4965,0,0,0.1638,Low Risk
3340-QBBFM,36,One year,DSL,Yes,No,Credit card (automatic),54.1,4017,0,0,0.1636,Low Risk
6574-MCOEH,33,One year,DSL,Yes,No,Electronic check,79.15,3555,0,0,0.1634,Low Risk
4686-GEFRM,70,Two year,Fiber optic,Yes,No,Bank transfer (automatic),98.7,5582,0,0,0.1632,Low Risk
0565-JUPYD,63,One year,Fiber optic,Yes,Yes,Credit card (automatic),104.5,4908,0,0,0.163,Low Risk
2061-VVFST,37,Month-to-month,No,No internet service,No internet service,Bank transfer (automatic),19.5,3924,0,0,0.1628,Low Risk
5855-EIBDE,49,Two year,Fiber optic,Yes,Yes,Credit card (automatic),106.65,5948,0,0,0.1626,Low Risk
9885-MFVSU,35,Two year,DSL,Yes,Yes,Credit card (automatic),46.35,4577,0,0,0.1623,Low Risk
7995-ZHHNZ,42,One year,DSL,No,Yes,Credit card (automatic),56.1,5904,0,0,0.1621,Low Risk
9027-TMATR,43,Two year,DSL,Yes,Yes,Electronic check,78.8,3972,0,0,0.1619,Low Risk
4092-OFQZS,20,One year,No,No internet service,No internet service,Mailed check,20.65,4147,0,0,0.1617,Low Risk
1725-IQNIY,54,Two year,Fiber optic,Yes,Yes,Bank transfer (automatic),109.75,6274,1,0,0.1614,Low Risk
7094-MSZAO,10,Month-to-month,No,No internet service,No internet service,Credit card (automatic),20.05,2049,0,0,0.1613,Low Risk
4445-KWOKW,42,One year,DSL,No,Yes,Bank transfer (automatic),60.15,5988,0,0,0.1613,Low Risk
6990-YNRIO,65,Two year,Fiber optic,Yes,Yes,Bank transfer (automatic),108.65,6120,1,0,0.1613,Low Risk
8630-QSGXK,51,Two year,DSL,Yes,No,Bank transfer (automatic),75.2,4708,0,0,0.1612,Low Risk
9844-FELAJ,70,One year,Fiber optic,Yes,No,Electronic check,107.9,5899,0,0,0.161,Low Risk
6478-HRRCZ,32,One year,DSL,Yes,Yes,Mailed check,70.5,5870,0,0,0.1608,Low Risk
8208-EUMTE,16,Two year,DSL,Yes,Yes,Mailed check,54.85,2136,0,0,0.1608,Low Risk
5944-UGLLK,53,One year,DSL,Yes,No,Credit card (automatic),54.9,5677,0,0,0.1604,Low Risk
1930-BZLHI,21,One year,No,No internet service,No internet service,Mailed check,20.35,3721,0,0,0.1601,Low Risk
9558-IHEZX,71,Two year,Fiber optic,No,Yes,Credit card (automatic),106.75,5610,0,0,0.16,Low Risk
2144-ESWKO,43,One year,DSL,No,Yes,Credit card (automatic),35.2,5268,0,0,0.1597,Low Risk
6211-WWLTF,63,Two year,Fiber optic,No,Yes,Credit card (automatic),99.7,5135,0,0,0.1595,Low Risk
0942-KOWSM,30,Two year,DSL,Yes,No,Bank transfer (automatic),80.8,4274,0,0,0.1595,Low Risk
0307-BCOPK,16,One year,No,No internet service,No internet service,Mailed check,19.05,4336,0,0,0.1593,Low Risk
6114-TCFID,29,One year,DSL,Yes,Yes,Credit card (automatic),39.5,5103,0,0,0.159,Low Risk
2969-WGHQO,7,One year,DSL,No,Yes,Electronic check,69.45,3334,0,0,0.159,Low Risk
1337-BOZWO,18,One year,DSL,No,No,Credit card (automatic),46.4,4003,0,0,0.1588,Low Risk
3243-ZHOHY,16,One year,No,No internet service,No internet service,Mailed check,20.1,5052,0,0,0.1588,Low Risk
3043-SUDUA,32,Month-to-month,No,No internet service,No internet service,Bank transfer (automatic),19.9,4374,0,0,0.1588,Low Risk
3259-QMXUN,58,Two year,DSL,No,Yes,Electronic check,86.1,5666,0,0,0.1587,Low Risk
8085-MSNLK,62,Two year,Fiber optic,Yes,Yes,Mailed check,113.95,6193,0,0,0.1586,Low Risk
1257-SXUXQ,5,Month-to-month,No,No internet service,No internet service,Mailed check,19.45,4573,0,0,0.1585,Low Risk
9554-DFKIC,30,Month-to-month,DSL,No,Yes,Bank transfer (automatic),54.45,2613,0,0,0.1583,Low Risk
0013-SMEOE,71,Two year,Fiber optic,Yes,Yes,Bank transfer (automatic),109.7,5011,0,0,0.1581,Low Risk
0454-OKRCT,33,Two year,Fiber optic,Yes,No,Bank transfer (automatic),80.6,5542,0,0,0.158,Low Risk
1545-ACTAS,48,One year,Fiber optic,No,Yes,Bank transfer (automatic),99.7,5921,0,0,0.1578,Low Risk
7163-OCEQI,22,One year,DSL,Yes,No,Mailed check,78.65,3571,0,0,0.1577,Low Risk
2073-QBVBI,41,One year,DSL,Yes,No,Mailed check,35.45,2954,0,0,0.1575,Low Risk
9589-ABEPT,69,Two year,Fiber optic,Yes,No,Mailed check,92.45,4452,0,0,0.1575,Low Risk
2039-JONDJ,27,One year,DSL,No,Yes,Bank transfer (automatic),55.45,3616,0,0,0.1575,Low Risk
8434-PNQZX,42,Two year,DSL,Yes,No,Credit card (automatic),78.45,3192,0,0,0.1574,Low Risk
9720-JJJOR,41,One year,DSL,No,Yes,Bank transfer (automatic),60.3,4565,0,0,0.1573,Low Risk
6174-NRBTZ,46,One year,DSL,No,Yes,Bank transfer (automatic),30.75,5646,0,0,0.1572,Low Risk
4184-VODJZ,63,One year,Fiber optic,No,No,Electronic check,91.35,4512,0,0,0.1572,Low Risk
3178-CIFOT,23,One year,No,No internet service,No internet service,Credit card (automatic),19.65,5916,0,0,0.1571,Low Risk
6164-HXUGH,6,Month-to-month,No,No internet service,No internet service,Mailed check,19.85,5060,0,0,0.1567,Low Risk
7338-ERIVA,39,One year,DSL,Yes,Yes,Bank transfer (automatic),45.05,4003,0,0,0.1566,Low Risk
5448-VWNAM,19,Month-to-month,DSL,Yes,Yes,Mailed check,75.9,4198,0,0,0.1566,Low Risk
2190-PHBHR,72,Two year,Fiber optic,No,Yes,Credit card (automatic),94.45,5274,0,0,0.1564,Low Risk
5084-OOVCJ,17,Month-to-month,DSL,Yes,Yes,Credit card (automatic),55.35,5465,0,0,0.1564,Low Risk
6765-MBQNU,26,One year,No,No internet service,No internet service,Mailed check,26.0,2244,0,0,0.1564,Low Risk
4316-XCSLJ,17,Month-to-month,DSL,No,Yes,Mailed check,50.3,3202,0,0,0.1562,Low Risk
8763-KIAFH,27,One year,No,No internet service,No internet service,Mailed check,20.55,2269,0,0,0.1561,Low Risk
2639-UGMAZ,71,One year,DSL,No,Yes,Electronic check,56.45,5372,0,0,0.156,Low Risk
4776-XSKYQ,12,One year,DSL,Yes,No,Credit card (automatic),30.25,5988,0,0,0.1559,Low Risk
4404-HIBDJ,25,One year,DSL,Yes,Yes,Mailed check,74.3,5175,1,0,0.1556,Low Risk
4418-LZMSV,13,Month-to-month,DSL,Yes,No,Bank transfer (automatic),61.8,4749,0,0,0.1556,Low Risk
6904-JLBGY,72,Two year,Fiber optic,Yes,Yes,Credit card (automatic),117.35,4008,0,0,0.1554,Low Risk
8570-KLJYJ,36,One year,DSL,No,Yes,Mailed check,54.45,4462,0,0,0.1554,Low Risk
2580-ASVVY,37,Two year,DSL,Yes,Yes,Electronic check,45.4,4051,0,0,0.1553,Low Risk
4304-TSPVK,68,Two year,Fiber optic,Yes,Yes,Bank transfer (automatic),114.9,5782,0,0,0.1552,Low Risk
3034-ZBEQN,48,One year,DSL,No,No,Mailed check,34.7,5995,1,0,0.155,Low Risk
3077-RSNTJ,6,Month-to-month,No,No internet service,No internet service,Mailed check,19.7,4293,0,0,0.155,Low Risk
1641-BYBTK,6,Month-to-month,No,No internet service,No internet service,Mailed check,20.2,3478,0,0,0.1549,Low Risk
9617-UDPEU,22,One year,No,No internet service,No internet service,Mailed check,19.25,2691,0,0,0.1548,Low Risk
4709-LKHYG,29,One year,No,No internet service,No internet service,Electronic check,20.0,3800,0,0,0.1547,Low Risk
4598-ZADCK,53,One year,DSL,Yes,Yes,Electronic check,53.6,5183,0,0,0.1547,Low Risk
7672-VFMXZ,57,Month-to-month,DSL,Yes,Yes,Electronic check,55.7,4607,0,0,0.1544,Low Risk
0516-VRYBW,18,One year,No,No internet service,No internet service,Bank transfer (automatic),20.15,4931,1,0,0.1544,Low Risk
5312-IRCFR,64,One year,Fiber optic,No,No,Electronic check,92.85,5206,0,0,0.1543,Low Risk
3298-QEICA,23,Two year,DSL,Yes,Yes,Mailed check,34.6,4445,0,0,0.1543,Low Risk
0866-QLSIR,34,One year,DSL,Yes,Yes,Mailed check,64.4,5189,1,0,0.1542,Low Risk
5510-BOIUJ,1,Month-to-month,No,No internet service,No internet service,Mailed check,19.25,5437,1,0,0.1538,Low Risk
1544-JJMYL,27,One year,DSL,Yes,Yes,Credit card (automatic),69.35,2450,0,0,0.1537,Low Risk
4500-HKANN,23,Two year,DSL,Yes,No,Mailed check,59.7,3464,0,0,0.1534,Low Risk
4311-QTTAI,16,One year,No,No internet service,No internet service,Credit card (automatic),19.35,2017,0,0,0.1534,Low Risk
3422-WJOYD,28,One year,DSL,Yes,Yes,Mailed check,54.35,5105,0,0,0.1534,Low Risk
7279-NMVJC,17,One year,No,No internet service,No internet service,Bank transfer (automatic),19.9,2093,0,0,0.1532,Low Risk
4359-INNWN,17,One year,No,No internet service,No internet service,Credit card (automatic),20.05,4828,0,0,0.1532,Low Risk
9220-ZNKJI,55,Two year,Fiber optic,Yes,No,Credit card (automatic),88.8,4291,0,0,0.1532,Low Risk
0927-CNGRH,1,Month-to-month,No,No internet service,No internet service,Mailed check,19.55,5272,0,0,0.1532,Low Risk
8727-XDPUD,37,Two year,DSL,No,No,Credit card (automatic),35.8,5658,0,0,0.1532,Low Risk
2368-GAKKQ,70,Two year,Fiber optic,Yes,Yes,Bank transfer (automatic),113.65,6424,0,0,0.1529,Low Risk
3244-CQPHU,72,Two year,Fiber optic,Yes,Yes,Bank transfer (automatic),110.1,5232,0,0,0.1529,Low Risk
5505-OVWQW,17,One year,No,No internet service,No internet service,Mailed check,20.15,4650,0,0,0.1528,Low Risk
8348-JLBUG,64,One year,Fiber optic,No,Yes,Credit card (automatic),80.3,4270,0,0,0.1528,Low Risk
2085-JVGAD,37,Month-to-month,No,No internet service,No internet service,Bank transfer (automatic),20.35,3078,0,0,0.1527,Low Risk
1325-USMEC,70,Two year,Fiber optic,No,Yes,Credit card (automatic),99.35,4120,0,0,0.1525,Low Risk
6416-JNVRK,46,One year,DSL,No,No,Credit card (automatic),55.65,2867,0,0,0.1522,Low Risk
4291-HPAXL,1,Month-to-month,No,No internet service,No internet service,Mailed check,19.85,4840,0,0,0.152,Low Risk
4644-PIZRT,17,One year,DSL,No,Yes,Bank transfer (automatic),70.35,2704,0,0,0.152,Low Risk
1623-NLDOT,42,One year,DSL,Yes,No,Mailed check,33.55,2044,1,0,0.152,Low Risk
5756-OZRIO,61,One year,DSL,No,No,Bank transfer (automatic),64.05,4001,0,0,0.152,Low Risk
8777-PVYGU,52,One year,DSL,No,Yes,Mailed check,64.3,4405,0,0,0.1519,Low Risk
2511-MORQY,50,One year,DSL,No,No,Bank transfer (automatic),54.9,4322,0,0,0.1516,Low Risk
1661-CZBAU,48,One year,DSL,Yes,Yes,Bank transfer (automatic),70.95,2667,0,0,0.1516,Low Risk
7777-UNYHB,12,Month-to-month,No,No internet service,No internet service,Credit card (automatic),20.1,2360,0,0,0.1515,Low Risk
7609-NRNCA,17,One year,No,No internet service,No internet service,Mailed check,19.55,4947,0,0,0.1513,Low Risk
5197-PYEPU,42,One year,Fiber optic,No,Yes,Credit card (automatic),94.45,5643,0,0,0.1512,Low Risk
3397-AVTKU,43,Two year,DSL,No,No,Electronic check,60.0,4614,0,0,0.1511,Low Risk
3752-CQSJI,13,Month-to-month,No,No internet service,No internet service,Mailed check,20.45,5417,0,0,0.1508,Low Risk
4778-IZARL,63,Two year,Fiber optic,Yes,Yes,Credit card (automatic),110.1,6216,0,0,0.1508,Low Risk
8033-ATFAS,39,Month-to-month,DSL,No,No,Mailed check,59.85,3900,0,0,0.1506,Low Risk
2812-SFXMJ,1,Month-to-month,No,No internet service,No internet service,Mailed check,20.05,4221,0,0,0.1506,Low Risk
7544-ZVIKX,58,One year,Fiber optic,Yes,No,Bank transfer (automatic),105.05,5870,0,0,0.1505,Low Risk
7989-AWGEH,49,Month-to-month,DSL,No,Yes,Electronic check,39.2,4810,0,0,0.1498,Low Risk
1455-HFBXA,52,Two year,Fiber optic,Yes,Yes,Credit card (automatic),91.6,6069,0,0,0.1498,Low Risk
7753-USQYQ,55,One year,DSL,Yes,No,Electronic check,64.2,5151,0,0,0.1496,Low Risk
3724-UCSHY,6,Month-to-month,No,No internet service,No internet service,Mailed check,19.55,3072,0,0,0.1494,Low Risk
4369-NYSCF,56,One year,DSL,Yes,No,Bank transfer (automatic),75.75,6487,0,0,0.1494,Low Risk
7951-VRDVK,36,One year,DSL,Yes,Yes,Bank transfer (automatic),85.85,4898,0,0,0.1493,Low Risk
6999-CHVCF,68,Two year,Fiber optic,No,Yes,Bank transfer (automatic),102.1,5228,0,0,0.1493,Low Risk
0254-KCJGT,52,One year,DSL,Yes,Yes,Credit card (automatic),81.4,4628,0,0,0.1492,Low Risk
1389-WNUIB,20,One year,DSL,No,Yes,Bank transfer (automatic),76.0,4085,0,0,0.1492,Low Risk
0813-TAXXS,55,Two year,DSL,No,No,Bank transfer (automatic),77.8,6483,0,0,0.1491,Low Risk
5774-XZTQC,7,Month-to-month,No,No internet service,No internet service,Mailed check,20.45,4484,0,0,0.149,Low Risk
5473-KHBPS,52,One year,Fiber optic,No,No,Credit card (automatic),95.7,4415,0,0,0.1488,Low Risk
6510-UPNKS,23,One year,No,No internet service,No internet service,Credit card (automatic),24.8,4402,0,0,0.1487,Low Risk
0868-VJRDR,64,Two year,Fiber optic,Yes,Yes,Credit card (automatic),104.05,4337,0,0,0.1485,Low Risk
4020-KIUDI,6,Month-to-month,No,No internet service,No internet service,Credit card (automatic),19.85,2186,0,0,0.1484,Low Risk
7005-CYUIL,71,Two year,Fiber optic,Yes,Yes,Electronic check,99.4,4964,0,0,0.1484,Low Risk
7325-ENZFI,39,One year,DSL,Yes,Yes,Bank transfer (automatic),40.3,3424,0,0,0.1484,Low Risk
3012-VFFMN,7,Month-to-month,No,No internet service,No internet service,Mailed check,20.65,4058,0,0,0.1482,Low Risk
3645-DEYGF,1,Month-to-month,No,No internet service,No internet service,Mailed check,20.75,3358,0,0,0.1482,Low Risk
0580-PIQHM,41,One year,Fiber optic,No,Yes,Bank transfer (automatic),101.6,3275,0,0,0.1482,Low Risk
4868-AADLV,66,One year,Fiber optic,Yes,Yes,Electronic check,116.25,4578,0,0,0.1481,Low Risk
0840-DCNZE,47,One year,DSL,Yes,Yes,Bank transfer (automatic),86.95,5631,0,0,0.1479,Low Risk
1576-PFZIW,70,Two year,Fiber optic,No,Yes,Credit card (automatic),105.35,5866,0,0,0.1478,Low Risk
6849-WLEYG,1,Month-to-month,No,No internet service,No internet service,Mailed check,19.75,2611,1,0,0.1475,Low Risk
9978-HYCIN,47,One year,Fiber optic,No,No,Bank transfer (automatic),84.95,3384,0,0,0.1473,Low Risk
1131-ALZWV,24,One year,No,No internet service,No internet service,Bank transfer (automatic),24.6,4147,0,0,0.1472,Low Risk
5989-AXPUC,68,Two year,Fiber optic,Yes,Yes,Mailed check,118.6,4175,0,0,0.1471,Low Risk
4732-RRJZC,7,Month-to-month,No,No internet service,No internet service,Mailed check,20.25,4954,0,0,0.1466,Low Risk
4495-LHSSK,18,Month-to-month,DSL,No,Yes,Mailed check,57.65,3425,0,0,0.1464,Low Risk
3156-QLHBO,2,Month-to-month,No,No internet service,No internet service,Mailed check,19.25,4725,0,0,0.1463,Low Risk
8499-BRXTD,18,One year,No,No internet service,No internet service,Mailed check,20.1,5586,0,0,0.1461,Low Risk
8746-BFOAJ,21,One year,No,No internet service,No internet service,Bank transfer (automatic),20.5,5766,0,0,0.1461,Low Risk
6176-YJWAS,72,Two year,Fiber optic,No,Yes,Credit card (automatic),97.95,4256,0,0,0.1461,Low Risk
8433-WPJTV,65,One year,Fiber optic,Yes,No,Bank transfer (automatic),103.9,5669,0,0,0.1458,Low Risk
1936-CZAKF,49,Two year,DSL,No,No,Credit card (automatic),49.65,4283,0,0,0.1454,Low Risk
4611-ANLQC,60,One year,DSL,No,Yes,Electronic check,50.05,5493,0,0,0.1452,Low Risk
3470-BTGQO,21,Month-to-month,DSL,No,No,Mailed check,45.65,5731,0,0,0.1451,Low Risk
8969-PRHFK,18,One year,No,No internet service,No internet service,Mailed check,19.65,4695,0,0,0.145,Low Risk
8498-XXGWA,65,Month-to-month,DSL,No,Yes,Mailed check,55.15,6205,0,0,0.145,Low Risk
9891-NQDBD,28,One year,No,No internet service,No internet service,Mailed check,25.55,3493,0,0,0.1449,Low Risk
0428-AXXLJ,25,One year,No,No internet service,No internet service,Bank transfer (automatic),19.5,4761,0,0,0.1449,Low Risk
6082-OQFBA,23,One year,No,No internet service,No internet service,Mailed check,19.65,5460,0,0,0.1447,Low Risk
4853-RULSV,70,Two year,Fiber optic,Yes,Yes,Credit card (automatic),104.0,4544,1,0,0.1446,Low Risk
9297-FVVDH,57,Two year,DSL,Yes,Yes,Electronic check,84.5,5928,0,0,0.1445,Low Risk
1222-LRYKO,6,Month-to-month,No,No internet service,No internet service,Mailed check,26.35,2189,0,0,0.1445,Low Risk
0257-KXZGU,32,Month-to-month,DSL,No,No,Bank transfer (automatic),62.45,5442,0,0,0.1444,Low Risk
6827-IEAUQ,27,One year,DSL,Yes,Yes,Mailed check,66.15,3213,0,0,0.1444,Low Risk
5716-EZXZN,65,Two year,Fiber optic,Yes,Yes,Credit card (automatic),99.05,5878,0,0,0.1442,Low Risk
1133-KXCGE,18,One year,No,No internet service,No internet service,Mailed check,20.1,2910,0,0,0.1442,Low Risk
6551-ZCOTS,33,One year,No,No internet service,No internet service,Bank transfer (automatic),24.9,5756,0,0,0.144,Low Risk
3655-SNQYZ,69,Two year,Fiber optic,Yes,Yes,Credit card (automatic),113.25,5141,0,0,0.144,Low Risk
2749-CTKAJ,22,One year,No,No internet service,No internet service,Mailed check,20.15,2173,0,0,0.1438,Low Risk
4489-SNOJF,35,Month-to-month,DSL,Yes,Yes,Electronic check,72.25,5898,1,0,0.1436,Low Risk
5876-QMYLD,23,One year,No,No internet service,No internet service,Mailed check,20.05,3742,0,0,0.1435,Low Risk
7929-SKFGK,70,Two year,Fiber optic,Yes,Yes,Credit card (automatic),114.3,4280,0,0,0.1432,Low Risk
9207-ZPANB,37,One year,DSL,Yes,Yes,Electronic check,67.45,5042,0,0,0.1431,Low Risk
9847-HNVGP,17,One year,No,No internet service,No internet service,Mailed check,19.95,2221,0,0,0.1431,Low Risk
9470-RTWDV,26,One year,DSL,Yes,No,Credit card (automatic),82.0,3973,0,0,0.143,Low Risk
3039-MJSLN,3,Month-to-month,No,No internet service,No internet service,Bank transfer (automatic),20.2,3594,0,0,0.143,Low Risk
4450-MDZFX,60,Month-to-month,Fiber optic,No,No,Bank transfer (automatic),74.35,5100,0,0,0.143,Low Risk
3128-YOVTD,51,Month-to-month,Fiber optic,No,Yes,Bank transfer (automatic),79.15,6321,0,0,0.1428,Low Risk
0594-UFTUL,13,Month-to-month,No,No internet service,No internet service,Mailed check,19.85,2928,0,0,0.1428,Low Risk
9955-QOPOY,69,One year,DSL,Yes,No,Credit card (automatic),60.8,5683,0,0,0.1425,Low Risk
1178-PZGAB,19,One year,No,No internet service,No internet service,Credit card (automatic),20.25,5586,0,0,0.1424,Low Risk
2706-QZIHY,15,Two year,No,No internet service,No internet service,Mailed check,25.2,4411,0,0,0.1424,Low Risk
5468-BPMMO,46,Month-to-month,No,No internet service,No internet service,Electronic check,19.6,5092,0,0,0.1423,Low Risk
1866-NXPSP,36,One year,DSL,Yes,Yes,Mailed check,75.55,3235,0,0,0.1422,Low Risk
0657-DOGUM,48,One year,DSL,Yes,Yes,Bank transfer (automatic),60.6,4077,0,0,0.1421,Low Risk
8898-KASCD,39,One year,DSL,Yes,No,Mailed check,35.55,3752,0,0,0.1419,Low Risk
7619-PLRLP,53,One year,DSL,No,Yes,Bank transfer (automatic),74.1,5136,0,0,0.1417,Low Risk
2410-CIYFZ,2,Month-to-month,No,No internet service,No internet service,Mailed check,20.4,3000,0,0,0.1417,Low Risk
9046-DQMTP,35,Month-to-month,No,No internet service,No internet service,Bank transfer (automatic),20.75,5876,0,0,0.1417,Low Risk
7554-NEWDD,10,Two year,No,No internet service,No internet service,Bank transfer (automatic),25.7,3611,0,0,0.1416,Low Risk
6286-ZHAOK,20,Month-to-month,No,No internet service,No internet service,Bank transfer (automatic),25.55,3235,0,0,0.1414,Low Risk
5474-LAMUQ,24,One year,No,No internet service,No internet service,Mailed check,20.1,5689,0,0,0.1414,Low Risk
9000-PLFUZ,60,Two year,DSL,No,No,Credit card (automatic),49.45,4277,0,0,0.1412,Low Risk
7764-BDPEE,3,Month-to-month,No,No internet service,No internet service,Mailed check,20.85,5868,0,0,0.141,Low Risk
6252-DFGTK,37,One year,DSL,Yes,Yes,Credit card (automatic),68.1,2873,0,0,0.141,Low Risk
8311-UEUAB,67,Two year,DSL,No,Yes,Electronic check,75.5,5420,0,0,0.1409,Low Risk
2466-NEJOJ,8,Month-to-month,No,No internet service,No internet service,Credit card (automatic),19.65,4535,0,0,0.1409,Low Risk
0906-QVPMS,72,Two year,Fiber optic,Yes,Yes,Bank transfer (automatic),115.15,5398,0,0,0.1408,Low Risk
0930-EHUZA,36,One year,DSL,Yes,Yes,Mailed check,76.35,4771,0,0,0.1407,Low Risk
9347-AERRL,23,One year,No,No internet service,No internet service,Credit card (automatic),19.3,2111,0,0,0.1405,Low Risk
3253-HKOKL,52,One year,Fiber optic,No,Yes,Electronic check,100.3,4811,0,0,0.1404,Low Risk
5546-BYZSM,41,Month-to-month,No,No internet service,No internet service,Electronic check,20.45,2839,0,0,0.1404,Low Risk
5186-PEIZU,35,Month-to-month,No,No internet service,No internet service,Bank transfer (automatic),19.25,4988,0,0,0.1403,Low Risk
6648-INWPS,16,Month-to-month,No,No internet service,No internet service,Electronic check,20.15,5271,0,0,0.1403,Low Risk
5740-YHGTW,70,Month-to-month,Fiber optic,No,Yes,Credit card (automatic),97.55,4551,0,0,0.1401,Low Risk
1159-WFSGR,16,Month-to-month,No,No internet service,No internet service,Electronic check,20.4,3990,0,0,0.1401,Low Risk
9959-WOFKT,71,Two year,Fiber optic,No,Yes,Bank transfer (automatic),106.7,4479,0,0,0.14,Low Risk
5641-DMBFJ,58,Two year,DSL,Yes,Yes,Electronic check,84.3,5724,0,0,0.14,Low Risk
0670-ANMUU,71,One year,Fiber optic,Yes,Yes,Credit card (automatic),97.65,5319,0,0,0.1399,Low Risk
0939-EREMR,13,Month-to-month,DSL,Yes,No,Mailed check,53.45,4335,0,0,0.1397,Low Risk
5183-KLYEM,72,Two year,Fiber optic,Yes,Yes,Credit card (automatic),112.75,4927,0,0,0.1397,Low Risk
7196-LIWRH,6,Two year,No,No internet service,No internet service,Mailed check,19.55,5980,0,0,0.1395,Low Risk
5566-SOEZD,27,One year,Fiber optic,No,Yes,Credit card (automatic),80.65,5856,0,0,0.1394,Low Risk
1043-UXOVO,71,Two year,Fiber optic,Yes,Yes,Credit card (automatic),113.15,4955,0,0,0.1393,Low Risk
7605-BDWDC,31,Two year,DSL,Yes,Yes,Bank transfer (automatic),49.85,2539,0,0,0.1392,Low Risk
2233-TXSIU,17,One year,DSL,No,Yes,Credit card (automatic),44.45,3522,0,0,0.1392,Low Risk
7876-AEHIG,51,One year,DSL,Yes,Yes,Bank transfer (automatic),60.15,5404,0,0,0.1391,Low Risk
3275-RHRNE,28,One year,DSL,Yes,No,Credit card (automatic),60.0,2797,0,0,0.139,Low Risk
0479-HMSWA,26,Two year,Fiber optic,Yes,No,Electronic check,105.45,5980,0,0,0.1389,Low Risk
4942-VZZOM,64,One year,DSL,No,Yes,Credit card (automatic),66.15,4703,0,0,0.1389,Low Risk
5014-WUQMG,47,One year,Fiber optic,No,Yes,Electronic check,96.1,5793,0,0,0.1388,Low Risk
7521-YXVZY,3,Month-to-month,No,No internet service,No internet service,Mailed check,19.95,4430,0,0,0.1388,Low Risk
7055-JCGNI,70,Two year,Fiber optic,Yes,Yes,Credit card (automatic),111.95,4182,0,0,0.1388,Low Risk
8461-EFQYM,38,One year,No,No internet service,No internet service,Electronic check,24.25,2997,0,0,0.1386,Low Risk
0203-HHYIJ,25,One year,No,No internet service,No internet service,Bank transfer (automatic),25.3,3779,1,0,0.1383,Low Risk
0254-FNMCI,72,Two year,Fiber optic,Yes,Yes,Electronic check,109.9,5234,0,0,0.1383,Low Risk
7359-WWYJV,72,Two year,Fiber optic,Yes,Yes,Credit card (automatic),114.45,6274,0,0,0.1382,Low Risk
6447-GORXK,31,Month-to-month,DSL,No,No,Credit card (automatic),25.0,4242,0,0,0.1381,Low Risk
3594-BDSOA,24,One year,No,No internet service,No internet service,Credit card (automatic),20.4,3071,0,0,0.138,Low Risk
4973-RLZVI,30,One year,DSL,Yes,Yes,Credit card (automatic),74.65,5616,0,0,0.1379,Low Risk
1017-FBQMM,62,One year,Fiber optic,Yes,No,Credit card (automatic),106.05,6361,0,0,0.1378,Low Risk
3778-FOAQW,24,One year,No,No internet service,No internet service,Mailed check,20.15,3573,0,0,0.1378,Low Risk
9929-PLVPA,4,Month-to-month,No,No internet service,No internet service,Credit card (automatic),20.4,4929,0,0,0.1378,Low Risk
3963-RYFNS,72,Two year,Fiber optic,Yes,Yes,Bank transfer (automatic),116.45,5567,0,0,0.1378,Low Risk
7690-KPNCU,64,One year,DSL,No,Yes,Credit card (automatic),73.05,4515,0,0,0.1377,Low Risk
9860-LISIZ,34,Month-to-month,No,No internet service,No internet service,Mailed check,20.35,2864,0,0,0.1374,Low Risk
3374-PZLXD,34,Month-to-month,No,No internet service,No internet service,Mailed check,19.7,4136,0,0,0.1373,Low Risk
1045-LTCYT,8,Month-to-month,No,No internet service,No internet service,Credit card (automatic),21.05,2158,0,0,0.1373,Low Risk
9746-MDMBK,47,One year,Fiber optic,Yes,Yes,Bank transfer (automatic),113.45,3729,0,0,0.1368,Low Risk
7176-WRTNX,70,Two year,Fiber optic,Yes,Yes,Bank transfer (automatic),114.95,4511,0,0,0.1368,Low Risk
8401-EMUWF,42,Month-to-month,DSL,No,Yes,Bank transfer (automatic),69.4,4701,0,0,0.1367,Low Risk
3181-MIZBN,16,Month-to-month,No,No internet service,No internet service,Electronic check,19.75,3677,0,0,0.1366,Low Risk
2898-MRKPI,68,One year,Fiber optic,No,No,Credit card (automatic),101.05,5570,0,0,0.1366,Low Risk
6614-FHDBO,72,Two year,Fiber optic,Yes,No,Bank transfer (automatic),109.2,4551,0,0,0.1365,Low Risk
5127-BZENZ,56,One year,DSL,No,Yes,Bank transfer (automatic),65.2,4775,0,0,0.1362,Low Risk
1573-LGXBA,57,One year,Fiber optic,No,No,Credit card (automatic),97.55,5833,0,0,0.136,Low Risk
9150-KPBJQ,6,Two year,No,No internet service,No internet service,Credit card (automatic),19.65,3945,0,0,0.1357,Low Risk
4075-WKNIU,0,Two year,DSL,Yes,No,Mailed check,73.35,2342,0,0,0.1356,Low Risk
7217-JYHOQ,24,Month-to-month,DSL,Yes,Yes,Credit card (automatic),70.3,3359,0,0,0.1352,Low Risk
3259-KNMRR,57,Two year,DSL,No,No,Bank transfer (automatic),79.75,5371,0,0,0.1349,Low Risk
9974-JFBHQ,64,Month-to-month,Fiber optic,Yes,No,Credit card (automatic),99.15,4590,0,0,0.1349,Low Risk
2320-TZRRH,20,One year,No,No internet service,No internet service,Mailed check,19.5,4700,0,0,0.1349,Low Risk
2348-KCJLT,44,One year,DSL,No,Yes,Mailed check,61.5,2059,0,0,0.1348,Low Risk
0042-JVWOJ,26,One year,No,No internet service,No internet service,Bank transfer (automatic),19.6,3722,0,0,0.1347,Low Risk
2361-FJWNO,40,One year,DSL,Yes,No,Credit card (automatic),36.0,5323,0,0,0.1342,Low Risk
8166-ZZTFS,66,Two year,DSL,No,No,Bank transfer (automatic),80.55,4400,1,0,0.1342,Low Risk
4353-HYOJD,27,Month-to-month,DSL,No,No,Mailed check,49.85,5580,0,0,0.1338,Low Risk
5837-LXSDN,21,One year,DSL,No,No,Credit card (automatic),58.85,2845,0,0,0.1337,Low Risk
4816-OKWNX,50,One year,Fiber optic,Yes,No,Bank transfer (automatic),103.4,5437,0,0,0.1337,Low Risk
8513-OLYGY,72,Two year,Fiber optic,Yes,Yes,Credit card (automatic),115.8,5130,0,0,0.1335,Low Risk
8319-QBEHW,26,One year,DSL,No,No,Bank transfer (automatic),39.95,2715,0,0,0.1329,Low Risk
0945-TSONX,47,Two year,DSL,Yes,Yes,Credit card (automatic),85.3,5698,0,0,0.1326,Low Risk
2054-PJOCK,60,One year,DSL,Yes,No,Credit card (automatic),80.55,4159,0,0,0.1323,Low Risk
1297-VQDRP,68,One year,Fiber optic,Yes,No,Credit card (automatic),107.15,4324,0,0,0.1322,Low Risk
8788-DOXSU,59,One year,DSL,No,No,Bank transfer (automatic),61.35,6250,0,0,0.1322,Low Risk
3585-YNADK,57,One year,DSL,Yes,No,Bank transfer (automatic),74.6,4546,0,0,0.1321,Low Risk
9146-JRIOX,14,Month-to-month,No,No internet service,No internet service,Mailed check,25.55,2080,0,0,0.1321,Low Risk
9236-NDUCW,21,Two year,DSL,Yes,Yes,Mailed check,35.1,2991,0,0,0.132,Low Risk
5170-PTRKA,49,One year,DSL,Yes,Yes,Credit card (automatic),35.8,4865,0,0,0.1319,Low Risk
4355-HBJHH,67,Two year,DSL,No,Yes,Electronic check,79.7,6289,1,0,0.1318,Low Risk
8809-XKHMD,72,Two year,Fiber optic,Yes,Yes,Bank transfer (automatic),100.55,6082,0,0,0.1318,Low Risk
0961-ZWLVI,49,One year,Fiber optic,No,Yes,Credit card (automatic),109.2,6005,0,0,0.1315,Low Risk
9209-NWPGU,44,One year,DSL,Yes,Yes,Electronic check,65.4,5827,0,0,0.1314,Low Risk
7369-TRPFD,19,One year,No,No internet service,No internet service,Mailed check,18.8,2916,0,0,0.1313,Low Risk
1790-NESIO,13,Two year,No,No internet service,No internet service,Mailed check,20.4,4883,0,0,0.1313,Low Risk
5906-CVLHP,45,One year,DSL,Yes,No,Credit card (automatic),54.15,2761,1,0,0.1311,Low Risk
8849-PRIQJ,67,One year,Fiber optic,Yes,Yes,Electronic check,109.4,4103,0,0,0.1309,Low Risk
7375-WMVMT,71,Two year,Fiber optic,Yes,No,Credit card (automatic),95.5,6412,0,0,0.1305,Low Risk
3482-ABPKK,28,One year,DSL,Yes,Yes,Mailed check,54.3,5271,0,0,0.1304,Low Risk
7663-YJHSN,72,Two year,Fiber optic,Yes,Yes,Bank transfer (automatic),103.95,5096,0,0,0.1301,Low Risk
0019-EFAEP,72,Two year,Fiber optic,No,Yes,Bank transfer (automatic),101.3,5513,0,0,0.1296,Low Risk
6726-NNFWD,71,Two year,Fiber optic,No,No,Credit card (automatic),89.45,6004,0,0,0.1296,Low Risk
9534-NSXEM,26,One year,No,No internet service,No internet service,Credit card (automatic),20.65,2194,0,0,0.1294,Low Risk
8216-AZUUZ,42,Two year,Fiber optic,Yes,No,Electronic check,100.4,3265,0,0,0.1292,Low Risk
9289-LBQVU,64,One year,DSL,Yes,No,Mailed check,70.15,5037,0,0,0.129,Low Risk
5781-BKHOP,72,Two year,Fiber optic,No,Yes,Bank transfer (automatic),100.65,6380,0,0,0.1287,Low Risk
1937-OTUKY,72,Two year,Fiber optic,Yes,Yes,Bank transfer (automatic),98.2,4332,0,0,0.1287,Low Risk
4063-EIKNQ,11,Month-to-month,No,No internet service,No internet service,Bank transfer (automatic),20.95,4075,0,0,0.1286,Low Risk
0727-BNRLG,69,Two year,Fiber optic,Yes,No,Credit card (automatic),97.65,5709,0,0,0.1284,Low Risk
2294-DMMUS,62,Month-to-month,DSL,No,No,Credit card (automatic),70.45,5057,0,0,0.1282,Low Risk
9294-TDIPC,5,Month-to-month,No,No internet service,No internet service,Mailed check,20.2,5169,0,0,0.1282,Low Risk
9619-GSATL,43,One year,DSL,Yes,No,Electronic check,55.45,3350,0,0,0.1279,Low Risk
3011-WQKSZ,19,Month-to-month,No,No internet service,No internet service,Electronic check,20.0,5188,0,0,0.1278,Low Risk
2055-BFOCC,63,One year,DSL,Yes,Yes,Bank transfer (automatic),84.0,5688,0,0,0.1277,Low Risk
4627-MIHJH,69,Two year,Fiber optic,Yes,Yes,Credit card (automatic),110.25,4948,0,0,0.1277,Low Risk
5555-RNPGT,10,Month-to-month,No,No internet service,No internet service,Credit card (automatic),24.8,5212,0,0,0.1276,Low Risk
9541-PWTWO,52,Two year,DSL,Yes,No,Bank transfer (automatic),80.95,4924,0,0,0.127,Low Risk
5020-ZSTTY,54,One year,DSL,Yes,Yes,Bank transfer (automatic),82.45,4149,1,0,0.1269,Low Risk
0285-INHLN,27,Month-to-month,DSL,No,Yes,Credit card (automatic),54.75,3519,0,0,0.1267,Low Risk
9143-CANJF,24,Month-to-month,DSL,Yes,Yes,Electronic check,55.15,2200,0,0,0.1265,Low Risk
8738-JOKAR,42,One year,DSL,Yes,Yes,Mailed check,67.7,5034,0,0,0.1264,Low Risk
0378-CJKPV,72,Two year,Fiber optic,Yes,Yes,Credit card (automatic),112.1,4272,0,0,0.1263,Low Risk
1439-LCGVL,26,One year,No,No internet service,No internet service,Mailed check,19.2,3656,0,0,0.1262,Low Risk
3186-AJIEK,66,Two year,Fiber optic,Yes,Yes,Bank transfer (automatic),105.65,5097,0,0,0.1262,Low Risk
4884-TVUQF,57,Two year,Fiber optic,Yes,Yes,Credit card (automatic),101.3,4421,0,0,0.1261,Low Risk
6869-FGJJC,68,One year,Fiber optic,No,No,Credit card (automatic),79.6,5210,0,0,0.126,Low Risk
2739-CCZMB,5,Month-to-month,No,No internet service,No internet service,Credit card (automatic),20.35,3161,0,0,0.126,Low Risk
9746-UGFAC,22,One year,No,No internet service,No internet service,Bank transfer (automatic),20.85,3171,0,0,0.126,Low Risk
0696-UKTOX,23,Month-to-month,DSL,Yes,No,Electronic check,54.15,2496,0,0,0.1259,Low Risk
5256-SKJGO,64,Two year,DSL,Yes,No,Electronic check,54.6,4850,0,0,0.1258,Low Risk
2234-XADUH,72,One year,Fiber optic,No,No,Credit card (automatic),103.2,5560,0,0,0.1255,Low Risk
4504-YOULA,35,Month-to-month,DSL,No,Yes,Credit card (automatic),59.45,3682,0,0,0.1254,Low Risk
6778-EICRF,24,One year,DSL,No,Yes,Mailed check,74.8,5535,0,0,0.1253,Low Risk
1309-XGFSN,52,One year,DSL,No,No,Electronic check,80.85,6090,0,0,0.1252,Low Risk
5386-THSLQ,66,One year,DSL,No,No,Bank transfer (automatic),45.55,6238,0,0,0.1251,Low Risk
3546-GHEAE,7,Two year,No,No internet service,No internet service,Mailed check,19.45,2600,0,0,0.1251,Low Risk
6502-KUGLL,14,Month-to-month,DSL,Yes,Yes,Bank transfer (automatic),59.45,5723,0,0,0.125,Low Risk
4322-RCYMT,68,One year,DSL,Yes,No,Bank transfer (automatic),75.8,4903,1,0,0.1249,Low Risk
4513-CXYIX,71,Two year,Fiber optic,No,Yes,Credit card (automatic),80.7,4583,0,0,0.1248,Low Risk
0128-MKWSG,26,Month-to-month,DSL,Yes,Yes,Mailed check,45.8,3287,0,0,0.1247,Low Risk
0872-CASZJ,59,One year,DSL,Yes,Yes,Mailed check,69.1,4765,0,0,0.1247,Low Risk
7570-WELNY,68,Two year,Fiber optic,No,Yes,Bank transfer (automatic),84.7,5520,0,0,0.1243,Low Risk
5575-GNVDE,34,One year,DSL,No,Yes,Mailed check,56.95,3441,0,0,0.124,Low Risk
9086-YJYXS,34,One year,DSL,No,No,Bank transfer (automatic),77.2,3997,0,0,0.1239,Low Risk
9030-QGZNL,8,Two year,No,No internet service,No internet service,Mailed check,20.85,4249,0,0,0.1239,Low Risk
0208-BPQEJ,12,Month-to-month,No,No internet service,No internet service,Bank transfer (automatic),19.4,3713,0,0,0.1238,Low Risk
0396-UKGAI,23,Month-to-month,DSL,Yes,No,Bank transfer (automatic),55.3,4028,0,0,0.1236,Low Risk
2200-DSAAL,68,Two year,DSL,No,No,Electronic check,80.65,5914,0,0,0.1236,Low Risk
5376-PCKNB,72,One year,Fiber optic,No,No,Credit card (automatic),104.45,4750,0,0,0.1231,Low Risk
3410-YOQBQ,31,Two year,DSL,Yes,No,Mailed check,79.2,4984,0,0,0.1231,Low Risk
2188-SXWVT,34,One year,DSL,No,Yes,Mailed check,55.0,4027,0,0,0.123,Low Risk
7247-XOZPB,53,One year,DSL,Yes,Yes,Bank transfer (automatic),77.4,5313,0,0,0.123,Low Risk
4717-GHADL,50,Two year,DSL,Yes,No,Mailed check,79.6,5592,0,0,0.1229,Low Risk
1163-ONYEY,41,Month-to-month,DSL,No,Yes,Credit card (automatic),74.55,2748,0,0,0.1227,Low Risk
7148-XZPHA,55,Month-to-month,Fiber optic,Yes,No,Electronic check,79.4,4162,0,0,0.1225,Low Risk
0305-SQECB,11,One year,DSL,Yes,Yes,Mailed check,36.05,4265,0,0,0.1224,Low Risk
2696-ECXKC,55,One year,Fiber optic,No,Yes,Mailed check,100.9,6153,0,0,0.1221,Low Risk
8388-DMKAE,8,Two year,No,No internet service,No internet service,Mailed check,20.25,2653,0,0,0.1219,Low Risk
2017-CCBLH,8,Two year,No,No internet service,No internet service,Mailed check,20.0,3087,0,0,0.1219,Low Risk
1552-TKMXS,42,Month-to-month,No,No internet service,No internet service,Credit card (automatic),20.35,2127,0,0,0.1217,Low Risk
0022-TCJCI,45,One year,DSL,No,Yes,Credit card (automatic),62.7,2654,1,0,0.121,Low Risk
5847-MXBEO,22,One year,No,No internet service,No internet service,Mailed check,20.3,4510,0,0,0.121,Low Risk
7812-FZHPE,17,Month-to-month,No,No internet service,No internet service,Mailed check,24.1,4648,1,0,0.1208,Low Risk
0743-HNPFG,51,One year,DSL,Yes,Yes,Credit card (automatic),69.75,5628,0,0,0.1208,Low Risk
3099-OONVS,25,Month-to-month,DSL,Yes,Yes,Electronic check,54.3,3971,0,0,0.1207,Low Risk
2453-SAFNS,54,One year,DSL,Yes,No,Mailed check,72.1,4277,0,0,0.1207,Low Risk
8007-YYPWD,15,Two year,No,No internet service,No internet service,Bank transfer (automatic),25.05,5218,0,0,0.1206,Low Risk
6981-TDRFT,44,One year,DSL,Yes,No,Electronic check,54.3,3423,0,0,0.1206,Low Risk
6034-ZRYCV,72,Two year,DSL,No,No,Electronic check,54.2,4481,1,0,0.1206,Low Risk
1245-HARPS,14,Two year,No,No internet service,No internet service,Mailed check,20.4,4556,0,0,0.1204,Low Risk
0036-IHMOT,55,One year,Fiber optic,Yes,No,Bank transfer (automatic),103.7,5892,0,0,0.1198,Low Risk
5616-PRTNT,20,Month-to-month,No,No internet service,No internet service,Electronic check,19.4,3785,1,0,0.1197,Low Risk
4355-CVPVS,56,One year,Fiber optic,No,No,Bank transfer (automatic),88.9,4170,0,0,0.1196,Low Risk
1345-GKDZZ,6,Month-to-month,No,No internet service,No internet service,Mailed check,19.55,2309,0,0,0.119,Low Risk
3865-YIOTT,72,One year,Fiber optic,No,Yes,Bank transfer (automatic),106.1,6283,0,0,0.119,Low Risk
8024-XNAFQ,72,Two year,Fiber optic,Yes,Yes,Bank transfer (automatic),107.4,5294,0,0,0.1189,Low Risk
0997-YTLNY,19,Month-to-month,DSL,Yes,No,Mailed check,48.8,3749,0,0,0.1187,Low Risk
7137-NAXML,23,One year,No,No internet service,No internet service,Bank transfer (automatic),20.15,4402,0,0,0.1186,Low Risk
3633-CDBUW,17,One year,DSL,Yes,No,Electronic check,80.85,3913,0,0,0.1184,Low Risk
4111-BNXIF,67,Two year,DSL,Yes,No,Electronic check,59.55,4478,0,0,0.1183,Low Risk
7623-HKYRK,6,Month-to-month,No,No internet service,No internet service,Mailed check,19.7,2276,0,0,0.1183,Low Risk
4054-CUMIA,18,Month-to-month,No,No internet service,No internet service,Mailed check,20.25,2429,0,0,0.1183,Low Risk
5995-WWKKG,37,One year,No,No internet service,No internet service,Electronic check,19.8,5987,0,0,0.1182,Low Risk
3125-RAHBV,22,One year,No,No internet service,No internet service,Credit card (automatic),20.3,2768,0,0,0.1182,Low Risk
2530-FMFXO,56,Two year,Fiber optic,Yes,No,Electronic check,103.2,4478,0,0,0.1181,Low Risk
4719-UMSIY,6,Month-to-month,No,No internet service,No internet service,Mailed check,19.65,2231,0,0,0.118,Low Risk
6194-HBGQN,51,One year,DSL,Yes,Yes,Credit card (automatic),81.15,4549,0,0,0.1178,Low Risk
4712-UYOOI,20,Month-to-month,No,No internet service,No internet service,Electronic check,20.0,3402,0,0,0.1177,Low Risk
3658-QQJYD,62,One year,DSL,No,Yes,Credit card (automatic),74.3,5974,0,0,0.1176,Low Risk
2282-YGNOR,29,One year,DSL,Yes,Yes,Credit card (automatic),58.0,2810,0,0,0.1175,Low Risk
4694-PHWFW,8,Month-to-month,No,No internet service,No internet service,Mailed check,19.95,5919,0,0,0.1174,Low Risk
3134-DSHVC,63,Two year,Fiber optic,No,Yes,Credit card (automatic),98.0,5989,0,0,0.1174,Low Risk
2829-HYVZP,29,One year,No,No internet service,No internet service,Mailed check,19.8,5696,0,0,0.1173,Low Risk
4859-ZSRDZ,58,Two year,DSL,Yes,No,Credit card (automatic),55.5,4080,0,0,0.1171,Low Risk
6122-EFVKN,24,Two year,DSL,Yes,Yes,Mailed check,35.75,5531,0,0,0.1171,Low Risk
4801-KFYKL,8,Month-to-month,No,No internet service,No internet service,Bank transfer (automatic),19.45,4119,0,0,0.117,Low Risk
6691-CCIHA,62,Two year,DSL,Yes,Yes,Electronic check,84.95,6307,0,0,0.117,Low Risk
9053-JZFKV,67,Two year,Fiber optic,Yes,Yes,Credit card (automatic),116.2,4495,1,0,0.1169,Low Risk
5318-YKDPV,43,Two year,DSL,Yes,Yes,Credit card (automatic),79.15,3716,0,0,0.1165,Low Risk
9194-GFVOI,42,Two year,DSL,Yes,Yes,Credit card (automatic),84.35,3363,0,0,0.1164,Low Risk
0377-JBKKT,22,Month-to-month,DSL,Yes,Yes,Mailed check,57.95,5036,0,0,0.1162,Low Risk
8561-NMTBD,67,One year,Fiber optic,Yes,No,Credit card (automatic),112.35,5427,0,0,0.1161,Low Risk
8213-TAZPM,69,One year,Fiber optic,Yes,No,Bank transfer (automatic),108.75,5874,0,0,0.116,Low Risk
8022-BECSI,22,One year,No,No internet service,No internet service,Mailed check,19.6,2203,0,0,0.116,Low Risk
8947-YRTDV,32,One year,Fiber optic,No,Yes,Mailed check,94.8,5288,0,0,0.1158,Low Risk
8292-FRFZQ,39,One year,DSL,Yes,Yes,Bank transfer (automatic),41.15,3445,0,0,0.1158,Low Risk
2150-UWTFY,22,Month-to-month,DSL,No,Yes,Mailed check,61.15,4626,1,0,0.1154,Low Risk
7061-OVMIM,30,One year,No,No internet service,No internet service,Bank transfer (automatic),19.55,5203,0,0,0.1153,Low Risk
5245-VDBUR,52,One year,DSL,No,Yes,Mailed check,35.45,5509,0,0,0.1152,Low Risk
1752-OZXFY,60,One year,DSL,No,Yes,Mailed check,59.8,5488,0,0,0.115,Low Risk
3474-BAFSJ,57,Two year,DSL,Yes,No,Bank transfer (automatic),57.5,4133,0,0,0.115,Low Risk
6476-EPYZR,12,Month-to-month,No,No internet service,No internet service,Mailed check,20.5,2891,0,0,0.115,Low Risk
8996-ZROXE,57,One year,DSL,Yes,No,Electronic check,53.5,5521,0,0,0.115,Low Risk
9127-QRZMH,44,One year,DSL,Yes,Yes,Bank transfer (automatic),59.85,5981,0,0,0.1149,Low Risk
2796-UUZZO,63,Month-to-month,Fiber optic,No,No,Credit card (automatic),80.3,5157,0,0,0.1149,Low Risk
0835-DUUIQ,24,One year,No,No internet service,No internet service,Bank transfer (automatic),21.05,2050,0,0,0.1147,Low Risk
7244-KXYZN,24,One year,No,No internet service,No internet service,Credit card (automatic),20.45,4690,0,0,0.1145,Low Risk
6994-FGRHH,70,One year,Fiber optic,Yes,No,Electronic check,106.15,4649,0,0,0.1144,Low Risk
7803-XOCCZ,52,Month-to-month,Fiber optic,Yes,Yes,Bank transfer (automatic),84.05,6099,0,0,0.1144,Low Risk
6933-VLYFX,31,One year,DSL,Yes,Yes,Electronic check,59.95,4337,0,0,0.1144,Low Risk
5862-BRIXZ,46,Two year,DSL,Yes,Yes,Bank transfer (automatic),60.75,2694,0,0,0.1143,Low Risk
9754-CLVZW,26,Month-to-month,DSL,Yes,Yes,Credit card (automatic),38.85,3970,0,0,0.1143,Low Risk
1492-QGCLU,53,Month-to-month,DSL,Yes,Yes,Electronic check,85.7,5957,0,0,0.1138,Low Risk
0014-BMAQU,63,Two year,Fiber optic,Yes,Yes,Credit card (automatic),84.65,4604,0,0,0.1136,Low Risk
1682-VCOIO,23,One year,No,No internet service,No internet service,Mailed check,20.45,3434,0,0,0.1135,Low Risk
2690-DVRVK,5,One year,No,No internet service,No internet service,Electronic check,20.55,3629,0,0,0.1134,Low Risk
8454-AATJP,72,Two year,Fiber optic,Yes,Yes,Credit card (automatic),115.05,5905,0,0,0.1133,Low Risk
9495-REDIY,25,One year,DSL,No,Yes,Credit card (automatic),40.65,5079,0,0,0.1132,Low Risk
8815-LMFLX,25,Month-to-month,No,No internet service,No internet service,Bank transfer (automatic),25.4,5250,0,0,0.1131,Low Risk
1810-MVMAI,30,Month-to-month,DSL,Yes,Yes,Electronic check,67.6,4104,0,0,0.1128,Low Risk
5762-TJXGK,52,Two year,DSL,No,Yes,Bank transfer (automatic),58.75,5122,0,0,0.1128,Low Risk
1850-AKQEP,8,Month-to-month,No,No internet service,No internet service,Mailed check,20.35,4577,0,0,0.1124,Low Risk
3387-PLKUI,13,Month-to-month,No,No internet service,No internet service,Mailed check,18.8,2333,0,0,0.1123,Low Risk
8845-LWKGE,30,One year,DSL,Yes,No,Electronic check,64.5,2215,0,0,0.1123,Low Risk
2091-GPPIQ,72,Two year,DSL,Yes,No,Electronic check,78.95,5050,0,0,0.1122,Low Risk
8963-MQVYN,22,Month-to-month,No,No internet service,No internet service,Electronic check,20.55,3169,0,0,0.1121,Low Risk
1936-UAFEH,68,Two year,Fiber optic,Yes,Yes,Credit card (automatic),110.25,5502,0,0,0.112,Low Risk
5327-XOKKY,72,Two year,DSL,No,No,Credit card (automatic),73.45,5540,0,0,0.1118,Low Risk
2904-GGUAZ,72,Two year,Fiber optic,No,Yes,Bank transfer (automatic),84.05,5515,0,0,0.1118,Low Risk
2717-HVIZY,8,Month-to-month,No,No internet service,No internet service,Mailed check,20.05,2675,0,0,0.1118,Low Risk
1697-BCSHV,58,Month-to-month,DSL,No,No,Bank transfer (automatic),66.8,6433,0,0,0.1117,Low Risk
6840-RESVB,24,One year,DSL,Yes,Yes,Mailed check,84.8,2140,0,0,0.1111,Low Risk
1206-EHBDD,56,Two year,Fiber optic,No,Yes,Bank transfer (automatic),80.3,6203,0,0,0.1107,Low Risk
8670-ERCJH,72,Two year,Fiber optic,Yes,Yes,Bank transfer (automatic),113.4,6347,0,0,0.1106,Low Risk
7446-SFAOA,37,One year,No,No internet service,No internet service,Bank transfer (automatic),19.85,5707,0,0,0.1105,Low Risk
9225-BZLNZ,72,Two year,DSL,No,Yes,Electronic check,85.25,6275,0,0,0.1101,Low Risk
9926-PJHDQ,72,Two year,DSL,No,No,Bank transfer (automatic),76.8,5120,0,0,0.1098,Low Risk
2931-XIQBR,50,One year,Fiber optic,Yes,No,Mailed check,103.05,5905,0,0,0.1096,Low Risk
3508-CFVZL,71,Two year,Fiber optic,Yes,Yes,Mailed check,111.3,5957,0,0,0.1094,Low Risk
8100-HZZLJ,43,Month-to-month,DSL,No,Yes,Electronic check,63.95,4205,0,0,0.1093,Low Risk
1093-YSWCA,11,Two year,No,No internet service,No internet service,Credit card (automatic),19.55,5433,0,0,0.1093,Low Risk
0946-FKYTX,52,One year,DSL,No,No,Mailed check,30.1,6290,0,0,0.1093,Low Risk
4830-FAXFM,19,Month-to-month,No,No internet service,No internet service,Credit card (automatic),24.1,2378,0,0,0.1092,Low Risk
4422-QVIJA,35,Month-to-month,DSL,No,No,Mailed check,50.15,5879,0,0,0.1091,Low Risk
3258-SYSWS,72,Two year,Fiber optic,Yes,Yes,Bank transfer (automatic),113.8,4598,0,0,0.1091,Low Risk
3209-ZPKFI,47,Month-to-month,DSL,No,No,Electronic check,54.25,2320,0,0,0.1088,Low Risk
6698-OXETB,11,Two year,No,No internet service,No internet service,Mailed check,20.4,5397,0,0,0.1085,Low Risk
7940-UQQUG,64,One year,Fiber optic,Yes,Yes,Bank transfer (automatic),104.4,5133,0,0,0.1083,Low Risk
9839-ETQOE,43,Month-to-month,DSL,No,Yes,Electronic check,40.45,3176,0,0,0.1083,Low Risk
4531-AUZNK,51,One year,Fiber optic,Yes,Yes,Mailed check,95.15,6492,0,0,0.1082,Low Risk
5820-PTRYM,56,One year,DSL,Yes,Yes,Credit card (automatic),68.45,4368,0,0,0.1082,Low Risk
9074-KGVOX,50,Month-to-month,DSL,No,Yes,Credit card (automatic),39.45,6018,0,0,0.1079,Low Risk
0536-ESJEP,54,Two year,DSL,No,Yes,Bank transfer (automatic),74.55,4544,0,0,0.1077,Low Risk
2361-UPSND,46,One year,DSL,Yes,Yes,Mailed check,70.6,5433,0,0,0.1076,Low Risk
2773-MADBQ,36,Two year,DSL,Yes,Yes,Mailed check,53.1,2751,0,0,0.1076,Low Risk
0756-MPZRL,46,One year,DSL,Yes,No,Credit card (automatic),33.7,3007,0,0,0.1076,Low Risk
3523-BRGUW,26,One year,No,No internet service,No internet service,Credit card (automatic),19.3,2269,0,0,0.1075,Low Risk
6754-LZUKA,61,Two year,DSL,No,No,Bank transfer (automatic),80.9,4161,0,0,0.1073,Low Risk
1154-HYWWO,38,One year,DSL,Yes,Yes,Mailed check,70.6,4993,0,0,0.1071,Low Risk
4525-VZCZG,54,One year,Fiber optic,Yes,Yes,Electronic check,105.85,5915,0,0,0.107,Low Risk
0487-CRLZF,49,Two year,DSL,Yes,No,Bank transfer (automatic),74.45,4517,0,0,0.1068,Low Risk
6061-PQHMK,25,One year,No,No internet service,No internet service,Credit card (automatic),19.9,3048,0,0,0.1068,Low Risk
8735-NBLWT,9,Month-to-month,No,No internet service,No internet service,Mailed check,20.4,4195,0,0,0.1066,Low Risk
3926-YZVVX,41,One year,DSL,Yes,No,Bank transfer (automatic),50.05,2157,0,0,0.1066,Low Risk
0689-DSXGL,52,Month-to-month,Fiber optic,Yes,No,Bank transfer (automatic),85.8,5494,0,0,0.1063,Low Risk
6837-HAEVO,69,Two year,Fiber optic,No,No,Electronic check,105.0,5436,0,0,0.1062,Low Risk
1821-BUCWY,30,Two year,DSL,No,Yes,Mailed check,55.65,5445,0,0,0.106,Low Risk
1642-HMARX,68,Two year,DSL,Yes,Yes,Electronic check,91.7,4113,0,0,0.1059,Low Risk
3727-OWVYD,35,One year,DSL,No,Yes,Mailed check,61.2,2075,0,0,0.1057,Low Risk
3308-JSGML,59,Two year,DSL,Yes,Yes,Credit card (automatic),64.05,6306,0,0,0.1053,Low Risk
6352-GIGGQ,67,One year,DSL,Yes,Yes,Bank transfer (automatic),88.8,4081,0,0,0.1052,Low Risk
4116-IQRFR,4,One year,No,No internet service,No internet service,Credit card (automatic),24.1,4463,0,0,0.1052,Low Risk
0219-QAERP,30,One year,No,No internet service,No internet service,Credit card (automatic),19.8,4006,0,0,0.1051,Low Risk
1090-ESELR,72,Two year,Fiber optic,Yes,Yes,Bank transfer (automatic),105.5,5534,0,0,0.1046,Low Risk
3230-IUALN,45,Two year,DSL,Yes,Yes,Mailed check,81.0,2934,0,0,0.1046,Low Risk
5384-ZTTWP,15,Month-to-month,No,No internet service,No internet service,Mailed check,19.8,4167,0,0,0.1045,Low Risk
0744-GKNGE,64,Month-to-month,Fiber optic,Yes,Yes,Bank transfer (automatic),86.8,4915,0,0,0.1039,Low Risk
4547-FZJWE,55,One year,DSL,No,Yes,Credit card (automatic),59.45,5712,0,0,0.1039,Low Risk
1131-SUEKT,61,One year,Fiber optic,Yes,No,Bank transfer (automatic),98.45,4000,0,0,0.1038,Low Risk
8387-UGUSU,15,Month-to-month,No,No internet service,No internet service,Mailed check,20.05,3591,0,0,0.1038,Low Risk
0218-QNVAS,71,One year,Fiber optic,No,No,Bank transfer (automatic),100.55,5876,0,0,0.1038,Low Risk
5129-HHMZC,43,Two year,DSL,Yes,Yes,Credit card (automatic),86.45,3110,0,0,0.1038,Low Risk
2999-AANRQ,21,Two year,DSL,Yes,Yes,Credit card (automatic),71.05,5138,0,0,0.1036,Low Risk
3605-JISKB,55,One year,DSL,No,Yes,Credit card (automatic),60.0,4212,0,0,0.1035,Low Risk
7446-KQISO,45,Two year,Fiber optic,Yes,No,Bank transfer (automatic),109.75,4221,0,0,0.1028,Low Risk
3378-AJRAO,44,One year,No,No internet service,No internet service,Electronic check,24.85,5331,0,0,0.1027,Low Risk
0864-FVJNJ,64,One year,Fiber optic,Yes,Yes,Electronic check,113.35,4952,0,0,0.1027,Low Risk
7994-XIRTR,54,One year,DSL,Yes,No,Bank transfer (automatic),65.25,6161,0,0,0.1027,Low Risk
6479-OAUSD,25,One year,No,No internet service,No internet service,Credit card (automatic),19.9,2130,0,0,0.1025,Low Risk
7305-ZWMAJ,30,One year,No,No internet service,No internet service,Credit card (automatic),20.7,2492,0,0,0.1025,Low Risk
2676-SSLTO,49,Two year,DSL,Yes,No,Bank transfer (automatic),66.15,6138,0,0,0.1024,Low Risk
9906-NHHVC,65,Two year,DSL,No,No,Bank transfer (automatic),53.5,5693,0,0,0.1022,Low Risk
6465-GSRCL,67,One year,Fiber optic,Yes,No,Bank transfer (automatic),106.6,5895,0,0,0.1022,Low Risk
4827-LTQRJ,66,One year,Fiber optic,Yes,Yes,Credit card (automatic),110.6,5418,0,0,0.102,Low Risk
7107-UBYKY,35,Month-to-month,No,No internet service,No internet service,Electronic check,25.75,4194,0,0,0.1017,Low Risk
2775-SEFEE,0,Two year,DSL,Yes,Yes,Bank transfer (automatic),61.9,5188,0,0,0.1017,Low Risk
2933-XEUJM,46,Two year,DSL,No,Yes,Mailed check,79.2,2007,0,0,0.1017,Low Risk
4795-UXVCJ,26,One year,No,No internet service,No internet service,Credit card (automatic),19.8,5823,0,0,0.1017,Low Risk
9309-BZGNT,69,One year,DSL,No,No,Credit card (automatic),29.8,5681,0,0,0.1016,Low Risk
3985-HOYPM,26,One year,No,No internet service,No internet service,Mailed check,19.4,4602,0,0,0.1015,Low Risk
4139-SUGLD,31,Month-to-month,DSL,Yes,Yes,Bank transfer (automatic),35.4,2067,1,0,0.1013,Low Risk
1271-UODNO,39,Two year,DSL,Yes,No,Credit card (automatic),53.85,2380,0,0,0.1013,Low Risk
0743-HRVFF,51,One year,DSL,Yes,No,Electronic check,56.15,4132,0,0,0.1013,Low Risk
6188-UXBBR,38,One year,No,No internet service,No internet service,Credit card (automatic),20.25,4411,0,0,0.1011,Low Risk
9577-WJVCQ,68,Month-to-month,DSL,No,Yes,Mailed check,54.45,5310,0,0,0.101,Low Risk
6861-OKBCE,11,Month-to-month,No,No internet service,No internet service,Credit card (automatic),20.1,4500,1,0,0.1009,Low Risk
1328-EUZHC,18,Two year,No,No internet service,No internet service,Mailed check,20.1,4329,0,0,0.1009,Low Risk
0513-RBGPE,37,Two year,DSL,Yes,Yes,Credit card (automatic),62.8,5229,0,0,0.1009,Low Risk
6234-RAAPL,72,Two year,Fiber optic,Yes,Yes,Bank transfer (automatic),99.9,5915,0,0,0.1007,Low Risk
5018-LXQQG,30,Month-to-month,DSL,Yes,Yes,Bank transfer (automatic),66.3,4631,0,0,0.1007,Low Risk
9560-BBZXK,36,Two year,DSL,No,Yes,Bank transfer (automatic),31.05,4871,0,0,0.1006,Low Risk
5914-GXMDA,32,One year,No,No internet service,No internet service,Mailed check,19.3,5817,0,0,0.1005,Low Risk
3181-VTHOE,70,One year,DSL,Yes,No,Bank transfer (automatic),51.05,4042,0,0,0.1004,Low Risk
8221-HVAYI,35,Two year,DSL,Yes,Yes,Credit card (automatic),69.15,3945,0,0,0.1002,Low Risk
6319-QSUSR,11,Month-to-month,No,No internet service,No internet service,Credit card (automatic),19.7,3838,0,0,0.1,Low Risk
2150-OEGBV,27,One year,No,No internet service,No internet service,Bank transfer (automatic),20.1,3428,0,0,0.1,Low Risk
3571-DPYUH,58,One year,Fiber optic,Yes,No,Credit card (automatic),94.7,5653,0,0,0.1,Low Risk
1998-VHJHK,27,One year,No,No internet service,No internet service,Mailed check,19.15,5606,0,0,0.0999,Low Risk
2096-XOTMO,16,Month-to-month,No,No internet service,No internet service,Mailed check,19.35,4146,0,0,0.0998,Low Risk
0853-TWRVK,72,Two year,Fiber optic,Yes,Yes,Bank transfer (automatic),105.6,5981,0,0,0.0994,Low Risk
2057-BOYKM,72,Two year,Fiber optic,Yes,Yes,Bank transfer (automatic),96.6,5153,0,0,0.0994,Low Risk
3174-AKMAS,46,Two year,DSL,Yes,No,Credit card (automatic),64.2,4699,0,0,0.0992,Low Risk
7670-ZBPOQ,58,One year,DSL,Yes,Yes,Bank transfer (automatic),61.05,4411,0,0,0.0992,Low Risk
6516-NKQBO,38,Two year,DSL,Yes,Yes,Credit card (automatic),81.0,3067,0,0,0.0991,Low Risk
9570-KYEUA,64,Two year,Fiber optic,Yes,Yes,Credit card (automatic),99.25,5213,0,0,0.0989,Low Risk
5574-NXZIU,63,Two year,Fiber optic,Yes,Yes,Credit card (automatic),109.2,4273,0,0,0.0989,Low Risk
3841-NFECX,71,Two year,Fiber optic,Yes,Yes,Credit card (automatic),96.35,5309,0,0,0.0988,Low Risk
8999-YPYBV,45,Two year,DSL,Yes,Yes,Mailed check,84.35,3403,0,0,0.0988,Low Risk
6937-GCDGQ,19,One year,DSL,No,Yes,Bank transfer (automatic),48.95,2394,0,0,0.0984,Low Risk
6719-FGEDO,72,Two year,Fiber optic,Yes,Yes,Bank transfer (automatic),97.0,6302,0,0,0.0984,Low Risk
9995-HOTOH,63,Two year,DSL,No,Yes,Electronic check,59.0,5639,0,0,0.0982,Low Risk
3887-PBQAO,45,One year,No,No internet service,No internet service,Credit card (automatic),25.9,5741,0,0,0.0981,Low Risk
0334-ZFJSR,55,One year,DSL,Yes,Yes,Credit card (automatic),66.05,5501,0,0,0.0978,Low Risk
1282-IHQAC,70,One year,DSL,No,No,Credit card (automatic),44.05,4022,0,0,0.0978,Low Risk
2250-IVBWA,64,Month-to-month,Fiber optic,No,Yes,Electronic check,81.05,5168,0,0,0.0977,Low Risk
6103-LIANB,59,Two year,Fiber optic,No,No,Credit card (automatic),99.5,4583,0,0,0.0977,Low Risk
4667-QONEA,60,One year,DSL,Yes,Yes,Credit card (automatic),74.85,5153,0,0,0.0977,Low Risk
2519-TWKFS,25,One year,DSL,Yes,No,Mailed check,55.1,2499,0,0,0.0976,Low Risk
2239-CFOUJ,1,One year,No,No internet service,No internet service,Mailed check,20.4,4540,0,0,0.0975,Low Risk
9880-TDQAC,72,Two year,DSL,Yes,No,Electronic check,60.0,5471,0,0,0.0975,Low Risk
8465-SBRXP,38,Two year,Fiber optic,Yes,No,Bank transfer (automatic),94.9,2436,0,0,0.0975,Low Risk
0121-SNYRK,50,One year,DSL,Yes,Yes,Mailed check,35.4,5052,0,0,0.0975,Low Risk
0489-WMEMG,23,One year,DSL,Yes,No,Electronic check,49.45,5237,0,0,0.0973,Low Risk
0810-DHDBD,52,One year,DSL,Yes,Yes,Credit card (automatic),74.0,5806,0,0,0.0971,Low Risk
1536-YHDOE,17,One year,DSL,Yes,Yes,Mailed check,62.1,3937,0,0,0.0969,Low Risk
4367-NUYAO,0,Two year,No,No internet service,No internet service,Mailed check,25.75,4950,0,0,0.0968,Low Risk
2167-FQSTQ,72,Two year,DSL,Yes,Yes,Electronic check,92.4,5527,0,0,0.0968,Low Risk
7173-TETGO,72,Two year,Fiber optic,No,Yes,Bank transfer (automatic),78.5,6072,0,0,0.0967,Low Risk
7322-OCWHC,72,Two year,Fiber optic,Yes,Yes,Bank transfer (automatic),93.05,4988,0,0,0.0966,Low Risk
8871-JLMHM,68,Two year,Fiber optic,Yes,No,Credit card (automatic),90.2,4095,0,0,0.0965,Low Risk
7277-KAMWT,13,Two year,No,No internet service,No internet service,Credit card (automatic),20.0,3037,0,0,0.0965,Low Risk
9555-SAHUZ,38,Month-to-month,DSL,No,Yes,Electronic check,54.5,5499,0,0,0.0964,Low Risk
2040-LDIWQ,65,Two year,DSL,Yes,No,Bank transfer (automatic),84.2,5256,0,0,0.0962,Low Risk
0076-LVEPS,29,Month-to-month,DSL,Yes,Yes,Mailed check,45.0,3290,0,0,0.096,Low Risk
0310-SUCIN,71,One year,DSL,Yes,Yes,Bank transfer (automatic),84.8,5643,0,0,0.0958,Low Risk
5469-NUJUR,19,Two year,No,No internet service,No internet service,Mailed check,19.95,2831,0,0,0.0958,Low Risk
0083-PIVIK,64,One year,DSL,Yes,Yes,Electronic check,81.25,4761,0,0,0.0958,Low Risk
5214-CHIWJ,27,One year,No,No internet service,No internet service,Mailed check,20.3,3159,0,0,0.0957,Low Risk
8668-KNZTI,52,One year,DSL,No,Yes,Electronic check,53.75,5957,0,0,0.0956,Low Risk
7501-IWUNG,61,Two year,DSL,Yes,No,Bank transfer (automatic),73.8,6301,0,0,0.0956,Low Risk
1395-OFUWC,43,Month-to-month,DSL,No,No,Credit card (automatic),29.3,4741,0,0,0.0955,Low Risk
1064-FBXNK,1,One year,No,No internet service,No internet service,Credit card (automatic),19.85,2618,0,0,0.0955,Low Risk
5014-GSOUQ,13,Two year,No,No internet service,No internet service,Mailed check,19.95,2884,0,0,0.0953,Low Risk
5202-IVJNU,39,Month-to-month,DSL,No,No,Credit card (automatic),30.1,3106,1,0,0.0949,Low Risk
5063-IUOKK,13,Two year,No,No internet service,No internet service,Mailed check,19.75,2016,0,0,0.0947,Low Risk
2123-VSCOT,59,Two year,DSL,Yes,No,Bank transfer (automatic),72.1,6225,0,0,0.0947,Low Risk
5681-LLOEI,43,One year,Fiber optic,Yes,Yes,Credit card (automatic),91.25,5884,0,0,0.0944,Low Risk
7432-FFVAR,46,One year,Fiber optic,Yes,No,Bank transfer (automatic),90.95,5187,0,0,0.0942,Low Risk
7029-IJEJK,54,One year,DSL,Yes,Yes,Bank transfer (automatic),44.1,6205,0,0,0.0942,Low Risk
6823-SIDFQ,28,One year,No,No internet service,No internet service,Credit card (automatic),18.25,5327,0,0,0.0941,Low Risk
6563-VRERX,33,One year,No,No internet service,No internet service,Mailed check,20.6,5212,0,0,0.0941,Low Risk
4024-CSNBY,72,Two year,Fiber optic,Yes,Yes,Bank transfer (automatic),94.25,6295,0,0,0.0938,Low Risk
5056-FIMPT,43,One year,Fiber optic,Yes,Yes,Credit card (automatic),106.0,3528,0,0,0.0938,Low Risk
5394-MEITZ,60,Two year,DSL,Yes,No,Bank transfer (automatic),80.6,5667,0,0,0.0937,Low Risk
8908-SLFCJ,21,Two year,No,No internet service,No internet service,Credit card (automatic),20.85,5422,0,0,0.0936,Low Risk
0320-DWVTU,53,Two year,Fiber optic,Yes,Yes,Mailed check,99.5,4754,0,0,0.0934,Low Risk
1442-OKRJE,66,One year,Fiber optic,No,Yes,Bank transfer (automatic),103.15,4663,0,0,0.0933,Low Risk
3213-VVOLG,0,Two year,No,No internet service,No internet service,Mailed check,25.35,2299,0,0,0.0933,Low Risk
5684-FJVYR,72,Two year,Fiber optic,Yes,Yes,Bank transfer (automatic),90.35,5794,0,0,0.0933,Low Risk
0117-LFRMW,37,Month-to-month,DSL,No,Yes,Bank transfer (automatic),40.2,3627,1,0,0.0932,Low Risk
5808-TOTXO,3,One year,No,No internet service,No internet service,Credit card (automatic),20.55,2774,0,0,0.0931,Low Risk
1488-SYSFC,31,Month-to-month,No,No internet service,No internet service,Electronic check,20.65,2990,0,0,0.0931,Low Risk
8610-ZIKJJ,2,One year,No,No internet service,No internet service,Mailed check,20.3,2843,0,0,0.0931,Low Risk
7639-LIAYI,52,Two year,DSL,Yes,Yes,Credit card (automatic),79.75,4142,0,0,0.093,Low Risk
0248-PGHBZ,67,Two year,Fiber optic,Yes,Yes,Bank transfer (automatic),92.45,5857,0,0,0.0929,Low Risk
6339-TBELP,71,Two year,Fiber optic,Yes,No,Credit card (automatic),86.4,4069,0,0,0.0928,Low Risk
0547-HURJB,12,Month-to-month,No,No internet service,No internet service,Credit card (automatic),21.05,4001,0,0,0.0928,Low Risk
2495-TTHBQ,4,One year,No,No internet service,No internet service,Mailed check,20.4,5602,0,0,0.0928,Low Risk
6559-ILWKJ,71,Two year,DSL,No,No,Electronic check,49.35,4879,1,0,0.0927,Low Risk
2239-CGBUZ,51,One year,DSL,Yes,Yes,Bank transfer (automatic),60.5,4207,0,0,0.0926,Low Risk
3096-WPXBT,61,One year,Fiber optic,No,Yes,Credit card (automatic),100.7,4804,0,0,0.0925,Low Risk
6261-RCVNS,42,One year,DSL,Yes,Yes,Credit card (automatic),73.9,2774,1,0,0.0925,Low Risk
5110-CHOPY,60,Two year,DSL,No,Yes,Electronic check,53.6,4173,0,0,0.0924,Low Risk
7795-CFOCW,45,One year,DSL,Yes,Yes,Bank transfer (automatic),42.3,4307,0,0,0.0923,Low Risk
5512-IDZEI,46,One year,No,No internet service,No internet service,Electronic check,24.9,2026,0,0,0.0922,Low Risk
9251-WNSOD,67,One year,DSL,No,Yes,Mailed check,75.1,4931,0,0,0.092,Low Risk
3957-HHLMR,70,One year,DSL,No,Yes,Bank transfer (automatic),65.2,6316,0,0,0.0919,Low Risk
0604-THJFP,59,Two year,DSL,Yes,No,Credit card (automatic),75.95,5446,0,0,0.0918,Low Risk
7779-ORAEL,45,Two year,DSL,Yes,Yes,Credit card (automatic),75.15,5837,0,0,0.0917,Low Risk
1872-EBWSC,29,One year,No,No internet service,No internet service,Mailed check,20.35,4840,0,0,0.0915,Low Risk
3506-OVLKD,35,One year,No,No internet service,No internet service,Bank transfer (automatic),26.2,4419,0,0,0.0914,Low Risk
5495-GPSRW,20,Two year,No,No internet service,No internet service,Mailed check,19.7,2120,0,0,0.0914,Low Risk
3547-LQRIK,47,One year,No,No internet service,No internet service,Electronic check,26.9,2382,0,0,0.091,Low Risk
9531-NSBMR,36,One year,No,No internet service,No internet service,Bank transfer (automatic),19.25,4904,0,0,0.0909,Low Risk
1934-MKPXS,33,One year,No,No internet service,No internet service,Credit card (automatic),20.1,3636,0,0,0.0909,Low Risk
0687-ZVTHB,65,One year,DSL,No,Yes,Credit card (automatic),72.45,4415,1,0,0.0905,Low Risk
0023-UYUPN,50,One year,No,No internet service,No internet service,Electronic check,25.2,4015,0,0,0.0904,Low Risk
4452-ROHMO,15,Two year,No,No internet service,No internet service,Mailed check,19.6,2722,0,0,0.0904,Low Risk
4716-MRVEN,29,One year,No,No internet service,No internet service,Mailed check,20.0,4128,0,0,0.0903,Low Risk
4163-NCJAK,46,One year,No,No internet service,No internet service,Bank transfer (automatic),24.45,2438,0,0,0.0902,Low Risk
6064-ZATLR,27,Two year,DSL,No,Yes,Bank transfer (automatic),52.85,2842,0,0,0.0901,Low Risk
3057-VJJQE,35,Two year,DSL,No,Yes,Mailed check,55.25,5498,0,0,0.0898,Low Risk
5307-UVGNB,53,Month-to-month,DSL,No,Yes,Bank transfer (automatic),48.7,4116,0,0,0.0897,Low Risk
7581-EBBOU,60,One year,DSL,Yes,No,Credit card (automatic),70.15,4260,0,0,0.0896,Low Risk
3280-NMUVX,34,One year,No,No internet service,No internet service,Credit card (automatic),19.6,4669,0,0,0.0894,Low Risk
4713-ZBURT,45,Two year,Fiber optic,No,No,Bank transfer (automatic),99.7,3333,0,0,0.0894,Low Risk
8873-TMKGR,29,One year,No,No internet service,No internet service,Mailed check,19.1,5880,0,0,0.0894,Low Risk
1265-BCFEO,71,Two year,DSL,Yes,No,Bank transfer (automatic),80.45,4518,0,0,0.0892,Low Risk
1121-QSIVB,44,One year,DSL,No,No,Mailed check,77.55,5044,0,0,0.089,Low Risk
4750-UKWJK,37,One year,No,No internet service,No internet service,Mailed check,19.6,5730,0,0,0.0888,Low Risk
7010-ZMVBF,18,Month-to-month,No,No internet service,No internet service,Mailed check,20.45,2047,0,0,0.0888,Low Risk
7564-GHCVB,72,Two year,Fiber optic,No,Yes,Bank transfer (automatic),79.05,4689,0,0,0.0887,Low Risk
3898-BSJYF,10,One year,DSL,Yes,Yes,Credit card (automatic),73.55,4434,0,0,0.0882,Low Risk
6437-UDQJM,72,Two year,DSL,No,Yes,Credit card (automatic),84.1,4999,0,0,0.0881,Low Risk
3442-ZHHCC,68,One year,DSL,No,Yes,Credit card (automatic),76.9,5355,0,0,0.0881,Low Risk
0078-XZMHT,72,Two year,DSL,Yes,No,Bank transfer (automatic),85.15,6322,0,0,0.088,Low Risk
1525-LNLOJ,66,Two year,DSL,No,No,Bank transfer (automatic),63.3,4186,0,0,0.088,Low Risk
5012-YSPJJ,31,Month-to-month,DSL,Yes,No,Mailed check,54.35,3615,0,0,0.0879,Low Risk
1813-JYWTO,72,Two year,Fiber optic,No,Yes,Bank transfer (automatic),80.45,4202,0,0,0.0875,Low Risk
0104-PPXDV,58,One year,DSL,No,No,Credit card (automatic),50.3,5232,0,0,0.0874,Low Risk
5656-MJEFC,42,Two year,DSL,Yes,Yes,Credit card (automatic),48.15,2673,0,0,0.0874,Low Risk
3552-CTCYF,63,Two year,Fiber optic,No,No,Bank transfer (automatic),104.8,4046,0,0,0.0873,Low Risk
4000-VGMQP,38,One year,DSL,No,No,Credit card (automatic),78.95,2125,0,0,0.0873,Low Risk
7622-FWGEW,56,Two year,DSL,Yes,Yes,Bank transfer (automatic),85.65,6500,0,0,0.0873,Low Risk
2126-GSEGL,70,Two year,DSL,Yes,No,Bank transfer (automatic),84.8,4032,0,0,0.0873,Low Risk
3190-FZATL,14,Month-to-month,No,No internet service,No internet service,Mailed check,19.95,5770,0,0,0.0872,Low Risk
6131-IUNXN,19,Month-to-month,No,No internet service,No internet service,Mailed check,20.2,3636,0,0,0.0872,Low Risk
7469-LKBCI,16,Two year,No,No internet service,No internet service,Credit card (automatic),18.95,4726,0,0,0.087,Low Risk
6016-NXBNJ,35,One year,No,No internet service,No internet service,Mailed check,19.15,4052,0,0,0.0869,Low Risk
1839-UMACK,42,One year,No,No internet service,No internet service,Electronic check,25.05,3756,0,0,0.0867,Low Risk
7182-OVLBJ,62,Two year,Fiber optic,No,Yes,Bank transfer (automatic),101.15,5735,0,0,0.0866,Low Risk
6242-SGYTS,62,One year,Fiber optic,No,Yes,Credit card (automatic),94.95,4262,0,0,0.0866,Low Risk
4950-HKQTE,22,Two year,No,No internet service,No internet service,Mailed check,26.25,5676,0,0,0.0865,Low Risk
2252-NKNSI,52,Two year,DSL,Yes,Yes,Mailed check,85.15,4322,0,0,0.0864,Low Risk
7136-IHZJA,40,Month-to-month,DSL,Yes,Yes,Mailed check,71.35,5807,0,0,0.0862,Low Risk
4980-URKXC,36,One year,No,No internet service,No internet service,Bank transfer (automatic),20.85,5744,0,0,0.0861,Low Risk
6661-EIPZC,48,Month-to-month,DSL,Yes,No,Credit card (automatic),29.5,3194,0,0,0.0861,Low Risk
1022-RKXDR,41,One year,No,No internet service,No internet service,Mailed check,24.85,3089,0,0,0.0861,Low Risk
7816-VGHTO,6,Two year,DSL,Yes,No,Mailed check,40.55,2866,0,0,0.0859,Low Risk
1265-HVPZB,59,One year,DSL,No,Yes,Credit card (automatic),66.4,6432,0,0,0.0858,Low Risk
4419-UJMUS,69,Two year,Fiber optic,Yes,No,Electronic check,99.35,4637,0,0,0.0857,Low Risk
7951-QKZPL,33,Two year,No,No internet service,No internet service,Mailed check,24.5,5194,1,0,0.0856,Low Risk
0487-VVUVK,25,Month-to-month,No,No internet service,No internet service,Mailed check,19.15,3829,0,0,0.0856,Low Risk
3720-DBRWL,51,Two year,DSL,Yes,Yes,Credit card (automatic),83.85,5703,0,0,0.0855,Low Risk
8819-WFGGJ,68,Two year,DSL,No,Yes,Bank transfer (automatic),54.1,4601,0,0,0.0855,Low Risk
1194-BHJYC,61,Two year,DSL,Yes,Yes,Mailed check,62.15,6427,0,0,0.0853,Low Risk
5260-UMPWX,26,Month-to-month,No,No internet service,No internet service,Credit card (automatic),20.25,5158,0,0,0.0853,Low Risk
9795-NREXC,64,Two year,DSL,Yes,Yes,Credit card (automatic),85.0,5472,0,0,0.0852,Low Risk
1729-VLAZJ,10,One year,DSL,Yes,Yes,Mailed check,40.25,2876,0,0,0.0851,Low Risk
0967-BMLBD,11,One year,No,No internet service,No internet service,Mailed check,20.0,5837,0,0,0.0851,Low Risk
7572-KPVKK,62,Two year,Fiber optic,Yes,No,Electronic check,104.05,5900,0,0,0.0851,Low Risk
6447-EGDIV,31,One year,No,No internet service,No internet service,Mailed check,20.95,5772,0,0,0.085,Low Risk
6603-YRDCJ,33,Two year,DSL,Yes,Yes,Mailed check,61.05,3215,0,0,0.0848,Low Risk
9227-UAQFT,16,Two year,No,No internet service,No internet service,Mailed check,19.75,4272,0,0,0.0847,Low Risk
4423-JWZJN,64,One year,Fiber optic,No,No,Credit card (automatic),90.25,4799,0,0,0.0847,Low Risk
6993-YCOBK,60,Two year,Fiber optic,Yes,Yes,Electronic check,110.6,5756,0,0,0.0846,Low Risk
7109-CQYUZ,52,Two year,DSL,Yes,Yes,Mailed check,89.25,4624,0,0,0.0845,Low Risk
9670-BPNXF,45,One year,DSL,Yes,Yes,Credit card (automatic),62.55,2935,0,0,0.0843,Low Risk
5696-EXCYS,17,Two year,No,No internet service,No internet service,Credit card (automatic),19.45,5347,0,0,0.0842,Low Risk
6732-VAILE,70,Two year,DSL,Yes,No,Credit card (automatic),85.95,6354,0,0,0.0841,Low Risk
1866-DIOQZ,71,One year,DSL,Yes,Yes,Bank transfer (automatic),66.8,4698,0,0,0.0841,Low Risk
5393-HJZSM,32,Month-to-month,DSL,Yes,Yes,Bank transfer (automatic),76.3,5324,0,0,0.0841,Low Risk
5918-VUKWP,32,One year,No,No internet service,No internet service,Bank transfer (automatic),20.55,5358,0,0,0.0839,Low Risk
1038-RQOST,19,Month-to-month,No,No internet service,No internet service,Mailed check,20.6,2276,0,0,0.0839,Low Risk
4648-YPBTM,53,Two year,DSL,Yes,No,Bank transfer (automatic),73.9,5644,0,0,0.0837,Low Risk
7026-YMSBE,30,One year,No,No internet service,No internet service,Mailed check,19.7,3302,0,0,0.0835,Low Risk
3525-DVKFN,17,Two year,No,No internet service,No internet service,Mailed check,19.4,3561,0,0,0.0834,Low Risk
9822-BIIGN,53,Month-to-month,DSL,Yes,Yes,Electronic check,71.85,4903,0,0,0.0834,Low Risk
1301-LOPVR,29,One year,DSL,Yes,Yes,Credit card (automatic),55.35,5138,0,0,0.0833,Low Risk
4178-EGMON,70,Two year,Fiber optic,Yes,Yes,Credit card (automatic),88.0,4867,0,0,0.0832,Low Risk
5917-RYRMG,32,One year,No,No internet service,No internet service,Credit card (automatic),19.8,3836,0,0,0.0832,Low Risk
3982-JGSFD,36,One year,No,No internet service,No internet service,Credit card (automatic),20.35,3526,0,0,0.083,Low Risk
7269-JISCY,55,One year,DSL,No,No,Bank transfer (automatic),45.05,4055,0,0,0.0829,Low Risk
2277-AXSDC,32,One year,No,No internet service,No internet service,Bank transfer (automatic),19.75,4691,0,0,0.0828,Low Risk
0519-DRGTI,20,Month-to-month,No,No internet service,No internet service,Mailed check,20.35,2522,0,0,0.0827,Low Risk
5153-LXKDT,68,Two year,Fiber optic,No,Yes,Electronic check,110.2,4108,0,0,0.0827,Low Risk
9013-AQORL,48,Month-to-month,DSL,No,No,Credit card (automatic),45.55,4106,0,0,0.0825,Low Risk
9919-FZDED,72,Two year,DSL,No,Yes,Credit card (automatic),84.1,4671,0,0,0.0824,Low Risk
2164-SOQXL,20,Month-to-month,No,No internet service,No internet service,Mailed check,20.05,2698,0,0,0.0824,Low Risk
8707-HOEDG,70,Two year,Fiber optic,Yes,No,Electronic check,110.2,4098,0,0,0.0822,Low Risk
5578-NKCXI,58,One year,Fiber optic,No,Yes,Credit card (automatic),99.25,4098,0,0,0.0822,Low Risk
2088-IEBAU,68,Two year,DSL,Yes,Yes,Electronic check,88.15,5531,0,0,0.082,Low Risk
7401-JIXNM,54,Two year,DSL,Yes,Yes,Credit card (automatic),91.3,5907,0,0,0.082,Low Risk
0164-XAIRP,24,Two year,No,No internet service,No internet service,Bank transfer (automatic),19.55,2511,0,0,0.082,Low Risk
0661-KQHNK,6,One year,No,No internet service,No internet service,Credit card (automatic),19.0,5518,0,0,0.0817,Low Risk
1023-BQXZE,57,Two year,DSL,No,Yes,Bank transfer (automatic),74.35,5548,0,0,0.0816,Low Risk
7021-XSNYE,7,Two year,DSL,Yes,Yes,Credit card (automatic),49.65,2750,0,0,0.0816,Low Risk
1431-CYWMH,22,Month-to-month,No,No internet service,No internet service,Bank transfer (automatic),19.05,4312,0,0,0.0815,Low Risk
0559-CKHUS,29,Two year,No,No internet service,No internet service,Mailed check,19.55,5758,0,0,0.0815,Low Risk
3705-PSNGL,45,One year,No,No internet service,No internet service,Electronic check,20.4,5398,1,0,0.0814,Low Risk
4565-EVZMJ,47,One year,DSL,Yes,Yes,Mailed check,58.9,5774,0,0,0.0814,Low Risk
6631-HMANX,72,Two year,DSL,Yes,No,Credit card (automatic),85.45,5641,0,0,0.0814,Low Risk
1150-FTQGN,60,One year,Fiber optic,No,Yes,Bank transfer (automatic),94.15,6399,0,0,0.0813,Low Risk
6518-KZXCB,22,Two year,No,No internet service,No internet service,Mailed check,25.25,3403,0,0,0.0812,Low Risk
6549-BTYPG,60,Two year,DSL,Yes,No,Credit card (automatic),60.8,5784,0,0,0.0811,Low Risk
1088-CNNKB,63,One year,DSL,Yes,Yes,Credit card (automatic),80.0,5540,0,0,0.081,Low Risk
7945-HLKEA,60,One year,DSL,Yes,Yes,Electronic check,64.75,6408,0,0,0.081,Low Risk
4835-YSJMR,39,Two year,DSL,Yes,No,Bank transfer (automatic),49.8,2202,0,0,0.0809,Low Risk
6418-HNFED,51,Two year,DSL,Yes,Yes,Credit card (automatic),83.25,5340,0,0,0.0808,Low Risk
2129-ALKBS,40,Month-to-month,No,No internet service,No internet service,Electronic check,26.2,2211,0,0,0.0806,Low Risk
4560-WQAQW,59,One year,DSL,Yes,Yes,Bank transfer (automatic),68.7,4244,0,0,0.0806,Low Risk
6506-EYCNH,28,Month-to-month,No,No internet service,No internet service,Bank transfer (automatic),19.55,3948,0,0,0.0805,Low Risk
7328-OWMOM,31,One year,No,No internet service,No internet service,Credit card (automatic),20.1,3086,0,0,0.0804,Low Risk
4737-HOBAX,63,Two year,DSL,Yes,No,Credit card (automatic),79.8,4073,0,0,0.0804,Low Risk
7233-PAHHL,66,Two year,DSL,Yes,Yes,Mailed check,84.0,5825,0,0,0.0804,Low Risk
2000-DHJUY,70,Two year,DSL,Yes,Yes,Bank transfer (automatic),92.2,5264,0,0,0.0803,Low Risk
3266-FTKHB,17,Two year,No,No internet service,No internet service,Mailed check,19.15,2717,0,0,0.0802,Low Risk
3055-VTCGS,63,One year,DSL,No,No,Credit card (automatic),58.55,6312,0,0,0.0801,Low Risk
5232-NXPAY,47,Two year,DSL,Yes,No,Mailed check,74.45,3459,0,0,0.0801,Low Risk
1096-ADRUX,66,One year,Fiber optic,No,No,Bank transfer (automatic),74.25,4395,0,0,0.0801,Low Risk
5197-LQXXH,71,Two year,DSL,Yes,No,Credit card (automatic),83.3,4264,0,0,0.08,Low Risk
0916-KNFAJ,61,Two year,DSL,No,Yes,Mailed check,69.9,5117,0,0,0.0799,Low Risk
2520-SGTTA,0,Two year,No,No internet service,No internet service,Mailed check,20.0,3763,0,0,0.0799,Low Risk
4584-LBNMK,45,One year,No,No internet service,No internet service,Credit card (automatic),24.7,5644,0,0,0.0798,Low Risk
4254-QPEDE,52,Two year,DSL,Yes,Yes,Credit card (automatic),66.25,4275,0,0,0.0797,Low Risk
3891-NLXJB,37,Two year,DSL,Yes,Yes,Mailed check,40.55,4050,0,0,0.0797,Low Risk
9824-QCJPK,36,One year,No,No internet service,No internet service,Mailed check,20.0,4175,0,0,0.0795,Low Risk
5857-XRECV,2,One year,No,No internet service,No internet service,Bank transfer (automatic),20.5,4486,0,0,0.0795,Low Risk
3648-GZPHF,32,One year,DSL,Yes,No,Mailed check,36.25,2609,0,0,0.0794,Low Risk
9695-IDRZR,34,Two year,Fiber optic,Yes,Yes,Credit card (automatic),116.15,5104,0,0,0.0794,Low Risk
9170-GYZJC,41,Month-to-month,DSL,Yes,Yes,Credit card (automatic),79.9,4734,1,0,0.0793,Low Risk
7762-ONLJY,6,One year,No,No internet service,No internet service,Mailed check,19.7,4122,0,0,0.0792,Low Risk
8869-TORSS,48,One year,DSL,Yes,Yes,Credit card (automatic),60.35,2681,1,0,0.0791,Low Risk
4872-VXRIL,56,One year,DSL,Yes,Yes,Bank transfer (automatic),64.65,4656,0,0,0.079,Low Risk
6872-HXFNF,64,One year,DSL,Yes,No,Bank transfer (automatic),58.35,5331,0,0,0.0788,Low Risk
3486-KHMLI,21,Month-to-month,No,No internet service,No internet service,Mailed check,24.7,5403,0,0,0.0788,Low Risk
6166-YIPFO,72,Two year,DSL,Yes,Yes,Electronic check,64.7,6075,0,0,0.0787,Low Risk
4526-RMTLL,8,Two year,DSL,Yes,Yes,Credit card (automatic),76.15,4457,0,0,0.0787,Low Risk
7105-BENQF,15,One year,DSL,No,Yes,Mailed check,64.85,4442,0,0,0.0787,Low Risk
7503-MIOGA,72,Two year,DSL,Yes,Yes,Bank transfer (automatic),89.85,5881,0,0,0.0787,Low Risk
6810-VCAEX,47,One year,DSL,Yes,Yes,Credit card (automatic),39.65,4670,0,0,0.0786,Low Risk
1187-WILMM,63,Two year,DSL,Yes,Yes,Credit card (automatic),89.4,5004,0,0,0.0785,Low Risk
9715-WZCLW,71,Two year,Fiber optic,No,Yes,Electronic check,97.2,4603,0,0,0.0785,Low Risk
3324-OIRTO,71,One year,Fiber optic,No,Yes,Bank transfer (automatic),104.65,6101,0,0,0.0785,Low Risk
0459-SPZHJ,63,Two year,DSL,No,Yes,Credit card (automatic),83.5,4652,0,0,0.0782,Low Risk
1004-NOZNR,56,One year,Fiber optic,No,Yes,Credit card (automatic),94.8,5693,0,0,0.0778,Low Risk
3530-VWVGU,22,Month-to-month,No,No internet service,No internet service,Mailed check,19.9,5657,0,0,0.0778,Low Risk
6121-TNHBO,63,One year,DSL,Yes,Yes,Bank transfer (automatic),83.0,5428,0,0,0.0773,Low Risk
8782-NUUOL,60,One year,DSL,Yes,Yes,Mailed check,79.0,4807,0,0,0.0773,Low Risk
6242-FEGFD,66,Two year,Fiber optic,Yes,Yes,Mailed check,96.6,4454,0,0,0.0772,Low Risk
0731-EBJQB,52,One year,No,No internet service,No internet service,Electronic check,20.4,5482,0,0,0.0771,Low Risk
0455-ENTCR,66,Two year,DSL,Yes,Yes,Electronic check,85.25,5012,0,0,0.0771,Low Risk
2333-KWEWW,18,Two year,No,No internet service,No internet service,Credit card (automatic),20.05,2782,0,0,0.0771,Low Risk
7508-KBIMB,24,One year,DSL,No,Yes,Credit card (automatic),56.25,3607,0,0,0.0771,Low Risk
2990-OGYTD,67,Two year,DSL,Yes,No,Bank transfer (automatic),86.15,5037,0,0,0.077,Low Risk
0895-LNKRC,6,One year,No,No internet service,No internet service,Mailed check,19.45,3461,0,0,0.077,Low Risk
2302-OUZXB,72,Two year,DSL,No,No,Bank transfer (automatic),82.15,4552,0,0,0.0767,Low Risk
5871-DGTXZ,32,One year,No,No internet service,No internet service,Mailed check,19.8,4636,0,0,0.0766,Low Risk
4751-ERMAN,72,Two year,DSL,No,No,Bank transfer (automatic),75.4,4171,0,0,0.0766,Low Risk
7110-BDTWG,71,Two year,DSL,Yes,No,Electronic check,47.05,6302,0,0,0.0765,Low Risk
5446-DKWYW,61,One year,DSL,No,No,Electronic check,65.2,6238,0,0,0.0764,Low Risk
2877-VDUER,35,One year,DSL,Yes,No,Mailed check,40.9,5691,0,0,0.0763,Low Risk
2890-WFBHU,59,One year,DSL,Yes,Yes,Credit card (automatic),79.85,6041,0,0,0.0761,Low Risk
8515-OCTJS,25,Two year,No,No internet service,No internet service,Credit card (automatic),24.75,4931,1,0,0.0761,Low Risk
8331-ZXFOE,58,One year,DSL,Yes,Yes,Credit card (automatic),71.1,5395,0,0,0.0761,Low Risk
8512-WIWYV,32,One year,No,No internet service,No internet service,Credit card (automatic),20.35,2433,0,0,0.076,Low Risk
4385-ZKVNW,44,Month-to-month,DSL,Yes,No,Bank transfer (automatic),54.9,4412,0,0,0.076,Low Risk
7644-OMVMY,0,Two year,No,No internet service,No internet service,Mailed check,19.85,2019,0,0,0.076,Low Risk
4072-IPYLT,36,Month-to-month,DSL,No,Yes,Credit card (automatic),51.05,2161,0,0,0.076,Low Risk
7758-UJWYS,34,Two year,DSL,Yes,No,Electronic check,40.55,3897,0,0,0.0759,Low Risk
1535-VTJOQ,24,Two year,No,No internet service,No internet service,Credit card (automatic),25.15,3904,0,0,0.0759,Low Risk
9385-NXKDA,72,Two year,DSL,No,Yes,Credit card (automatic),82.65,4324,0,0,0.0758,Low Risk
3865-ZFZIB,19,Two year,No,No internet service,No internet service,Mailed check,19.65,5596,0,0,0.0758,Low Risk
0129-QMPDR,44,One year,No,No internet service,No internet service,Bank transfer (automatic),20.5,3093,0,0,0.0757,Low Risk
8398-TBIYD,72,Two year,Fiber optic,Yes,Yes,Bank transfer (automatic),84.7,4520,0,0,0.0756,Low Risk
3372-CDXFJ,13,One year,No,No internet service,No internet service,Bank transfer (automatic),24.5,5077,0,0,0.0756,Low Risk
8174-TBVCF,70,Two year,DSL,Yes,Yes,Credit card (automatic),94.8,5072,0,0,0.0755,Low Risk
3458-IDMFK,25,Two year,No,No internet service,No internet service,Mailed check,20.75,5161,0,0,0.0754,Low Risk
2830-LEWOA,61,One year,Fiber optic,Yes,No,Credit card (automatic),103.9,4079,0,0,0.0753,Low Risk
7641-TQFHN,39,Two year,Fiber optic,Yes,No,Mailed check,100.55,3124,0,0,0.0752,Low Risk
8200-LGKSR,71,Two year,DSL,Yes,Yes,Electronic check,83.2,5350,0,0,0.0747,Low Risk
5893-PYOLZ,56,Two year,DSL,Yes,No,Credit card (automatic),81.8,4399,0,0,0.0745,Low Risk
2521-NPUZR,70,Two year,Fiber optic,Yes,Yes,Credit card (automatic),101.0,5025,0,0,0.0745,Low Risk
7596-IIWYC,27,Two year,No,No internet service,No internet service,Bank transfer (automatic),20.25,5250,0,0,0.0744,Low Risk
1247-QBVSH,43,Month-to-month,DSL,No,No,Mailed check,50.2,5284,0,0,0.0744,Low Risk
0795-LAFGP,71,Two year,DSL,Yes,Yes,Electronic check,90.4,5633,0,0,0.0743,Low Risk
9548-LERKT,24,Two year,No,No internet service,No internet service,Mailed check,19.75,3455,0,0,0.0742,Low Risk
8745-PVESG,57,One year,DSL,Yes,Yes,Credit card (automatic),41.1,5281,0,0,0.074,Low Risk
1139-WUOAH,57,Two year,DSL,Yes,No,Credit card (automatic),53.35,5461,0,0,0.0739,Low Risk
9705-ZJBCG,13,One year,DSL,Yes,Yes,Bank transfer (automatic),54.15,4977,0,0,0.0739,Low Risk
9018-PCIOK,55,Two year,DSL,No,No,Mailed check,64.75,4634,0,0,0.0739,Low Risk
5269-NRGDP,42,One year,DSL,Yes,No,Electronic check,73.15,2531,0,0,0.0738,Low Risk
2225-ZRGSG,70,Two year,Fiber optic,Yes,Yes,Bank transfer (automatic),93.9,6173,1,0,0.0737,Low Risk
8681-ICONS,29,Month-to-month,No,No internet service,No internet service,Mailed check,20.65,4667,0,0,0.0735,Low Risk
4826-DXMUP,35,One year,DSL,Yes,No,Mailed check,72.1,5510,0,0,0.0734,Low Risk
5148-HKFIR,20,Two year,No,No internet service,No internet service,Mailed check,19.7,4404,0,0,0.0734,Low Risk
0979-MOZQI,62,Two year,DSL,Yes,No,Bank transfer (automatic),39.0,4987,0,0,0.0734,Low Risk
1568-LJSZU,68,Two year,DSL,Yes,Yes,Credit card (automatic),92.2,4451,0,0,0.0728,Low Risk
9391-LMANN,53,One year,Fiber optic,No,Yes,Electronic check,95.95,4523,0,0,0.0727,Low Risk
0020-JDNXP,34,One year,DSL,Yes,Yes,Mailed check,61.25,3607,0,0,0.0726,Low Risk
4702-HDRKD,67,One year,DSL,Yes,Yes,Bank transfer (automatic),49.35,5905,0,0,0.0726,Low Risk
2408-PSJVE,44,Month-to-month,DSL,Yes,No,Mailed check,61.9,4388,0,0,0.0726,Low Risk
3401-URHDA,51,One year,DSL,Yes,Yes,Credit card (automatic),59.9,5233,0,0,0.0725,Low Risk
6120-RJKLU,62,Two year,DSL,Yes,Yes,Credit card (automatic),79.95,6488,0,0,0.0725,Low Risk
3911-RSNHI,71,Two year,DSL,Yes,No,Credit card (automatic),61.4,5119,0,0,0.0724,Low Risk
5514-YQENT,41,Two year,Fiber optic,Yes,Yes,Electronic check,111.15,5038,0,0,0.0723,Low Risk
4615-PIVVU,42,Two year,DSL,Yes,No,Credit card (automatic),66.5,4668,0,0,0.0722,Low Risk
6963-EZQEE,70,Two year,DSL,Yes,Yes,Credit card (automatic),88.55,4097,0,0,0.0721,Low Risk
9308-ANMVE,47,Month-to-month,DSL,No,Yes,Electronic check,55.3,5491,0,0,0.072,Low Risk
2612-PHGOX,64,Two year,DSL,Yes,No,Bank transfer (automatic),76.1,4222,0,0,0.072,Low Risk
9402-ROUMJ,67,One year,Fiber optic,Yes,Yes,Bank transfer (automatic),100.25,5588,0,0,0.072,Low Risk
6265-SXWBU,69,One year,Fiber optic,No,No,Credit card (automatic),95.75,5561,0,0,0.0719,Low Risk
2292-XQWSV,40,One year,DSL,Yes,No,Mailed check,60.3,3724,0,0,0.0718,Low Risk
3423-HHXAO,14,One year,No,No internet service,No internet service,Mailed check,19.5,2993,0,0,0.0717,Low Risk
7138-GIRSH,50,Two year,DSL,Yes,No,Bank transfer (automatic),69.5,4145,0,0,0.0717,Low Risk
5702-KVQRD,71,Two year,DSL,Yes,Yes,Electronic check,82.55,4668,0,0,0.0716,Low Risk
6258-PVZWJ,68,Two year,DSL,Yes,Yes,Credit card (automatic),90.8,4265,0,0,0.0716,Low Risk
2863-IMQDR,61,Two year,DSL,Yes,Yes,Electronic check,89.65,6149,0,0,0.0716,Low Risk
3935-TBRZZ,44,One year,No,No internet service,No internet service,Mailed check,25.7,3037,0,0,0.0714,Low Risk
9715-SBVSU,14,Two year,DSL,No,Yes,Bank transfer (automatic),61.4,3186,0,0,0.0714,Low Risk
3441-CGZJH,43,One year,DSL,Yes,Yes,Credit card (automatic),60.4,2725,0,0,0.0713,Low Risk
4115-UMJFQ,69,One year,DSL,No,No,Bank transfer (automatic),35.75,4043,0,0,0.0713,Low Risk
3146-MSEGF,72,Two year,DSL,Yes,Yes,Credit card (automatic),88.05,6102,0,0,0.0712,Low Risk
6248-TKCQV,70,Two year,DSL,Yes,Yes,Bank transfer (automatic),80.6,5880,0,0,0.0711,Low Risk
2887-JPYLU,41,Month-to-month,DSL,No,No,Bank transfer (automatic),45.2,4418,0,0,0.071,Low Risk
8144-DGHXP,54,Two year,DSL,Yes,Yes,Electronic check,80.6,4231,0,0,0.0708,Low Risk
4129-LYCOI,67,Two year,Fiber optic,Yes,No,Electronic check,104.0,4741,0,0,0.0708,Low Risk
2330-PQGDQ,51,One year,Fiber optic,Yes,No,Bank transfer (automatic),84.2,4952,0,0,0.0707,Low Risk
8932-CZHRQ,68,One year,DSL,No,Yes,Credit card (automatic),76.75,5395,0,0,0.0707,Low Risk
1452-XRSJV,39,Month-to-month,DSL,No,Yes,Credit card (automatic),51.05,3154,0,0,0.0707,Low Risk
7609-YBPXG,54,Two year,DSL,Yes,Yes,Bank transfer (automatic),87.1,5418,0,0,0.0706,Low Risk
8345-MVDYC,45,Two year,DSL,Yes,Yes,Bank transfer (automatic),81.65,5937,0,0,0.0706,Low Risk
6339-RZCBJ,48,Two year,DSL,Yes,No,Credit card (automatic),78.9,4063,0,0,0.0706,Low Risk
0993-OSGPT,68,One year,DSL,Yes,No,Bank transfer (automatic),60.65,6418,0,0,0.0705,Low Risk
9677-AVKED,53,One year,DSL,Yes,No,Electronic check,84.6,4733,0,0,0.0705,Low Risk
9871-ELEYA,34,Two year,DSL,Yes,Yes,Credit card (automatic),67.65,4263,0,0,0.0705,Low Risk
8100-PNJMH,68,Two year,DSL,Yes,Yes,Credit card (automatic),88.85,5228,0,0,0.0704,Low Risk
9362-MWODR,40,Month-to-month,DSL,Yes,Yes,Credit card (automatic),64.1,5056,0,0,0.0704,Low Risk
9470-YFUYI,71,One year,DSL,Yes,Yes,Bank transfer (automatic),71.0,5247,0,0,0.0703,Low Risk
1293-HHSHJ,35,One year,No,No internet service,No internet service,Mailed check,21.1,5707,0,0,0.0703,Low Risk
3249-VHRIP,62,Two year,DSL,No,No,Credit card (automatic),43.6,4507,0,0,0.0703,Low Risk
8510-BBWMU,41,One year,No,No internet service,No internet service,Mailed check,19.75,5678,0,0,0.0702,Low Risk
0221-NAUXK,10,One year,No,No internet service,No internet service,Bank transfer (automatic),19.95,3044,0,0,0.0701,Low Risk
6195-MELTI,57,One year,DSL,Yes,No,Mailed check,54.65,4223,0,0,0.0701,Low Risk
8741-LQOBK,46,Month-to-month,DSL,No,Yes,Bank transfer (automatic),35.05,4829,0,0,0.0701,Low Risk
0980-FEXWF,26,One year,DSL,No,No,Mailed check,50.35,3386,0,0,0.07,Low Risk
3398-GCPMU,72,Two year,DSL,Yes,Yes,Credit card (automatic),89.55,4993,0,0,0.0698,Low Risk
5816-JMLGY,70,Two year,DSL,Yes,No,Bank transfer (automatic),80.4,6367,0,0,0.0698,Low Risk
6967-PEJLL,37,One year,DSL,Yes,Yes,Electronic check,40.2,2308,0,0,0.0697,Low Risk
5924-SNGKP,41,One year,No,No internet service,No internet service,Credit card (automatic),20.25,3972,0,0,0.0694,Low Risk
8884-FEEWR,35,One year,No,No internet service,No internet service,Bank transfer (automatic),20.6,2858,0,0,0.0694,Low Risk
9063-ZGTUY,61,Month-to-month,No,No internet service,No internet service,Mailed check,19.4,4221,1,0,0.0694,Low Risk
4537-CIBHB,9,One year,No,No internet service,No internet service,Mailed check,20.25,4272,0,0,0.0693,Low Risk
6223-DHJGV,42,One year,No,No internet service,No internet service,Mailed check,20.65,5956,0,0,0.0692,Low Risk
8197-BFWVU,72,Two year,DSL,Yes,Yes,Bank transfer (automatic),93.25,5197,0,0,0.0691,Low Risk
3721-WKIIL,27,Two year,No,No internet service,No internet service,Mailed check,19.6,2896,0,0,0.069,Low Risk
0565-IYCGT,69,One year,DSL,Yes,Yes,Credit card (automatic),78.6,6230,1,0,0.069,Low Risk
2400-XIWIO,71,Two year,DSL,Yes,Yes,Electronic check,90.1,5054,0,0,0.069,Low Risk
5248-KWLAR,71,Two year,DSL,Yes,Yes,Electronic check,90.35,6483,0,0,0.0689,Low Risk
5062-CJJKH,25,One year,DSL,No,No,Mailed check,53.65,5854,0,0,0.0688,Low Risk
8565-WUXZU,72,Two year,Fiber optic,Yes,Yes,Credit card (automatic),84.8,4240,0,0,0.0687,Low Risk
4616-ULAOA,65,Two year,Fiber optic,Yes,No,Credit card (automatic),110.8,6332,0,0,0.0687,Low Risk
7552-KEYGT,27,Two year,No,No internet service,No internet service,Bank transfer (automatic),19.55,4430,0,0,0.0686,Low Risk
4451-RWASJ,15,One year,No,No internet service,No internet service,Mailed check,19.5,5471,0,0,0.0684,Low Risk
8672-OAUPW,51,One year,DSL,Yes,No,Credit card (automatic),47.85,4138,0,0,0.0684,Low Risk
1084-MNSMJ,51,Two year,DSL,Yes,Yes,Credit card (automatic),85.5,6261,0,0,0.0684,Low Risk
4538-WNTMJ,46,One year,No,No internet service,No internet service,Mailed check,24.95,3979,0,0,0.0683,Low Risk
9509-MPYOD,35,One year,No,No internet service,No internet service,Mailed check,20.75,4261,0,0,0.0682,Low Risk
1227-UDMZR,72,Two year,DSL,Yes,Yes,Bank transfer (automatic),91.15,4311,0,0,0.0681,Low Risk
8184-WMOFI,62,One year,DSL,Yes,Yes,Credit card (automatic),71.4,5327,0,0,0.0681,Low Risk
6434-TTGJP,10,Two year,DSL,Yes,Yes,Credit card (automatic),53.7,5671,0,0,0.0681,Low Risk
3315-IKYZQ,28,One year,DSL,Yes,Yes,Mailed check,50.8,3240,0,0,0.0681,Low Risk
0960-HUWBM,65,Two year,Fiber optic,Yes,No,Bank transfer (automatic),104.1,4024,0,0,0.068,Low Risk
4703-MQYKT,21,Two year,No,No internet service,No internet service,Mailed check,19.6,4562,0,0,0.068,Low Risk
8125-QPFJD,72,Two year,DSL,Yes,Yes,Bank transfer (automatic),84.9,4447,0,0,0.0679,Low Risk
1114-CENIM,54,Month-to-month,DSL,No,No,Credit card (automatic),55.0,5282,1,0,0.0678,Low Risk
9253-VIFJQ,65,One year,DSL,No,Yes,Credit card (automatic),67.05,5224,0,0,0.0678,Low Risk
3022-BEXHZ,67,Two year,Fiber optic,Yes,No,Bank transfer (automatic),111.2,6060,0,0,0.0677,Low Risk
2724-FJDYW,39,One year,DSL,Yes,No,Bank transfer (automatic),54.85,3884,0,0,0.0676,Low Risk
2192-CKRLV,72,Two year,DSL,No,Yes,Electronic check,49.2,4700,0,0,0.0675,Low Risk
4039-PIMHX,49,Two year,DSL,No,No,Mailed check,49.8,4306,0,0,0.0675,Low Risk
9805-FILKB,46,One year,No,No internet service,No internet service,Bank transfer (automatic),20.2,2325,0,0,0.0674,Low Risk
8469-SNFFH,70,One year,DSL,Yes,Yes,Bank transfer (automatic),79.4,5991,0,0,0.0673,Low Risk
2226-ICFDO,72,Two year,DSL,Yes,Yes,Credit card (automatic),85.9,6361,0,0,0.0673,Low Risk
9778-OGKQZ,72,Two year,DSL,Yes,Yes,Credit card (automatic),92.0,5883,0,0,0.0672,Low Risk
1971-DTCZB,72,Two year,DSL,Yes,Yes,Bank transfer (automatic),90.95,6091,0,0,0.0671,Low Risk
6616-AALSR,65,Two year,Fiber optic,No,Yes,Credit card (automatic),104.3,4997,0,0,0.0671,Low Risk
3654-ARMGP,61,Two year,DSL,Yes,No,Credit card (automatic),88.65,4730,0,0,0.067,Low Risk
7131-ZQZNK,60,Two year,DSL,Yes,Yes,Credit card (automatic),59.85,5790,0,0,0.067,Low Risk
1402-PTHGN,18,One year,DSL,Yes,Yes,Mailed check,61.5,3479,0,0,0.067,Low Risk
9675-ICXCT,72,Two year,DSL,Yes,Yes,Electronic check,80.8,4689,0,0,0.067,Low Risk
7579-KKLOE,71,Two year,DSL,Yes,Yes,Mailed check,91.25,5529,0,0,0.067,Low Risk
8390-FESFV,62,Two year,DSL,Yes,No,Bank transfer (automatic),84.5,5466,0,0,0.0669,Low Risk
0123-CRBRT,61,Two year,DSL,Yes,Yes,Mailed check,88.1,5152,0,0,0.0667,Low Risk
9359-UGBTK,67,One year,DSL,Yes,Yes,Bank transfer (automatic),72.35,4910,0,0,0.0664,Low Risk
2581-VKIRT,59,One year,DSL,Yes,Yes,Mailed check,65.5,5631,0,0,0.0663,Low Risk
8661-BOYNW,72,Two year,DSL,Yes,Yes,Credit card (automatic),84.4,5046,0,0,0.0663,Low Risk
4890-VMUAV,63,One year,DSL,Yes,Yes,Electronic check,71.5,5342,0,0,0.0662,Low Risk
9565-FLVCG,65,Two year,DSL,No,Yes,Mailed check,69.55,5420,0,0,0.0661,Low Risk
3649-JPUGY,72,Two year,DSL,Yes,No,Bank transfer (automatic),88.6,5842,0,0,0.0658,Low Risk
3724-BSCVH,10,One year,No,No internet service,No internet service,Mailed check,20.45,4613,0,0,0.0656,Low Risk
2192-OZITF,45,Two year,DSL,Yes,Yes,Mailed check,73.55,2280,0,0,0.0656,Low Risk
9073-ZZIAY,62,Two year,DSL,Yes,Yes,Electronic check,86.1,5769,0,0,0.0656,Low Risk
2056-EVGZL,68,One year,Fiber optic,Yes,No,Credit card (automatic),105.75,4437,0,0,0.0656,Low Risk
8218-FFJDS,72,Two year,DSL,Yes,Yes,Bank transfer (automatic),86.4,6114,0,0,0.0654,Low Risk
6586-MYGKD,70,Two year,DSL,Yes,Yes,Credit card (automatic),76.95,6280,0,0,0.0653,Low Risk
8717-VCTXJ,42,One year,No,No internet service,No internet service,Mailed check,19.55,5293,0,0,0.0653,Low Risk
7925-PNRGI,45,Month-to-month,DSL,Yes,Yes,Mailed check,81.3,3111,0,0,0.0651,Low Risk
0266-CLZKZ,67,Two year,Fiber optic,Yes,No,Bank transfer (automatic),105.65,6383,0,0,0.0649,Low Risk
3638-WEABW,58,Two year,DSL,Yes,No,Credit card (automatic),59.9,6407,0,0,0.0648,Low Risk
3957-SQXML,34,Two year,No,No internet service,No internet service,Credit card (automatic),24.95,5408,0,0,0.0645,Low Risk
0378-XSZPU,58,One year,DSL,No,Yes,Credit card (automatic),60.3,4026,1,0,0.0645,Low Risk
8015-IHCGW,72,Two year,Fiber optic,Yes,Yes,Electronic check,115.5,4017,0,0,0.0644,Low Risk
5442-BXVND,33,Month-to-month,No,No internet service,No internet service,Bank transfer (automatic),24.25,5531,0,0,0.0643,Low Risk
3161-ONRWK,60,One year,DSL,Yes,Yes,Bank transfer (automatic),65.85,4053,0,0,0.0643,Low Risk
6681-ZSEXG,56,Two year,DSL,No,No,Credit card (automatic),59.5,5477,0,0,0.0642,Low Risk
8690-UPCZI,29,One year,DSL,Yes,Yes,Bank transfer (automatic),69.05,4459,0,0,0.0642,Low Risk
0230-UBYPQ,63,One year,DSL,Yes,Yes,Bank transfer (automatic),36.1,5089,0,0,0.0642,Low Risk
6586-PSJOX,15,One year,DSL,Yes,No,Credit card (automatic),55.2,3608,0,0,0.064,Low Risk
6048-NJXHX,41,Two year,No,No internet service,No internet service,Electronic check,19.75,2011,0,0,0.064,Low Risk
2205-LPVGL,58,One year,Fiber optic,Yes,Yes,Bank transfer (automatic),89.85,5035,0,0,0.0639,Low Risk
9339-FIIJL,72,Two year,DSL,Yes,No,Bank transfer (automatic),85.95,6450,0,0,0.0638,Low Risk
2171-UDMFD,32,Month-to-month,No,No internet service,No internet service,Credit card (automatic),19.45,4363,0,0,0.0638,Low Risk
1832-PEUTS,62,Two year,Fiber optic,No,No,Credit card (automatic),89.1,5995,0,0,0.0637,Low Risk
2812-REYAT,49,One year,No,No internet service,No internet service,Bank transfer (automatic),20.05,5579,0,0,0.0636,Low Risk
6203-HBZPA,52,Two year,DSL,Yes,Yes,Credit card (automatic),63.9,5380,0,0,0.0636,Low Risk
8859-AXJZP,39,Two year,No,No internet service,No internet service,Mailed check,23.8,3970,0,0,0.0634,Low Risk
5061-PBXFW,32,Month-to-month,DSL,Yes,Yes,Bank transfer (automatic),61.4,2649,0,0,0.0632,Low Risk
5982-PSMKW,23,Two year,DSL,Yes,Yes,Credit card (automatic),91.1,5991,0,0,0.063,Low Risk
6427-FEFIG,24,Two year,DSL,No,Yes,Credit card (automatic),78.6,2939,0,0,0.063,Low Risk
5980-BDHPY,72,Two year,DSL,Yes,Yes,Bank transfer (automatic),87.1,5993,0,0,0.0629,Low Risk
4568-KNYWR,52,Two year,DSL,No,Yes,Credit card (automatic),63.25,6471,0,0,0.0629,Low Risk
5997-OPVFA,72,Two year,DSL,Yes,Yes,Bank transfer (automatic),89.05,6212,0,0,0.0628,Low Risk
3908-MKIMJ,68,Two year,DSL,No,Yes,Electronic check,41.95,5607,0,0,0.0627,Low Risk
8169-SAEJD,69,Two year,DSL,No,Yes,Credit card (automatic),56.55,4162,0,0,0.0627,Low Risk
1163-VIPRI,65,Two year,Fiber optic,Yes,Yes,Electronic check,109.3,6087,0,0,0.0626,Low Risk
3486-NPGST,36,One year,No,No internet service,No internet service,Mailed check,19.55,2691,0,0,0.0625,Low Risk
8204-YJCLA,72,Two year,DSL,Yes,Yes,Bank transfer (automatic),64.8,4886,0,0,0.0624,Low Risk
2274-XUATA,72,Two year,DSL,Yes,Yes,Bank transfer (automatic),63.1,4933,0,0,0.0624,Low Risk
9479-HYNYL,71,Two year,DSL,Yes,No,Credit card (automatic),80.7,5617,0,0,0.0623,Low Risk
3108-PCCGG,72,Two year,DSL,No,Yes,Credit card (automatic),84.45,5856,0,0,0.0621,Low Risk
8327-WKMIE,37,One year,No,No internet service,No internet service,Credit card (automatic),20.15,4422,0,0,0.062,Low Risk
8098-TDCBU,42,Two year,No,No internet service,No internet service,Electronic check,25.25,3052,0,0,0.062,Low Risk
0436-TWFFZ,67,Two year,DSL,Yes,Yes,Mailed check,85.25,6322,0,0,0.0619,Low Risk
0909-SELIE,61,Two year,DSL,Yes,Yes,Bank transfer (automatic),80.8,4302,0,0,0.0619,Low Risk
5372-FBKBN,21,Month-to-month,No,No internet service,No internet service,Mailed check,20.75,2143,0,0,0.0619,Low Risk
0661-KBKPA,53,One year,DSL,Yes,No,Mailed check,78.75,5052,0,0,0.0618,Low Risk
0323-XWWTN,3,Two year,No,No internet service,No internet service,Mailed check,26.4,4315,0,0,0.0618,Low Risk
3612-YUNGG,64,Two year,Fiber optic,Yes,No,Credit card (automatic),109.2,5543,0,0,0.0618,Low Risk
8060-HIWJJ,64,Two year,DSL,Yes,No,Credit card (automatic),86.55,4934,0,0,0.0618,Low Risk
9477-LGWQI,70,Two year,DSL,No,Yes,Credit card (automatic),80.15,5715,0,0,0.0617,Low Risk
5317-FLPJF,66,Two year,DSL,Yes,Yes,Bank transfer (automatic),61.35,4824,0,0,0.0615,Low Risk
5458-CQJTA,65,Two year,DSL,Yes,Yes,Bank transfer (automatic),74.8,5207,1,0,0.0614,Low Risk
3363-DTIVD,71,Two year,Fiber optic,No,Yes,Electronic check,105.55,5010,0,0,0.0613,Low Risk
8958-JPTRR,56,One year,No,No internet service,No internet service,Electronic check,24.3,5052,0,0,0.0612,Low Risk
5248-YGIJN,72,Two year,DSL,Yes,Yes,Credit card (automatic),90.25,5974,0,0,0.0611,Low Risk
1090-PYKCI,69,One year,Fiber optic,Yes,Yes,Credit card (automatic),105.1,4686,0,0,0.061,Low Risk
3026-ATZYV,37,One year,DSL,No,Yes,Bank transfer (automatic),75.1,4131,0,0,0.0608,Low Risk
5975-BAICR,36,One year,DSL,No,Yes,Credit card (automatic),63.7,2504,0,0,0.0608,Low Risk
8181-YHCMF,68,Two year,DSL,Yes,No,Credit card (automatic),60.3,4864,0,0,0.0608,Low Risk
1951-IEYXM,72,Two year,DSL,Yes,Yes,Credit card (automatic),90.6,4528,0,0,0.0608,Low Risk
6682-QJDGB,40,Month-to-month,DSL,No,Yes,Mailed check,55.25,2810,1,0,0.0606,Low Risk
2977-CEBSX,66,Two year,DSL,Yes,Yes,Credit card (automatic),90.05,5813,0,0,0.0606,Low Risk
7508-DQAKK,64,Two year,DSL,Yes,Yes,Credit card (automatic),86.4,6474,0,0,0.0606,Low Risk
6701-YVNQG,72,Two year,DSL,Yes,Yes,Credit card (automatic),88.7,5764,0,0,0.0605,Low Risk
7190-XHTWJ,38,One year,No,No internet service,No internet service,Mailed check,19.3,4705,0,0,0.0603,Low Risk
5003-XZWWO,71,Two year,DSL,Yes,No,Credit card (automatic),84.2,4753,0,0,0.0601,Low Risk
3489-VSFRD,56,One year,DSL,Yes,Yes,Credit card (automatic),60.25,4835,0,0,0.0601,Low Risk
6685-GBWJZ,63,One year,DSL,Yes,Yes,Credit card (automatic),70.8,5114,0,0,0.06,Low Risk
7025-WCBNE,47,Two year,DSL,Yes,No,Bank transfer (automatic),59.6,3155,0,0,0.06,Low Risk
9548-LIGTA,61,Two year,DSL,Yes,Yes,Mailed check,81.05,4072,0,0,0.0599,Low Risk
7975-JMZNT,66,Two year,DSL,Yes,Yes,Bank transfer (automatic),91.7,5453,0,0,0.0599,Low Risk
9447-YPTBX,50,One year,No,No internet service,No internet service,Bank transfer (automatic),19.85,4358,0,0,0.0597,Low Risk
1015-JPFYW,7,One year,No,No internet service,No internet service,Mailed check,19.45,5084,0,0,0.0596,Low Risk
7054-DMVAS,54,Two year,DSL,No,Yes,Bank transfer (automatic),65.3,4556,0,0,0.0595,Low Risk
8766-PAFNE,71,Two year,DSL,Yes,No,Credit card (automatic),79.1,5872,0,0,0.0594,Low Risk
0862-PRCBS,68,Two year,Fiber optic,Yes,No,Credit card (automatic),103.75,4121,0,0,0.0594,Low Risk
2868-LLSKM,68,One year,Fiber optic,Yes,No,Bank transfer (automatic),83.65,5958,0,0,0.0593,Low Risk
0617-AQNWT,64,Two year,DSL,Yes,Yes,Electronic check,47.85,6347,1,0,0.0593,Low Risk
4676-WLUHT,54,Two year,DSL,No,Yes,Bank transfer (automatic),46.2,6143,0,0,0.0592,Low Risk
4291-YZODP,7,One year,No,No internet service,No internet service,Mailed check,20.05,3810,0,0,0.0591,Low Risk
5313-FPXWG,51,One year,No,No internet service,No internet service,Bank transfer (automatic),24.6,4886,0,0,0.059,Low Risk
0383-CLDDA,69,Two year,DSL,Yes,Yes,Credit card (automatic),85.35,6499,0,0,0.0589,Low Risk
1395-WSWXR,24,Two year,No,No internet service,No internet service,Mailed check,20.75,4117,0,0,0.0589,Low Risk
5456-ITGIC,72,Two year,DSL,Yes,Yes,Credit card (automatic),64.45,5295,0,0,0.0587,Low Risk
5387-ASZNZ,66,One year,DSL,Yes,Yes,Credit card (automatic),63.85,4657,0,0,0.0587,Low Risk
5380-XPJNZ,38,One year,No,No internet service,No internet service,Mailed check,20.05,4539,0,0,0.0587,Low Risk
9127-FHJBZ,72,Two year,Fiber optic,Yes,Yes,Electronic check,114.0,4558,0,0,0.0587,Low Risk
5125-CNDSP,63,One year,DSL,Yes,Yes,Bank transfer (automatic),40.6,6406,0,0,0.0586,Low Risk
8050-DVOJX,49,Two year,DSL,Yes,Yes,Credit card (automatic),81.35,4537,0,0,0.0585,Low Risk
1122-YJBCS,69,One year,DSL,No,Yes,Credit card (automatic),53.65,6092,0,0,0.0585,Low Risk
1036-GUDCL,60,Month-to-month,DSL,Yes,Yes,Credit card (automatic),79.05,5275,0,0,0.0584,Low Risk
5451-MHQOF,56,One year,No,No internet service,No internet service,Mailed check,24.45,5623,0,0,0.0582,Low Risk
9711-FJTBX,56,One year,Fiber optic,Yes,No,Mailed check,85.85,5058,0,0,0.0581,Low Risk
0401-WDBXM,72,Two year,Fiber optic,No,Yes,Bank transfer (automatic),105.55,4331,0,0,0.058,Low Risk
4018-KJYUY,22,Month-to-month,No,No internet service,No internet service,Credit card (automatic),20.15,2722,0,0,0.058,Low Risk
0214-JHPFW,70,Two year,DSL,Yes,No,Bank transfer (automatic),57.8,5640,0,0,0.0579,Low Risk
3740-RLMVT,67,One year,DSL,Yes,Yes,Bank transfer (automatic),60.95,5792,0,0,0.0579,Low Risk
3580-HYCSP,72,Two year,Fiber optic,No,Yes,Bank transfer (automatic),110.3,5780,0,0,0.0579,Low Risk
8591-TKMZH,59,Two year,Fiber optic,Yes,Yes,Mailed check,111.1,4952,0,0,0.0578,Low Risk
7255-SSFBC,72,Two year,Fiber optic,Yes,No,Bank transfer (automatic),112.25,4099,0,0,0.0576,Low Risk
5676-CFLYY,71,Two year,DSL,Yes,No,Credit card (automatic),73.35,5124,0,0,0.0576,Low Risk
2805-AUFQN,25,Two year,No,No internet service,No internet service,Credit card (automatic),19.8,3875,0,0,0.0575,Low Risk
9803-FTJCG,71,One year,DSL,Yes,Yes,Credit card (automatic),66.85,4117,0,0,0.0575,Low Risk
9150-HEPMB,56,One year,DSL,No,Yes,Mailed check,52.7,4753,0,0,0.0575,Low Risk
9489-DEDVP,70,Two year,DSL,No,Yes,Credit card (automatic),69.2,4715,0,0,0.0574,Low Risk
3638-VBZTA,68,Two year,DSL,Yes,Yes,Bank transfer (automatic),86.5,4280,0,0,0.0573,Low Risk
5986-WWXDV,39,One year,No,No internet service,No internet service,Bank transfer (automatic),19.35,2607,0,0,0.0571,Low Risk
8901-UPRHR,72,Two year,Fiber optic,Yes,No,Bank transfer (automatic),109.2,6130,0,0,0.057,Low Risk
4323-ELYYB,13,One year,No,No internet service,No internet service,Mailed check,20.0,5651,0,0,0.057,Low Risk
5485-ITNPC,66,Two year,DSL,Yes,Yes,Bank transfer (automatic),85.9,5137,0,0,0.0568,Low Risk
3407-JMJQQ,71,Two year,Fiber optic,No,Yes,Bank transfer (automatic),109.0,4204,0,0,0.0568,Low Risk
4057-FKCZK,58,Two year,Fiber optic,No,No,Bank transfer (automatic),82.5,4348,0,0,0.0568,Low Risk
9140-CZQZZ,68,Two year,DSL,Yes,Yes,Bank transfer (automatic),79.6,5601,0,0,0.0568,Low Risk
6701-DHKWQ,61,Two year,DSL,Yes,No,Credit card (automatic),51.35,4159,0,0,0.0566,Low Risk
0902-RFHOF,38,One year,No,No internet service,No internet service,Mailed check,20.1,2907,0,0,0.0565,Low Risk
0839-JTCUD,66,Two year,DSL,Yes,Yes,Credit card (automatic),89.9,4082,0,0,0.0564,Low Risk
7781-HVGMK,72,Two year,DSL,Yes,Yes,Credit card (automatic),65.2,5092,0,0,0.0563,Low Risk
1265-ZFOSD,64,Two year,DSL,Yes,Yes,Mailed check,81.3,5254,0,0,0.0561,Low Risk
5130-YPIRV,62,Two year,DSL,No,Yes,Credit card (automatic),72.0,6489,0,0,0.0561,Low Risk
1042-HFUCW,25,One year,DSL,Yes,No,Credit card (automatic),54.75,5136,0,0,0.0561,Low Risk
0114-IGABW,71,Two year,DSL,Yes,No,Bank transfer (automatic),58.25,5224,0,0,0.0561,Low Risk
4774-HHGGS,30,Two year,No,No internet service,No internet service,Mailed check,19.05,2347,0,0,0.0561,Low Risk
4815-YOSUK,72,One year,Fiber optic,Yes,Yes,Credit card (automatic),104.9,4927,0,0,0.056,Low Risk
4334-HOWRP,72,Two year,DSL,Yes,Yes,Credit card (automatic),64.95,4049,0,0,0.056,Low Risk
9674-EHPPG,46,Two year,DSL,Yes,Yes,Credit card (automatic),40.4,2519,0,0,0.056,Low Risk
6023-GSSXW,69,Two year,DSL,No,No,Credit card (automatic),61.45,4162,0,0,0.0558,Low Risk
0301-KOBTQ,32,Two year,No,No internet service,No internet service,Bank transfer (automatic),20.05,3398,0,0,0.0557,Low Risk
3557-HTYWR,47,Two year,DSL,Yes,Yes,Mailed check,74.05,2831,0,0,0.0557,Low Risk
5792-JALQC,52,Two year,DSL,No,Yes,Bank transfer (automatic),59.85,5085,0,0,0.0557,Low Risk
1755-FZQEC,39,One year,No,No internet service,No internet service,Mailed check,19.9,4041,0,0,0.0556,Low Risk
9297-EONCV,72,Two year,DSL,Yes,Yes,Bank transfer (automatic),91.35,5378,0,0,0.0554,Low Risk
6752-APNJL,42,Month-to-month,DSL,No,Yes,Mailed check,54.5,3449,0,0,0.0554,Low Risk
0788-DXBFY,58,One year,No,No internet service,No internet service,Electronic check,19.55,4801,0,0,0.0553,Low Risk
2030-BTZRO,6,Two year,No,No internet service,No internet service,Credit card (automatic),20.4,4628,0,0,0.0551,Low Risk
4188-PCPIG,57,Two year,DSL,Yes,Yes,Credit card (automatic),70.35,5779,0,0,0.055,Low Risk
7284-ZZLOH,45,Two year,DSL,No,Yes,Credit card (automatic),53.3,2929,0,0,0.055,Low Risk
5494-WOZRZ,71,Two year,DSL,Yes,Yes,Credit card (automatic),82.0,5770,0,0,0.055,Low Risk
4381-MHQDC,47,Two year,DSL,Yes,Yes,Mailed check,65.0,3286,0,0,0.0549,Low Risk
7839-NUIAA,61,Month-to-month,DSL,No,Yes,Electronic check,59.8,5381,0,0,0.0549,Low Risk
3766-EJLFL,68,Two year,Fiber optic,Yes,Yes,Bank transfer (automatic),109.05,6391,0,0,0.0549,Low Risk
1568-BEKZM,70,Two year,DSL,Yes,Yes,Credit card (automatic),90.05,4666,0,0,0.0548,Low Risk
3796-ENZGF,63,Two year,DSL,Yes,No,Mailed check,67.25,6438,0,0,0.0546,Low Risk
3301-VKTGC,68,One year,Fiber optic,No,Yes,Bank transfer (automatic),85.5,4380,0,0,0.0545,Low Risk
9242-TKFSV,72,Two year,DSL,Yes,Yes,Credit card (automatic),65.1,4969,0,0,0.0544,Low Risk
7765-LWVVH,72,Two year,Fiber optic,No,Yes,Electronic check,95.1,5584,0,0,0.0542,Low Risk
4549-ZDQYY,52,One year,DSL,Yes,Yes,Credit card (automatic),57.95,6078,0,0,0.0541,Low Risk
3549-ZTMNH,12,Two year,No,No internet service,No internet service,Bank transfer (automatic),24.0,3705,0,0,0.0541,Low Risk
7996-BPXHY,13,Two year,No,No internet service,No internet service,Bank transfer (automatic),25.0,4734,0,0,0.0541,Low Risk
9845-QOMAD,14,One year,No,No internet service,No internet service,Mailed check,19.75,3958,0,0,0.054,Low Risk
1972-XMUWV,65,Two year,DSL,Yes,No,Credit card (automatic),59.8,6034,0,0,0.054,Low Risk
0707-HOVVN,70,Two year,DSL,Yes,No,Bank transfer (automatic),75.5,6024,0,0,0.054,Low Risk
4121-AGSIN,58,One year,No,No internet service,No internet service,Credit card (automatic),24.5,4455,0,0,0.0539,Low Risk
1099-GODLO,1,Two year,No,No internet service,No internet service,Mailed check,20.35,4836,0,0,0.0539,Low Risk
8099-MZPUJ,48,Two year,Fiber optic,Yes,Yes,Credit card (automatic),111.8,3922,0,0,0.0538,Low Risk
4782-OSFXZ,71,Two year,DSL,Yes,Yes,Bank transfer (automatic),82.7,5089,0,0,0.0538,Low Risk
0056-EPFBG,20,Two year,DSL,Yes,Yes,Credit card (automatic),39.4,3899,0,0,0.0536,Low Risk
8404-VIOMB,66,Two year,DSL,Yes,Yes,Bank transfer (automatic),62.5,4165,0,0,0.0536,Low Risk
7696-AMHOD,49,One year,DSL,No,No,Credit card (automatic),78.0,4200,0,0,0.0536,Low Risk
3166-PNEOF,61,Two year,DSL,Yes,Yes,Credit card (automatic),86.45,4471,0,0,0.0536,Low Risk
2845-KDHVX,64,Two year,DSL,Yes,No,Mailed check,68.3,5425,0,0,0.0534,Low Risk
8328-SKJNO,23,One year,DSL,Yes,Yes,Bank transfer (automatic),40.65,5230,0,0,0.0533,Low Risk
1272-ILHFG,15,One year,No,No internet service,No internet service,Mailed check,19.65,5928,0,0,0.0533,Low Risk
5275-PMFUT,72,Two year,DSL,Yes,Yes,Credit card (automatic),64.8,4036,0,0,0.0532,Low Risk
2753-JMMCV,65,Two year,DSL,Yes,No,Credit card (automatic),74.2,4774,0,0,0.0531,Low Risk
8612-GXIDD,12,Two year,No,No internet service,No internet service,Bank transfer (automatic),25.4,2219,0,0,0.053,Low Risk
2324-AALNO,48,One year,No,No internet service,No internet service,Bank transfer (automatic),24.55,5517,0,0,0.053,Low Risk
9483-GCPWE,9,One year,No,No internet service,No internet service,Mailed check,20.1,3444,0,0,0.0529,Low Risk
5917-HBSDW,37,Month-to-month,No,No internet service,No internet service,Electronic check,19.35,2360,0,0,0.0529,Low Risk
5642-MHDQT,53,One year,No,No internet service,No internet service,Bank transfer (automatic),19.85,4836,0,0,0.0528,Low Risk
3082-YVEKW,23,Two year,DSL,Yes,Yes,Bank transfer (automatic),77.15,2572,0,0,0.0525,Low Risk
7301-ABVAD,72,Two year,DSL,Yes,No,Bank transfer (automatic),86.6,4530,0,0,0.0525,Low Risk
6152-ONASV,68,One year,DSL,Yes,Yes,Bank transfer (automatic),58.25,4620,0,0,0.0525,Low Risk
7633-MVPUY,57,Two year,DSL,Yes,Yes,Electronic check,59.75,4012,0,0,0.0524,Low Risk
6504-VBLFL,55,Two year,DSL,No,Yes,Electronic check,58.6,6231,0,0,0.0524,Low Risk
5879-HMFFH,72,Two year,DSL,Yes,Yes,Bank transfer (automatic),88.05,6247,0,0,0.0524,Low Risk
5003-OKNNK,15,One year,No,No internet service,No internet service,Credit card (automatic),20.35,3205,0,0,0.0524,Low Risk
8580-QVLOC,72,Two year,DSL,Yes,Yes,Credit card (automatic),92.45,5697,1,0,0.0522,Low Risk
1904-WAJAA,24,Two year,DSL,No,Yes,Electronic check,64.35,5461,0,0,0.0521,Low Risk
3079-BCHLN,47,One year,No,No internet service,No internet service,Bank transfer (automatic),19.9,5394,0,0,0.052,Low Risk
1320-GVNHT,72,Two year,Fiber optic,No,Yes,Credit card (automatic),108.4,4419,0,0,0.052,Low Risk
2346-CZYIL,27,Two year,No,No internet service,No internet service,Credit card (automatic),20.35,4962,0,0,0.052,Low Risk
6867-ACCZI,24,Two year,DSL,Yes,Yes,Mailed check,52.5,3303,0,0,0.052,Low Risk
7691-KGKGP,53,Month-to-month,DSL,Yes,No,Credit card (automatic),65.0,5534,0,0,0.0519,Low Risk
8400-WZICQ,55,Month-to-month,DSL,No,Yes,Electronic check,55.7,4149,0,0,0.0518,Low Risk
6461-SZMCV,71,Two year,DSL,Yes,Yes,Bank transfer (automatic),87.95,4278,0,0,0.0514,Low Risk
0020-INWCK,71,Two year,Fiber optic,No,No,Credit card (automatic),95.75,4865,0,0,0.0512,Low Risk
9068-VPWQQ,61,Two year,DSL,Yes,Yes,Credit card (automatic),75.35,6466,0,0,0.0512,Low Risk
3219-JQRSL,72,Two year,DSL,Yes,Yes,Credit card (automatic),89.1,4627,0,0,0.0512,Low Risk
0357-NVCRI,25,Month-to-month,No,No internet service,No internet service,Credit card (automatic),20.05,2192,0,0,0.051,Low Risk
1371-OJCEK,48,One year,No,No internet service,No internet service,Bank transfer (automatic),24.35,4200,0,0,0.051,Low Risk
5214-NLTIT,72,Two year,Fiber optic,No,No,Credit card (automatic),90.8,6188,0,0,0.0508,Low Risk
4213-HKBJO,33,Two year,No,No internet service,No internet service,Credit card (automatic),25.7,3378,0,0,0.0507,Low Risk
6094-ZIVKX,68,One year,DSL,No,Yes,Credit card (automatic),54.45,6309,0,0,0.0507,Low Risk
3084-DOWLE,72,Two year,DSL,Yes,Yes,Bank transfer (automatic),92.0,6434,0,0,0.0506,Low Risk
1837-YQUCE,70,Two year,DSL,Yes,Yes,Bank transfer (automatic),58.35,4093,0,0,0.0506,Low Risk
4849-PYRLQ,56,Two year,DSL,Yes,Yes,Bank transfer (automatic),73.25,4011,0,0,0.0506,Low Risk
2927-CVULT,53,Two year,Fiber optic,Yes,Yes,Bank transfer (automatic),104.05,4190,0,0,0.0506,Low Risk
9313-CDOGY,38,Month-to-month,No,No internet service,No internet service,Electronic check,19.6,3854,0,0,0.0505,Low Risk
7569-NMZYQ,72,Two year,Fiber optic,Yes,Yes,Bank transfer (automatic),118.75,5475,0,0,0.0505,Low Risk
1686-STUHN,42,One year,No,No internet service,No internet service,Bank transfer (automatic),19.8,3575,0,0,0.0504,Low Risk
7971-HLVXI,72,Two year,Fiber optic,No,No,Credit card (automatic),84.5,6202,0,0,0.0504,Low Risk
4884-LEVMQ,39,Two year,No,No internet service,No internet service,Bank transfer (automatic),20.45,2165,0,0,0.0504,Low Risk
7398-HPYZQ,71,Two year,DSL,Yes,Yes,Bank transfer (automatic),90.55,5007,0,0,0.0504,Low Risk
9135-MGVPY,69,Two year,DSL,Yes,Yes,Mailed check,84.7,5345,0,0,0.0504,Low Risk
6974-DAFLI,55,One year,No,No internet service,No internet service,Electronic check,19.7,4888,0,0,0.0503,Low Risk
7321-ZNSLA,13,Two year,DSL,Yes,Yes,Mailed check,40.55,2898,0,0,0.0503,Low Risk
3487-EARAT,70,One year,DSL,Yes,Yes,Credit card (automatic),74.1,6325,0,0,0.0503,Low Risk
3283-WCWXT,6,Two year,No,No internet service,No internet service,Mailed check,25.4,2882,0,0,0.0503,Low Risk
6445-TNRXS,68,Two year,Fiber optic,Yes,Yes,Bank transfer (automatic),114.7,5671,0,0,0.0502,Low Risk
6288-CHQJB,54,Two year,DSL,Yes,Yes,Bank transfer (automatic),69.95,5077,0,0,0.0502,Low Risk
9435-JMLSX,71,Two year,DSL,Yes,Yes,Bank transfer (automatic),86.1,6286,0,0,0.0502,Low Risk
2987-BJXIK,70,Two year,DSL,No,Yes,Mailed check,84.7,4180,0,0,0.0501,Low Risk
1760-CAZHT,25,Month-to-month,No,No internet service,No internet service,Mailed check,20.8,3274,0,0,0.05,Low Risk
3521-HTQTV,34,Two year,No,No internet service,No internet service,Bank transfer (automatic),26.1,2026,0,0,0.05,Low Risk
0379-DJQHR,67,Two year,DSL,No,Yes,Credit card (automatic),81.35,4219,0,0,0.05,Low Risk
6509-TSGWN,37,Month-to-month,No,No internet service,No internet service,Mailed check,26.45,5359,0,0,0.0499,Low Risk
6418-PIQSP,62,Two year,DSL,Yes,Yes,Mailed check,81.0,4684,0,0,0.0499,Low Risk
4654-ULTTN,70,Two year,DSL,Yes,Yes,Credit card (automatic),74.8,6447,0,0,0.0499,Low Risk
1414-YADCW,70,Two year,Fiber optic,Yes,Yes,Bank transfer (automatic),84.6,5679,0,0,0.0499,Low Risk
9938-TKDGL,68,Two year,Fiber optic,Yes,Yes,Electronic check,99.55,4319,0,0,0.0498,Low Risk
0679-TDGAK,50,One year,DSL,Yes,Yes,Electronic check,75.5,5141,0,0,0.0498,Low Risk
9931-DCEZH,28,One year,DSL,Yes,No,Credit card (automatic),54.4,4711,0,0,0.0498,Low Risk
7602-MVRMB,72,Two year,Fiber optic,Yes,Yes,Bank transfer (automatic),110.45,4754,0,0,0.0498,Low Risk
0230-WEQUW,66,Two year,DSL,Yes,Yes,Bank transfer (automatic),56.6,5500,0,0,0.0498,Low Risk
6814-ZPWFQ,51,One year,No,No internet service,No internet service,Bank transfer (automatic),25.0,5896,0,0,0.0496,Low Risk
0771-CHWSK,66,Two year,DSL,No,Yes,Credit card (automatic),74.6,4838,0,0,0.0495,Low Risk
3779-OSWCF,71,Two year,DSL,Yes,Yes,Credit card (automatic),93.2,4493,0,0,0.0495,Low Risk
3813-DHBBB,67,Two year,DSL,Yes,Yes,Bank transfer (automatic),50.95,6395,0,0,0.0493,Low Risk
2194-IIQOF,71,Two year,DSL,Yes,Yes,Credit card (automatic),89.3,4658,0,0,0.0493,Low Risk
7639-OPLNG,70,Two year,DSL,Yes,Yes,Bank transfer (automatic),79.25,5085,0,0,0.0493,Low Risk
8626-PTQGE,69,Two year,DSL,Yes,Yes,Bank transfer (automatic),60.05,5388,0,0,0.0492,Low Risk
3967-KXAPS,72,Two year,DSL,Yes,Yes,Credit card (automatic),92.3,5136,0,0,0.0492,Low Risk
5171-EPLKN,27,Two year,No,No internet service,No internet service,Credit card (automatic),19.85,2176,0,0,0.0492,Low Risk
6007-TCTST,72,Two year,Fiber optic,Yes,Yes,Bank transfer (automatic),115.8,5841,0,0,0.0491,Low Risk
7408-OFWXJ,72,Two year,DSL,Yes,Yes,Credit card (automatic),89.8,5762,0,0,0.049,Low Risk
8606-CIQUL,72,Two year,Fiber optic,Yes,Yes,Credit card (automatic),115.75,5168,0,0,0.049,Low Risk
0530-IJVDB,70,Two year,Fiber optic,Yes,Yes,Electronic check,114.6,5414,0,0,0.049,Low Risk
7101-HRBLJ,72,Two year,DSL,Yes,Yes,Bank transfer (automatic),83.7,4592,0,0,0.0489,Low Risk
3617-XLSGQ,66,Two year,Fiber optic,No,Yes,Bank transfer (automatic),109.25,5865,0,0,0.0488,Low Risk
4006-HKYHO,63,Two year,DSL,Yes,Yes,Bank transfer (automatic),86.7,5841,0,0,0.0488,Low Risk
4854-SSLTN,2,Two year,DSL,Yes,Yes,Mailed check,59.5,5613,0,0,0.0488,Low Risk
4999-IEZLT,66,One year,DSL,Yes,No,Credit card (automatic),29.45,5112,0,0,0.0488,Low Risk
4086-ATNFV,34,One year,DSL,No,Yes,Mailed check,60.8,4522,0,0,0.0487,Low Risk
1407-DIGZV,3,Two year,No,No internet service,No internet service,Mailed check,19.1,3863,0,0,0.0486,Low Risk
1775-KWJKQ,72,Two year,DSL,Yes,Yes,Credit card (automatic),89.85,6046,0,0,0.0486,Low Risk
2332-TODQS,48,One year,No,No internet service,No internet service,Credit card (automatic),25.05,3642,0,0,0.0486,Low Risk
2223-GDSHL,71,Two year,Fiber optic,Yes,Yes,Bank transfer (automatic),116.05,6481,0,0,0.0485,Low Risk
9742-XOKTS,67,One year,Fiber optic,Yes,Yes,Electronic check,89.55,6194,0,0,0.0485,Low Risk
4723-BEGSG,72,Two year,DSL,Yes,Yes,Credit card (automatic),86.65,5483,0,0,0.0484,Low Risk
8039-EQPIM,69,Two year,DSL,Yes,Yes,Bank transfer (automatic),60.25,5717,0,0,0.0483,Low Risk
4973-MGTON,71,Two year,DSL,Yes,Yes,Credit card (automatic),84.4,5619,0,0,0.0482,Low Risk
3396-DKDEL,70,Two year,Fiber optic,Yes,Yes,Credit card (automatic),115.15,4388,0,0,0.0482,Low Risk
6885-PKOAM,71,Two year,DSL,Yes,Yes,Credit card (automatic),85.75,4487,0,0,0.0482,Low Risk
1094-BKOSX,45,One year,DSL,Yes,No,Bank transfer (automatic),51.0,4534,0,0,0.0481,Low Risk
0675-NCDYU,72,Two year,Fiber optic,Yes,Yes,Credit card (automatic),116.4,6491,0,0,0.0481,Low Risk
1599-MMYRQ,62,One year,Fiber optic,No,Yes,Credit card (automatic),81.45,5179,0,0,0.048,Low Risk
6064-PUPMC,23,One year,DSL,Yes,Yes,Credit card (automatic),57.2,4021,0,0,0.048,Low Risk
3933-DQPWX,50,Two year,DSL,Yes,No,Credit card (automatic),39.7,5174,0,0,0.048,Low Risk
3500-NSDOA,68,Two year,DSL,Yes,No,Credit card (automatic),70.8,5540,0,0,0.048,Low Risk
4597-ELFTS,56,One year,No,No internet service,No internet service,Electronic check,24.9,5327,1,0,0.0479,Low Risk
0048-PIHNL,49,One year,No,No internet service,No internet service,Bank transfer (automatic),20.45,6061,0,0,0.0479,Low Risk
0674-GCDXG,63,Two year,DSL,Yes,Yes,Bank transfer (automatic),71.9,5816,0,0,0.0479,Low Risk
4578-PHJYZ,52,One year,DSL,Yes,No,Electronic check,68.75,4172,0,0,0.0477,Low Risk
4825-FUREZ,42,Two year,No,No internet service,No internet service,Electronic check,20.25,5940,0,0,0.0477,Low Risk
2430-RRYUW,66,One year,DSL,No,Yes,Mailed check,54.8,4621,0,0,0.0476,Low Risk
0420-TXVSG,66,Two year,DSL,No,Yes,Credit card (automatic),66.1,5933,0,0,0.0475,Low Risk
1970-KKFWL,35,Two year,No,No internet service,No internet service,Bank transfer (automatic),23.3,2416,0,0,0.0475,Low Risk
6244-BESBM,69,Two year,Fiber optic,Yes,No,Credit card (automatic),95.2,6166,0,0,0.0475,Low Risk
1488-PBLJN,72,Two year,Fiber optic,Yes,Yes,Bank transfer (automatic),116.85,4055,0,0,0.0475,Low Risk
5377-NDTOU,71,Two year,DSL,Yes,Yes,Mailed check,91.05,4644,0,0,0.0473,Low Risk
6953-PBDIN,70,Two year,DSL,Yes,No,Bank transfer (automatic),72.95,6466,0,0,0.0473,Low Risk
6916-HIJSE,65,Two year,DSL,Yes,Yes,Bank transfer (automatic),84.85,5434,0,0,0.0472,Low Risk
4291-TPNFG,72,Two year,DSL,Yes,Yes,Bank transfer (automatic),82.3,5219,0,0,0.0471,Low Risk
4685-TFLLS,18,One year,No,No internet service,No internet service,Bank transfer (automatic),19.8,4808,0,0,0.0471,Low Risk
1741-WTPON,56,Two year,Fiber optic,Yes,Yes,Mailed check,115.85,4937,0,0,0.047,Low Risk
4526-EXKKN,40,Two year,No,No internet service,No internet service,Mailed check,24.6,2601,0,0,0.047,Low Risk
9046-JBFWA,27,Month-to-month,No,No internet service,No internet service,Mailed check,19.15,4004,0,0,0.047,Low Risk
0572-ZJKLT,46,Two year,Fiber optic,Yes,Yes,Mailed check,99.65,4736,0,0,0.047,Low Risk
3726-TBHQT,71,Two year,Fiber optic,Yes,Yes,Bank transfer (automatic),114.0,5600,0,0,0.047,Low Risk
2234-EOFPT,72,Two year,DSL,Yes,Yes,Bank transfer (automatic),79.35,4278,0,0,0.047,Low Risk
4378-MYPGO,68,Two year,Fiber optic,No,Yes,Bank transfer (automatic),105.25,5795,0,0,0.0469,Low Risk
9066-QRSDU,69,One year,No,No internet service,No internet service,Electronic check,26.3,5418,0,0,0.0469,Low Risk
0859-YGKFW,18,One year,No,No internet service,No internet service,Bank transfer (automatic),20.05,4458,0,0,0.0468,Low Risk
6368-TZZDT,4,Two year,No,No internet service,No internet service,Credit card (automatic),19.5,5390,0,0,0.0467,Low Risk
3810-DVDQQ,72,Two year,Fiber optic,Yes,Yes,Bank transfer (automatic),117.6,6173,0,0,0.0467,Low Risk
0017-IUDMW,72,Two year,Fiber optic,Yes,Yes,Credit card (automatic),116.8,6252,0,0,0.0467,Low Risk
6859-QNXIQ,72,Two year,Fiber optic,Yes,Yes,Bank transfer (automatic),113.1,5308,0,0,0.0467,Low Risk
0017-DINOC,54,Two year,DSL,Yes,Yes,Credit card (automatic),45.2,5435,0,0,0.0466,Low Risk
3795-CAWEX,70,Two year,Fiber optic,Yes,Yes,Credit card (automatic),116.55,6116,0,0,0.0466,Low Risk
4893-GYUJU,50,One year,No,No internet service,No internet service,Mailed check,19.35,5247,0,0,0.0466,Low Risk
1354-YZFNB,4,Two year,No,No internet service,No internet service,Credit card (automatic),19.55,5573,0,0,0.0465,Low Risk
1627-AFWVJ,29,Two year,No,No internet service,No internet service,Mailed check,19.4,2265,0,0,0.0465,Low Risk
5887-IKKYO,58,Two year,Fiber optic,Yes,No,Bank transfer (automatic),94.35,4777,0,0,0.0463,Low Risk
7815-PDTHL,35,Two year,No,No internet service,No internet service,Mailed check,20.2,3481,0,0,0.0462,Low Risk
1069-QJOEE,25,One year,No,No internet service,No internet service,Electronic check,19.9,4134,0,0,0.0462,Low Risk
6388-TABGU,62,One year,DSL,No,Yes,Bank transfer (automatic),56.15,4529,0,0,0.0462,Low Risk
0827-ITJPH,36,Two year,No,No internet service,No internet service,Credit card (automatic),18.55,5703,0,0,0.0461,Low Risk
6103-QCKFX,44,Month-to-month,DSL,Yes,Yes,Bank transfer (automatic),56.25,3918,0,0,0.046,Low Risk
1459-QNFQT,70,Two year,DSL,Yes,Yes,Bank transfer (automatic),59.5,4031,0,0,0.046,Low Risk
0412-UCCNP,55,Two year,DSL,Yes,Yes,Electronic check,59.2,5162,0,0,0.046,Low Risk
6551-VLJMV,34,Two year,No,No internet service,No internet service,Credit card (automatic),20.05,2236,0,0,0.0458,Low Risk
8430-TWCBX,49,One year,No,No internet service,No internet service,Credit card (automatic),20.7,4074,0,0,0.0458,Low Risk
7520-HQWJU,66,Month-to-month,DSL,No,Yes,Bank transfer (automatic),67.45,4172,0,0,0.0458,Low Risk
1352-HNSAW,72,Two year,Fiber optic,Yes,Yes,Bank transfer (automatic),115.6,5633,0,0,0.0458,Low Risk
5375-XLDOF,69,Two year,Fiber optic,Yes,Yes,Bank transfer (automatic),114.35,6082,0,0,0.0458,Low Risk
0839-QNXME,30,Two year,No,No internet service,No internet service,Credit card (automatic),19.4,3986,0,0,0.0458,Low Risk
7297-DVYGA,51,One year,No,No internet service,No internet service,Bank transfer (automatic),19.85,5089,0,0,0.0457,Low Risk
1222-KJNZD,40,Month-to-month,No,No internet service,No internet service,Bank transfer (automatic),20.4,5918,0,0,0.0457,Low Risk
4203-QGNZA,28,Month-to-month,No,No internet service,No internet service,Mailed check,20.25,4476,0,0,0.0457,Low Risk
7722-VJRQD,72,Two year,DSL,Yes,Yes,Bank transfer (automatic),60.95,4147,0,0,0.0457,Low Risk
2535-PBCGC,70,Two year,DSL,Yes,Yes,Bank transfer (automatic),64.55,4858,0,0,0.0457,Low Risk
8608-OZTLB,38,One year,DSL,Yes,Yes,Electronic check,74.05,5975,0,0,0.0456,Low Risk
6741-QRLUP,63,Two year,DSL,Yes,Yes,Credit card (automatic),80.3,5554,0,0,0.0456,Low Risk
4163-HFTUK,51,One year,No,No internet service,No internet service,Electronic check,19.1,4120,0,0,0.0456,Low Risk
3258-ZKPAI,72,Two year,Fiber optic,Yes,Yes,Bank transfer (automatic),116.6,5227,0,0,0.0455,Low Risk
9102-OXKFY,59,Two year,DSL,No,No,Credit card (automatic),54.15,4293,0,0,0.0455,Low Risk
2649-HWLYB,65,Two year,DSL,Yes,Yes,Bank transfer (automatic),76.15,6177,0,0,0.0455,Low Risk
8174-LNWMW,31,Two year,No,No internet service,No internet service,Credit card (automatic),20.9,5581,0,0,0.0454,Low Risk
1401-FTHFQ,23,One year,No,No internet service,No internet service,Credit card (automatic),20.0,2170,0,0,0.0454,Low Risk
6265-FRMTQ,31,Two year,No,No internet service,No internet service,Bank transfer (automatic),20.4,5363,0,0,0.0454,Low Risk
6115-ZTBFQ,72,Two year,DSL,Yes,Yes,Bank transfer (automatic),65.5,4119,0,0,0.0452,Low Risk
5329-KRDTM,72,Two year,DSL,Yes,No,Credit card (automatic),77.35,6202,0,0,0.045,Low Risk
0197-PNKNK,69,One year,Fiber optic,No,Yes,Bank transfer (automatic),84.45,5629,0,0,0.045,Low Risk
9732-OUYRN,49,One year,No,No internet service,No internet service,Credit card (automatic),19.0,4066,0,0,0.045,Low Risk
6016-LVTJQ,34,Month-to-month,No,No internet service,No internet service,Mailed check,20.65,5099,0,0,0.0449,Low Risk
7037-MTYVW,38,Two year,DSL,Yes,Yes,Bank transfer (automatic),85.4,5292,0,0,0.0449,Low Risk
6527-PZFPV,24,One year,No,No internet service,No internet service,Credit card (automatic),20.8,4654,0,0,0.0449,Low Risk
4079-WWQQQ,72,Two year,DSL,Yes,Yes,Bank transfer (automatic),65.55,4266,0,0,0.0448,Low Risk
8316-BBQAY,65,Two year,DSL,Yes,Yes,Credit card (automatic),59.95,6251,0,0,0.0447,Low Risk
1303-SRDOK,55,Two year,Fiber optic,No,No,Credit card (automatic),69.05,4318,0,0,0.0447,Low Risk
5965-GGPRW,72,Two year,Fiber optic,No,Yes,Bank transfer (automatic),105.25,4427,0,0,0.0446,Low Risk
0269-XFESX,23,One year,No,No internet service,No internet service,Mailed check,24.35,4031,0,0,0.0445,Low Risk
0234-TEVTT,48,One year,DSL,No,Yes,Credit card (automatic),45.0,5269,0,0,0.0445,Low Risk
3892-NXAZG,72,Two year,Fiber optic,Yes,Yes,Credit card (automatic),114.05,6254,0,0,0.0443,Low Risk
3902-MIVLE,63,Two year,DSL,Yes,Yes,Mailed check,75.7,5113,0,0,0.0443,Low Risk
7319-ZNRTR,25,One year,No,No internet service,No internet service,Electronic check,19.6,2888,0,0,0.0443,Low Risk
4825-XJGDM,61,One year,DSL,Yes,Yes,Credit card (automatic),43.7,4051,0,0,0.0443,Low Risk
2466-FCCPT,20,One year,No,No internet service,No internet service,Bank transfer (automatic),19.7,4910,0,0,0.0443,Low Risk
7253-UVNDW,46,Two year,DSL,Yes,No,Credit card (automatic),54.35,2793,1,0,0.0442,Low Risk
0754-EEBDC,4,Two year,No,No internet service,No internet service,Mailed check,19.9,2347,0,0,0.044,Low Risk
3870-SPZSI,70,Two year,Fiber optic,Yes,Yes,Credit card (automatic),113.05,4203,0,0,0.044,Low Risk
2428-HYUNX,44,Two year,No,No internet service,No internet service,Credit card (automatic),19.35,4975,0,0,0.0437,Low Risk
2122-SZZZD,44,One year,No,No internet service,No internet service,Credit card (automatic),19.5,4220,0,0,0.0437,Low Risk
7649-SIJJF,71,Two year,DSL,Yes,Yes,Mailed check,80.1,6045,0,0,0.0437,Low Risk
0336-KXKFK,72,Two year,DSL,Yes,Yes,Credit card (automatic),61.2,4085,0,0,0.0437,Low Risk
9758-MFWGD,48,One year,DSL,No,No,Bank transfer (automatic),29.9,2617,0,0,0.0437,Low Risk
6119-SPUDB,46,Two year,DSL,Yes,Yes,Mailed check,38.25,2653,0,0,0.0436,Low Risk
4312-GVYNH,70,Two year,DSL,Yes,Yes,Bank transfer (automatic),49.85,5460,0,0,0.0435,Low Risk
9968-FFVVH,63,One year,DSL,Yes,Yes,Bank transfer (automatic),68.8,5082,0,0,0.0435,Low Risk
9625-QNLUX,68,Two year,Fiber optic,No,Yes,Credit card (automatic),103.25,4751,0,0,0.0435,Low Risk
8748-HFWBO,19,One year,No,No internet service,No internet service,Mailed check,19.9,5964,0,0,0.0435,Low Risk
6870-ZWMNX,70,Two year,DSL,Yes,No,Credit card (automatic),76.1,5115,0,0,0.0433,Low Risk
8480-PPONV,62,Two year,Fiber optic,Yes,Yes,Bank transfer (automatic),115.55,6349,0,0,0.0433,Low Risk
7472-EQOAV,71,One year,Fiber optic,No,Yes,Bank transfer (automatic),86.7,4485,0,0,0.0432,Low Risk
2587-YNLES,6,Two year,No,No internet service,No internet service,Mailed check,20.1,5874,0,0,0.0432,Low Risk
7799-LGRDP,43,Two year,No,No internet service,No internet service,Credit card (automatic),25.7,2017,0,0,0.0431,Low Risk
7349-ALMUX,37,Two year,DSL,Yes,Yes,Bank transfer (automatic),65.6,3183,0,0,0.0431,Low Risk
1734-ZMNTZ,11,Two year,No,No internet service,No internet service,Mailed check,25.0,5409,0,0,0.0431,Low Risk
3520-FJGCV,72,Two year,Fiber optic,Yes,Yes,Credit card (automatic),112.6,6486,0,0,0.043,Low Risk
4671-VJLCL,63,Two year,DSL,Yes,Yes,Credit card (automatic),79.85,4595,0,0,0.043,Low Risk
3572-UUHRS,45,One year,No,No internet service,No internet service,Bank transfer (automatic),18.85,2653,0,0,0.0429,Low Risk
7017-VFHAY,61,Two year,Fiber optic,Yes,Yes,Credit card (automatic),115.1,6090,0,0,0.0429,Low Risk
9108-EQPNQ,10,Two year,No,No internet service,No internet service,Credit card (automatic),26.1,3179,0,0,0.0428,Low Risk
8915-NNTRC,72,Two year,Fiber optic,Yes,Yes,Credit card (automatic),107.7,4351,0,0,0.0428,Low Risk
4803-LBYPN,34,Month-to-month,No,No internet service,No internet service,Mailed check,20.8,4985,0,0,0.0427,Low Risk
4837-PZTIC,47,Two year,DSL,Yes,Yes,Mailed check,41.9,2540,0,0,0.0427,Low Risk
3078-ZKNTS,13,Two year,No,No internet service,No internet service,Bank transfer (automatic),19.75,4314,0,0,0.0426,Low Risk
0784-GTUUK,62,One year,No,No internet service,No internet service,Credit card (automatic),23.75,4811,0,0,0.0425,Low Risk
5204-HMGYF,49,One year,DSL,Yes,Yes,Mailed check,87.2,4567,0,0,0.0425,Low Risk
7710-JSYOA,69,Two year,Fiber optic,Yes,No,Bank transfer (automatic),93.3,5205,0,0,0.0425,Low Risk
1561-BWHIN,19,One year,No,No internet service,No internet service,Mailed check,19.8,4464,0,0,0.0423,Low Risk
4032-RMHCI,41,One year,DSL,No,Yes,Credit card (automatic),35.4,4375,0,0,0.0423,Low Risk
0253-ZTEOB,48,Two year,DSL,Yes,No,Electronic check,79.65,3246,0,0,0.0423,Low Risk
6047-SUHPR,39,One year,DSL,No,Yes,Electronic check,59.8,3093,0,0,0.0421,Low Risk
8908-NMQTX,72,Two year,DSL,Yes,Yes,Bank transfer (automatic),65.6,4369,0,0,0.0421,Low Risk
7030-FZTFM,72,Two year,Fiber optic,Yes,No,Credit card (automatic),110.9,6444,0,0,0.042,Low Risk
9802-CAQUT,72,Two year,Fiber optic,No,Yes,Credit card (automatic),109.55,5723,0,0,0.042,Low Risk
8413-YNHNV,69,Two year,DSL,Yes,Yes,Mailed check,90.65,6487,0,0,0.0419,Low Risk
8631-NBHFZ,66,Two year,DSL,Yes,Yes,Credit card (automatic),79.4,5910,1,0,0.0418,Low Risk
4967-WPNCF,72,Two year,DSL,Yes,Yes,Bank transfer (automatic),63.7,4921,0,0,0.0418,Low Risk
9110-HSGTV,69,Two year,DSL,Yes,Yes,Credit card (automatic),82.45,4631,0,0,0.0418,Low Risk
5073-RZGBK,50,One year,DSL,Yes,Yes,Bank transfer (automatic),80.05,5823,0,0,0.0418,Low Risk
3882-IYOIJ,60,Two year,Fiber optic,Yes,Yes,Credit card (automatic),115.25,5328,0,0,0.0417,Low Risk
4139-DETXS,72,Two year,DSL,Yes,Yes,Bank transfer (automatic),64.45,5265,0,0,0.0417,Low Risk
9648-BCHKM,18,Two year,No,No internet service,No internet service,Credit card (automatic),24.65,5231,0,0,0.0417,Low Risk
5124-EOGYE,31,Two year,No,No internet service,No internet service,Mailed check,20.45,2598,0,0,0.0417,Low Risk
9798-OPFEM,46,Two year,No,No internet service,No internet service,Electronic check,21.1,4791,0,0,0.0416,Low Risk
2176-LVPNX,71,Two year,DSL,Yes,Yes,Mailed check,89.85,4994,0,0,0.0416,Low Risk
8670-MEFCP,36,Two year,DSL,Yes,Yes,Credit card (automatic),92.9,3570,0,0,0.0416,Low Risk
4135-FRWKJ,55,One year,DSL,Yes,Yes,Electronic check,76.25,4319,0,0,0.0414,Low Risk
5148-ORICT,64,Two year,DSL,Yes,Yes,Mailed check,74.35,4781,0,0,0.0414,Low Risk
2995-YWTCD,19,Two year,No,No internet service,No internet service,Bank transfer (automatic),24.9,5396,0,0,0.0414,Low Risk
7168-HDQHG,36,Month-to-month,No,No internet service,No internet service,Bank transfer (automatic),19.2,3043,0,0,0.0414,Low Risk
0266-GMEAO,72,Two year,Fiber optic,Yes,Yes,Credit card (automatic),114.3,5879,0,0,0.0414,Low Risk
8146-QQKZH,71,Two year,DSL,Yes,Yes,Bank transfer (automatic),81.85,4090,0,0,0.0414,Low Risk
2996-XAUVF,70,Two year,DSL,Yes,No,Mailed check,40.05,5055,0,0,0.0413,Low Risk
7337-CINUD,8,Two year,No,No internet service,No internet service,Bank transfer (automatic),19.5,5206,0,0,0.0413,Low Risk
5149-QYTTU,71,One year,Fiber optic,Yes,Yes,Credit card (automatic),95.15,5647,0,0,0.0412,Low Risk
2789-CZANW,64,Two year,Fiber optic,Yes,Yes,Bank transfer (automatic),110.3,5574,0,0,0.0412,Low Risk
9702-AIUJO,50,One year,DSL,No,No,Bank transfer (automatic),44.8,6115,0,0,0.041,Low Risk
7527-QNRUS,17,Two year,No,No internet service,No internet service,Mailed check,25.15,3931,0,0,0.041,Low Risk
5680-LQOGP,68,Two year,DSL,Yes,Yes,Credit card (automatic),82.45,5308,0,0,0.041,Low Risk
9610-WCESF,67,Two year,DSL,Yes,Yes,Electronic check,43.9,6344,0,0,0.041,Low Risk
4701-LKOZD,70,Two year,DSL,Yes,Yes,Credit card (automatic),89.75,5150,0,0,0.0408,Low Risk
6598-KELSS,50,One year,DSL,No,Yes,Bank transfer (automatic),43.05,5409,0,0,0.0407,Low Risk
3067-SVMTC,68,One year,DSL,Yes,Yes,Bank transfer (automatic),55.9,5160,0,0,0.0407,Low Risk
6614-YOLAC,71,Two year,DSL,Yes,Yes,Mailed check,58.65,4151,0,0,0.0406,Low Risk
3251-YMVWZ,53,One year,No,No internet service,No internet service,Bank transfer (automatic),24.05,4865,0,0,0.0405,Low Risk
1087-GRUYI,38,Two year,No,No internet service,No internet service,Bank transfer (automatic),20.4,3756,0,0,0.0404,Low Risk
6169-PGNCD,57,Two year,DSL,Yes,Yes,Credit card (automatic),74.3,5741,0,0,0.0404,Low Risk
8314-HTWVE,7,Two year,No,No internet service,No internet service,Mailed check,19.85,3973,0,0,0.0403,Low Risk
7730-CLDSV,72,Two year,Fiber optic,Yes,No,Bank transfer (automatic),98.65,4616,0,0,0.04,Low Risk
6177-PEVRA,48,Two year,DSL,No,Yes,Credit card (automatic),55.5,4975,0,0,0.0399,Low Risk
0973-KYVNF,72,Two year,DSL,No,Yes,Credit card (automatic),70.65,5176,0,0,0.0399,Low Risk
9170-ARBTB,52,One year,No,No internet service,No internet service,Credit card (automatic),19.6,4848,0,0,0.0397,Low Risk
8639-NHQEI,72,Two year,Fiber optic,No,Yes,Bank transfer (automatic),95.9,4213,0,0,0.0397,Low Risk
6848-YLDFR,58,One year,DSL,Yes,No,Credit card (automatic),75.2,4559,0,0,0.0397,Low Risk
1298-PHBTI,71,Two year,Fiber optic,Yes,No,Electronic check,84.8,5952,0,0,0.0396,Low Risk
6584-VQMYT,27,One year,DSL,No,Yes,Mailed check,56.2,5978,0,0,0.0396,Low Risk
7205-BAIAD,40,Two year,No,No internet service,No internet service,Bank transfer (automatic),20.6,3091,0,0,0.0395,Low Risk
0440-EKDCF,62,Two year,DSL,Yes,No,Credit card (automatic),60.15,4404,0,0,0.0395,Low Risk
2296-DKZFP,65,Two year,DSL,No,Yes,Bank transfer (automatic),71.0,6308,0,0,0.0394,Low Risk
6374-AFWOX,46,Two year,DSL,Yes,Yes,Mailed check,65.65,2680,0,0,0.0392,Low Risk
2683-JXWQQ,61,Month-to-month,DSL,No,Yes,Bank transfer (automatic),33.6,6495,0,0,0.0391,Low Risk
2990-IAJSV,72,Two year,DSL,Yes,Yes,Bank transfer (automatic),92.0,4200,0,0,0.0391,Low Risk
0556-FJEGU,58,Two year,DSL,Yes,No,Bank transfer (automatic),70.1,4474,0,0,0.039,Low Risk
9782-LGXMC,49,Month-to-month,DSL,Yes,Yes,Bank transfer (automatic),61.75,5511,0,0,0.039,Low Risk
9500-IWPXQ,61,One year,DSL,Yes,Yes,Electronic check,79.4,4666,0,0,0.039,Low Risk
0732-OCQOC,52,Two year,No,No internet service,No internet service,Bank transfer (automatic),25.05,5674,0,0,0.0389,Low Risk
5197-YPYBZ,12,Two year,No,No internet service,No internet service,Credit card (automatic),25.25,2646,0,0,0.0389,Low Risk
6532-YLWSI,53,One year,No,No internet service,No internet service,Bank transfer (automatic),20.8,4166,1,0,0.0388,Low Risk
5840-NVDCG,16,Two year,DSL,Yes,Yes,Bank transfer (automatic),68.25,3559,0,0,0.0388,Low Risk
8859-YSTWS,48,One year,No,No internet service,No internet service,Bank transfer (automatic),19.95,4254,0,0,0.0387,Low Risk
7073-QETQY,66,One year,No,No internet service,No internet service,Electronic check,20.35,4845,0,0,0.0387,Low Risk
6072-NUQCB,22,One year,No,No internet service,No internet service,Bank transfer (automatic),20.25,3339,0,0,0.0387,Low Risk
4707-YNOQA,34,One year,No,No internet service,No internet service,Credit card (automatic),25.6,5854,0,0,0.0387,Low Risk
6348-SNFUS,72,Two year,DSL,Yes,Yes,Credit card (automatic),55.45,4556,0,0,0.0387,Low Risk
0602-DDUML,57,Two year,DSL,Yes,No,Mailed check,69.75,4487,0,0,0.0386,Low Risk
8205-VSLRB,70,Two year,DSL,Yes,Yes,Credit card (automatic),77.3,6252,0,0,0.0386,Low Risk
8571-ZCMCX,47,Two year,DSL,No,Yes,Credit card (automatic),60.0,3248,0,0,0.0385,Low Risk
8966-OIQHG,22,One year,No,No internet service,No internet service,Bank transfer (automatic),20.75,2258,0,0,0.0385,Low Risk
8374-UULRV,72,Two year,DSL,Yes,Yes,Credit card (automatic),86.05,5965,0,0,0.0385,Low Risk
2005-DWQZJ,8,Two year,No,No internet service,No internet service,Mailed check,19.05,3153,0,0,0.0385,Low Risk
2790-XUYMV,71,One year,Fiber optic,No,Yes,Credit card (automatic),85.45,4777,0,0,0.0384,Low Risk
2882-WDTBA,69,Two year,DSL,Yes,Yes,Bank transfer (automatic),75.75,5839,0,0,0.0384,Low Risk
9746-YKGXB,52,One year,DSL,No,Yes,Bank transfer (automatic),44.25,6340,0,0,0.0384,Low Risk
9451-WLYRI,53,One year,No,No internet service,No internet service,Credit card (automatic),19.05,6160,0,0,0.0384,Low Risk
9620-QJREV,47,One year,No,No internet service,No internet service,Credit card (automatic),20.55,3313,0,0,0.0384,Low Risk
5647-URDKA,8,Two year,No,No internet service,No internet service,Mailed check,19.7,5962,0,0,0.0383,Low Risk
3230-JCNZS,71,Two year,Fiber optic,No,Yes,Credit card (automatic),99.0,4305,0,0,0.0383,Low Risk
2229-DPMBI,8,Two year,No,No internet service,No internet service,Mailed check,19.5,3598,0,0,0.0383,Low Risk
0361-HJRDX,68,Two year,DSL,Yes,Yes,Credit card (automatic),64.35,4146,0,0,0.0381,Low Risk
8859-DZTGQ,33,Two year,No,No internet service,No internet service,Mailed check,20.35,2507,0,0,0.038,Low Risk
8466-PZBLH,67,Two year,Fiber optic,Yes,Yes,Bank transfer (automatic),104.6,4743,0,0,0.038,Low Risk
5055-BRMNE,67,Two year,Fiber optic,Yes,Yes,Credit card (automatic),106.7,4780,0,0,0.0379,Low Risk
6463-MVYRY,57,Two year,DSL,Yes,Yes,Bank transfer (automatic),69.85,4759,0,0,0.0379,Low Risk
2197-OMWGI,68,Two year,DSL,No,No,Electronic check,53.0,5583,0,0,0.0379,Low Risk
3938-YFPXD,72,Two year,DSL,Yes,Yes,Credit card (automatic),84.3,6012,0,0,0.0379,Low Risk
2632-IVXVF,68,Two year,Fiber optic,Yes,Yes,Credit card (automatic),111.75,4967,0,0,0.0379,Low Risk
2138-VFAPZ,14,Two year,No,No internet service,No internet service,Mailed check,19.7,2966,0,0,0.0378,Low Risk
6695-AMZUF,70,Two year,DSL,Yes,Yes,Credit card (automatic),86.45,5950,0,0,0.0376,Low Risk
7471-WNSUF,60,One year,No,No internet service,No internet service,Bank transfer (automatic),24.15,4501,0,0,0.0375,Low Risk
8779-YIQQA,21,One year,No,No internet service,No internet service,Mailed check,19.8,3243,0,0,0.0374,Low Risk
5057-RKGLH,9,Two year,No,No internet service,No internet service,Mailed check,20.35,5352,0,0,0.0374,Low Risk
9184-GALIL,38,Month-to-month,No,No internet service,No internet service,Mailed check,20.45,5587,0,0,0.0374,Low Risk
8883-ANODQ,68,Two year,Fiber optic,No,No,Credit card (automatic),84.4,5045,0,0,0.0374,Low Risk
0224-NIJLP,8,Two year,No,No internet service,No internet service,Mailed check,20.15,3899,0,0,0.0374,Low Risk
2796-NNUFI,46,Two year,No,No internet service,No internet service,Mailed check,19.95,5480,0,0,0.0374,Low Risk
5176-OLSKT,66,Two year,DSL,No,Yes,Bank transfer (automatic),66.9,5546,0,0,0.0373,Low Risk
8336-TAVKX,72,Two year,DSL,Yes,Yes,Bank transfer (automatic),78.45,4032,0,0,0.0373,Low Risk
9640-ZSLDC,53,One year,DSL,No,No,Credit card (automatic),60.6,4854,0,0,0.0372,Low Risk
5930-GBIWP,69,Two year,DSL,Yes,Yes,Credit card (automatic),81.5,5286,0,0,0.0372,Low Risk
1834-ABKHQ,52,One year,DSL,No,No,Bank transfer (automatic),50.95,4298,0,0,0.0371,Low Risk
5306-BVTKJ,48,One year,DSL,No,No,Credit card (automatic),55.8,3446,0,0,0.0371,Low Risk
3284-SVCRO,45,Two year,No,No internet service,No internet service,Mailed check,25.5,3146,0,0,0.037,Low Risk
8148-WOCMK,8,Two year,No,No internet service,No internet service,Credit card (automatic),19.6,3214,0,0,0.0368,Low Risk
9739-JLPQJ,72,Two year,Fiber optic,Yes,Yes,Credit card (automatic),117.5,6009,0,0,0.0368,Low Risk
7873-CVMAW,72,Two year,DSL,Yes,Yes,Credit card (automatic),88.55,6468,0,0,0.0368,Low Risk
3850-OKINF,71,One year,DSL,No,Yes,Electronic check,66.2,4756,0,0,0.0368,Low Risk
9777-IQHWP,64,Two year,Fiber optic,No,Yes,Bank transfer (automatic),93.4,6249,0,0,0.0367,Low Risk
7945-PRBVF,35,Two year,No,No internet service,No internet service,Bank transfer (automatic),21.45,3967,0,0,0.0367,Low Risk
5736-YEJAX,69,Two year,DSL,Yes,Yes,Credit card (automatic),79.45,5189,0,0,0.0367,Low Risk
7560-QRBXH,48,One year,No,No internet service,No internet service,Mailed check,19.95,3396,0,0,0.0366,Low Risk
7197-VOJMM,67,Two year,DSL,Yes,Yes,Credit card (automatic),69.2,4323,0,0,0.0366,Low Risk
7359-SSBJK,64,Two year,DSL,Yes,Yes,Credit card (automatic),70.2,6080,1,0,0.0366,Low Risk
0744-BIKKF,72,Two year,DSL,Yes,Yes,Bank transfer (automatic),86.65,4621,0,0,0.0365,Low Risk
8046-DNVTL,62,Two year,DSL,Yes,Yes,Credit card (automatic),38.6,4558,0,0,0.0365,Low Risk
8659-IOOPU,71,Two year,Fiber optic,Yes,Yes,Electronic check,100.45,6171,0,0,0.0363,Low Risk
1699-UOTXU,60,Two year,DSL,No,Yes,Electronic check,61.4,6209,0,0,0.0362,Low Risk
9424-CMPOG,9,Two year,No,No internet service,No internet service,Mailed check,19.6,4406,0,0,0.0362,Low Risk
9281-CEDRU,68,Two year,DSL,Yes,No,Bank transfer (automatic),64.1,5553,0,0,0.0361,Low Risk
4877-TSOFF,55,One year,DSL,Yes,Yes,Bank transfer (automatic),75.75,4489,0,0,0.0361,Low Risk
3352-RICWQ,9,Two year,No,No internet service,No internet service,Mailed check,19.75,2427,0,0,0.036,Low Risk
2589-AYCRP,50,One year,No,No internet service,No internet service,Bank transfer (automatic),19.75,4934,0,0,0.036,Low Risk
6670-MFRPK,69,Two year,Fiber optic,No,No,Credit card (automatic),79.2,4072,0,0,0.0359,Low Risk
5231-FIQPA,41,Two year,No,No internet service,No internet service,Mailed check,19.85,3523,0,0,0.0359,Low Risk
0936-NQLJU,41,Two year,No,No internet service,No internet service,Credit card (automatic),20.65,5062,0,0,0.0357,Low Risk
4632-PAOYU,22,One year,No,No internet service,No internet service,Mailed check,19.95,2233,0,0,0.0357,Low Risk
6374-NTQLP,72,Two year,Fiber optic,Yes,Yes,Credit card (automatic),104.1,5092,0,0,0.0357,Low Risk
6481-LXPWL,56,One year,DSL,No,No,Credit card (automatic),36.1,5092,0,0,0.0356,Low Risk
4981-FLTMF,57,Month-to-month,DSL,Yes,Yes,Bank transfer (automatic),65.2,4491,0,0,0.0356,Low Risk
1221-GHZEP,62,Two year,DSL,Yes,Yes,Mailed check,65.1,5172,0,0,0.0355,Low Risk
5542-NKVRU,42,Two year,No,No internet service,No internet service,Bank transfer (automatic),20.75,2574,0,0,0.0354,Low Risk
3533-UVMOM,68,Two year,DSL,No,Yes,Bank transfer (automatic),70.95,5036,0,0,0.0353,Low Risk
5199-FPUSP,33,One year,DSL,Yes,Yes,Credit card (automatic),34.05,3044,0,0,0.0353,Low Risk
6922-NCEDI,56,One year,No,No internet service,No internet service,Mailed check,21.2,6473,0,0,0.0352,Low Risk
4933-BSAIP,40,Two year,No,No internet service,No internet service,Mailed check,19.1,2056,0,0,0.0352,Low Risk
9867-XOBQA,21,Two year,DSL,Yes,Yes,Mailed check,53.15,3461,0,0,0.0352,Low Risk
2027-DNKIV,37,One year,DSL,Yes,Yes,Mailed check,58.75,3483,0,0,0.035,Low Risk
9453-PATOS,72,Two year,DSL,Yes,Yes,Mailed check,85.1,4147,0,0,0.0349,Low Risk
1929-ZCBHE,47,One year,DSL,Yes,Yes,Electronic check,40.3,5040,0,0,0.0349,Low Risk
8194-PEEBY,24,One year,No,No internet service,No internet service,Mailed check,19.9,4158,0,0,0.0349,Low Risk
9258-CNWAC,71,Two year,Fiber optic,Yes,Yes,Credit card (automatic),113.65,6208,0,0,0.0349,Low Risk
2384-OVPSA,38,Two year,No,No internet service,No internet service,Mailed check,20.2,4947,0,0,0.0348,Low Risk
3399-BMLVW,51,Two year,DSL,Yes,Yes,Credit card (automatic),60.5,4994,0,0,0.0348,Low Risk
8207-DMRVL,72,Two year,Fiber optic,Yes,Yes,Bank transfer (automatic),114.55,6158,0,0,0.0348,Low Risk
5696-CEIQJ,67,Two year,Fiber optic,Yes,No,Bank transfer (automatic),103.15,4376,0,0,0.0346,Low Risk
4012-YCFAI,60,Two year,DSL,Yes,Yes,Mailed check,61.35,6174,0,0,0.0346,Low Risk
6950-TWMYB,54,Two year,Fiber optic,Yes,No,Bank transfer (automatic),79.95,4387,0,0,0.0345,Low Risk
6161-ERDGD,71,One year,DSL,Yes,Yes,Electronic check,85.45,5280,0,0,0.0345,Low Risk
5322-TEUJK,71,Two year,Fiber optic,Yes,Yes,Bank transfer (automatic),114.6,4071,0,0,0.0345,Low Risk
1494-EJZDW,10,Two year,No,No internet service,No internet service,Mailed check,20.15,2836,0,0,0.0344,Low Risk
9631-RXVJM,35,Two year,No,No internet service,No internet service,Mailed check,19.25,2682,0,0,0.0344,Low Risk
5766-FTRTS,72,Two year,DSL,Yes,Yes,Mailed check,84.45,6297,0,0,0.0342,Low Risk
5161-UBZXI,69,Two year,Fiber optic,Yes,Yes,Credit card (automatic),106.35,6315,0,0,0.0342,Low Risk
9624-EGDEQ,37,Two year,No,No internet service,No internet service,Mailed check,19.8,5336,0,0,0.0342,Low Risk
2703-AMTUL,36,One year,DSL,No,Yes,Mailed check,53.65,4113,0,0,0.0342,Low Risk
3712-PKXZA,61,One year,No,No internet service,No internet service,Credit card (automatic),20.55,5110,0,0,0.0342,Low Risk
5846-NEQVZ,71,Two year,DSL,Yes,Yes,Credit card (automatic),70.85,5328,0,0,0.0341,Low Risk
5906-DVAPM,55,One year,DSL,Yes,Yes,Credit card (automatic),75.0,5011,0,0,0.0341,Low Risk
8821-KVZKQ,70,One year,DSL,Yes,No,Bank transfer (automatic),58.4,4117,0,0,0.0341,Low Risk
9361-YNQWJ,64,One year,No,No internet service,No internet service,Bank transfer (automatic),24.4,5887,0,0,0.0341,Low Risk
9065-ZCPQX,72,Two year,DSL,Yes,Yes,Bank transfer (automatic),78.85,5091,0,0,0.0341,Low Risk
6322-HRPFA,49,Month-to-month,DSL,Yes,Yes,Credit card (automatic),59.6,4986,0,0,0.0341,Low Risk
7781-EWARA,70,One year,DSL,Yes,No,Electronic check,60.35,4122,0,0,0.034,Low Risk
0318-ZOPWS,49,Two year,No,No internet service,No internet service,Bank transfer (automatic),20.15,5422,0,0,0.0339,Low Risk
0064-SUDOG,12,Two year,No,No internet service,No internet service,Bank transfer (automatic),20.3,5190,0,0,0.0338,Low Risk
1985-MBRYP,43,Two year,No,No internet service,No internet service,Bank transfer (automatic),19.65,3678,0,0,0.0338,Low Risk
5158-RIVOP,11,Two year,No,No internet service,No internet service,Credit card (automatic),20.9,5359,0,0,0.0338,Low Risk
7898-PDWQE,71,Two year,DSL,Yes,Yes,Credit card (automatic),80.4,5228,0,0,0.0337,Low Risk
9602-WCXPI,50,One year,No,No internet service,No internet service,Credit card (automatic),20.15,5249,0,0,0.0336,Low Risk
4102-HLENU,67,Two year,DSL,No,Yes,Mailed check,65.65,5441,0,0,0.0334,Low Risk
3717-FDJFU,5,Two year,No,No internet service,No internet service,Mailed check,20.45,3353,0,0,0.0334,Low Risk
7963-SHNDT,52,Two year,DSL,Yes,Yes,Mailed check,39.1,4247,0,0,0.0334,Low Risk
5781-RFZRP,71,Two year,DSL,Yes,Yes,Credit card (automatic),73.5,5431,0,0,0.0334,Low Risk
2664-XJZNO,72,Two year,Fiber optic,Yes,Yes,Credit card (automatic),104.9,5169,0,0,0.0331,Low Risk
8234-GSZYK,43,Two year,No,No internet service,No internet service,Bank transfer (automatic),26.45,3881,0,0,0.0331,Low Risk
5915-ANOEI,70,Two year,DSL,Yes,Yes,Mailed check,79.15,4408,0,0,0.0331,Low Risk
4114-QMKVN,56,One year,DSL,No,Yes,Bank transfer (automatic),68.75,6494,0,0,0.033,Low Risk
6736-DHUQI,67,One year,Fiber optic,No,Yes,Bank transfer (automatic),84.8,6072,0,0,0.033,Low Risk
2954-PIBKO,69,Two year,DSL,Yes,Yes,Credit card (automatic),64.15,5128,0,0,0.033,Low Risk
6828-HMKWP,12,Two year,No,No internet service,No internet service,Bank transfer (automatic),21.05,4843,0,0,0.0329,Low Risk
8917-FAEMR,37,Two year,No,No internet service,No internet service,Mailed check,19.85,3408,0,0,0.0329,Low Risk
1053-MXTTK,72,Two year,Fiber optic,Yes,Yes,Bank transfer (automatic),108.65,5730,0,0,0.0329,Low Risk
0608-JDVEC,50,Two year,No,No internet service,No internet service,Electronic check,19.8,5914,0,0,0.0329,Low Risk
3071-MVJCD,72,Two year,DSL,Yes,Yes,Bank transfer (automatic),82.3,4162,0,0,0.0329,Low Risk
0343-QLUZP,60,Two year,DSL,No,Yes,Bank transfer (automatic),39.6,5544,0,0,0.0327,Low Risk
3831-YCPUO,72,Two year,Fiber optic,Yes,Yes,Credit card (automatic),109.5,6419,0,0,0.0327,Low Risk
4940-KHCWD,60,Two year,DSL,Yes,Yes,Bank transfer (automatic),37.7,5148,0,0,0.0326,Low Risk
2251-PYLPB,72,Two year,DSL,Yes,Yes,Credit card (automatic),79.55,4766,0,0,0.0326,Low Risk
1982-FEBTD,23,Two year,No,No internet service,No internet service,Credit card (automatic),25.6,5939,0,0,0.0326,Low Risk
1834-WULEG,24,One year,No,No internet service,No internet service,Mailed check,20.25,3000,0,0,0.0325,Low Risk
7560-QJAVJ,70,Two year,DSL,Yes,Yes,Bank transfer (automatic),79.6,5474,0,0,0.0324,Low Risk
1431-AIDJQ,33,Two year,DSL,Yes,No,Credit card (automatic),82.1,2281,0,0,0.0324,Low Risk
0442-TDYUO,48,Two year,No,No internet service,No internet service,Mailed check,20.05,2964,0,0,0.0324,Low Risk
0486-LGCCH,11,Two year,No,No internet service,No internet service,Mailed check,19.65,3372,0,0,0.0322,Low Risk
0621-TSSMU,56,One year,No,No internet service,No internet service,Credit card (automatic),19.95,4838,0,0,0.0322,Low Risk
2040-XBAVJ,72,Two year,Fiber optic,Yes,Yes,Bank transfer (automatic),114.45,4700,0,0,0.0322,Low Risk
3392-EHMNK,67,Two year,Fiber optic,Yes,No,Credit card (automatic),94.1,4803,0,0,0.0322,Low Risk
4056-QHXHZ,72,Two year,Fiber optic,Yes,Yes,Mailed check,107.45,5246,0,0,0.0321,Low Risk
0582-AVCLN,38,Two year,No,No internet service,No internet service,Mailed check,20.3,5919,0,0,0.032,Low Risk
4393-GEADV,70,Two year,Fiber optic,Yes,Yes,Credit card (automatic),114.75,5035,0,0,0.032,Low Risk
7632-YUTXB,25,One year,No,No internet service,No internet service,Mailed check,20.05,2010,0,0,0.0318,Low Risk
9174-IHETN,50,Two year,Fiber optic,No,No,Credit card (automatic),70.35,5521,0,0,0.0318,Low Risk
9178-JHUVJ,24,Two year,No,No internet service,No internet service,Bank transfer (automatic),24.1,4634,0,0,0.0318,Low Risk
6519-ZHPXP,72,Two year,Fiber optic,Yes,Yes,Bank transfer (automatic),108.3,4183,0,0,0.0318,Low Risk
2984-TBYKU,72,Two year,Fiber optic,Yes,Yes,Credit card (automatic),104.9,6378,0,0,0.0317,Low Risk
3795-GWTRD,63,Two year,DSL,Yes,Yes,Credit card (automatic),75.55,4626,0,0,0.0317,Low Risk
5442-PPTJY,12,Two year,No,No internet service,No internet service,Mailed check,19.7,5104,0,0,0.0317,Low Risk
1063-DHQJF,69,Two year,Fiber optic,Yes,No,Mailed check,92.15,5817,0,0,0.0316,Low Risk
9091-WTUUY,64,Two year,DSL,Yes,Yes,Mailed check,69.25,4226,0,0,0.0314,Low Risk
1032-MAELW,68,One year,DSL,Yes,Yes,Electronic check,78.45,5071,0,0,0.0313,Low Risk
2541-YGPKE,42,One year,DSL,Yes,Yes,Credit card (automatic),63.7,3764,0,0,0.0312,Low Risk
9755-JHNMN,49,Two year,DSL,Yes,Yes,Bank transfer (automatic),67.4,5075,0,0,0.0311,Low Risk
0019-GFNTW,56,Two year,DSL,Yes,Yes,Bank transfer (automatic),45.05,5795,0,0,0.0311,Low Risk
8191-XWSZG,52,One year,No,No internet service,No internet service,Mailed check,20.65,5186,0,0,0.031,Low Risk
6898-RBTLU,49,Two year,DSL,Yes,No,Bank transfer (automatic),79.3,6366,0,0,0.031,Low Risk
8338-QIUNR,72,Two year,DSL,Yes,Yes,Credit card (automatic),66.5,4397,0,0,0.031,Low Risk
6625-IUTTT,67,Two year,DSL,No,Yes,Bank transfer (automatic),65.55,6035,0,0,0.0309,Low Risk
4304-XUMGI,50,Two year,DSL,No,Yes,Bank transfer (automatic),75.15,6084,0,0,0.0309,Low Risk
7524-VRLPL,69,Two year,DSL,Yes,Yes,Credit card (automatic),74.1,4204,0,0,0.0307,Low Risk
4992-LTJNE,72,Two year,DSL,No,Yes,Bank transfer (automatic),55.3,6259,0,0,0.0306,Low Risk
6229-UOLQL,56,One year,DSL,Yes,Yes,Mailed check,52.0,5845,0,0,0.0305,Low Risk
0181-RITDD,62,Two year,Fiber optic,Yes,Yes,Mailed check,108.15,5298,0,0,0.0304,Low Risk
2300-RQGOI,38,Two year,No,No internet service,No internet service,Mailed check,20.05,2295,0,0,0.0303,Low Risk
2451-YMUXS,67,Two year,DSL,Yes,Yes,Bank transfer (automatic),64.55,4494,0,0,0.0303,Low Risk
6693-DJWTY,35,One year,DSL,No,Yes,Credit card (automatic),55.6,5964,0,0,0.0302,Low Risk
1043-YCUTE,56,Two year,No,No internet service,No internet service,Credit card (automatic),25.15,6484,1,0,0.0301,Low Risk
8760-ZRHKE,71,One year,DSL,No,Yes,Electronic check,69.2,5546,0,0,0.0301,Low Risk
2516-XSJKX,41,Two year,DSL,Yes,Yes,Electronic check,78.45,5468,0,0,0.03,Low Risk
5310-NOOVA,46,Two year,No,No internet service,No internet service,Electronic check,19.95,4006,0,0,0.03,Low Risk
2650-GYRYL,33,One year,No,No internet service,No internet service,Bank transfer (automatic),19.45,3470,0,0,0.0299,Low Risk
1092-WPIVQ,18,Two year,No,No internet service,No internet service,Mailed check,25.1,3675,0,0,0.0299,Low Risk
7274-CGTOD,62,Two year,DSL,Yes,Yes,Bank transfer (automatic),43.7,5254,0,0,0.0299,Low Risk
0854-UYHZD,13,Two year,No,No internet service,No internet service,Mailed check,19.55,2816,0,0,0.0298,Low Risk
1843-TLSGD,13,Two year,No,No internet service,No internet service,Mailed check,20.85,3163,0,0,0.0298,Low Risk
3400-ESFUW,55,Two year,DSL,Yes,Yes,Bank transfer (automatic),57.55,5463,1,0,0.0297,Low Risk
7473-ZBDSN,14,Two year,No,No internet service,No internet service,Mailed check,18.8,5751,0,0,0.0297,Low Risk
6061-GWWAV,41,One year,DSL,No,Yes,Mailed check,70.2,5365,0,0,0.0295,Low Risk
5006-MXVRN,39,Two year,No,No internet service,No internet service,Credit card (automatic),20.7,3733,0,0,0.0295,Low Risk
5825-XJOCM,48,One year,DSL,No,Yes,Bank transfer (automatic),64.4,2545,0,0,0.0295,Low Risk
1074-WVEVG,59,One year,No,No internet service,No internet service,Mailed check,20.35,5757,0,0,0.0295,Low Risk
2235-EZAIK,72,Two year,DSL,Yes,Yes,Credit card (automatic),79.2,4288,0,0,0.0295,Low Risk
6556-DBKZF,71,Two year,Fiber optic,No,No,Electronic check,76.05,5841,0,0,0.0294,Low Risk
9224-VTYID,47,Two year,DSL,Yes,Yes,Mailed check,90.5,3413,0,0,0.0294,Low Risk
6463-HHXJR,71,Two year,Fiber optic,No,Yes,Bank transfer (automatic),100.5,4080,0,0,0.0294,Low Risk
3129-AAQOU,19,Two year,No,No internet service,No internet service,Mailed check,25.6,5038,0,0,0.0293,Low Risk
8039-ACLPL,72,Two year,DSL,No,Yes,Credit card (automatic),68.75,4505,0,0,0.0293,Low Risk
5095-ETBRJ,55,Two year,DSL,Yes,Yes,Mailed check,56.8,4702,0,0,0.0293,Low Risk
8277-RVRSV,33,One year,No,No internet service,No internet service,Credit card (automatic),24.15,4501,0,0,0.0293,Low Risk
5803-NQJZO,72,Two year,DSL,Yes,Yes,Bank transfer (automatic),67.8,5242,0,0,0.0292,Low Risk
9710-NJERN,39,Two year,No,No internet service,No internet service,Mailed check,20.15,2007,0,0,0.0292,Low Risk
8259-DZLIZ,64,One year,DSL,No,No,Bank transfer (automatic),53.85,4954,0,0,0.0292,Low Risk
5044-XDPYX,51,Two year,No,No internet service,No internet service,Mailed check,25.5,5447,0,0,0.0291,Low Risk
1776-SPBWV,34,One year,No,No internet service,No internet service,Bank transfer (automatic),20.1,2272,0,0,0.0291,Low Risk
6925-BAYGL,53,Two year,No,No internet service,No internet service,Credit card (automatic),25.1,5295,0,0,0.029,Low Risk
3812-LRZIR,27,Two year,No,No internet service,No internet service,Electronic check,24.5,2645,0,0,0.029,Low Risk
9993-LHIEB,67,Two year,DSL,Yes,Yes,Mailed check,67.85,4792,0,0,0.0289,Low Risk
1452-UZOSF,72,Two year,Fiber optic,Yes,Yes,Credit card (automatic),106.1,4890,0,0,0.0289,Low Risk
9530-GRMJG,70,Two year,DSL,Yes,No,Electronic check,84.1,5568,0,0,0.0289,Low Risk
8097-OMULG,59,One year,DSL,Yes,No,Credit card (automatic),76.75,5918,0,0,0.0288,Low Risk
4872-JCVCA,71,Two year,DSL,Yes,Yes,Bank transfer (automatic),47.6,4795,0,0,0.0288,Low Risk
2351-BKRZW,43,Two year,DSL,No,Yes,Bank transfer (automatic),75.2,3976,0,0,0.0288,Low Risk
0362-RAOQO,40,Two year,No,No internet service,No internet service,Credit card (automatic),19.65,3878,0,0,0.0288,Low Risk
6013-BHCAW,61,Two year,DSL,Yes,No,Bank transfer (automatic),81.0,4151,0,0,0.0287,Low Risk
7471-MQPOS,71,One year,DSL,Yes,No,Bank transfer (automatic),72.9,6404,0,0,0.0286,Low Risk
5993-JSUWV,66,Two year,DSL,No,Yes,Bank transfer (automatic),61.15,5133,0,0,0.0286,Low Risk
1897-RCFUM,39,One year,No,No internet service,No internet service,Mailed check,24.2,3109,0,0,0.0285,Low Risk
7860-KSUGX,72,Two year,DSL,No,Yes,Credit card (automatic),64.45,6330,0,0,0.0285,Low Risk
5614-DNZCE,58,Two year,DSL,Yes,Yes,Credit card (automatic),64.9,5040,0,0,0.0285,Low Risk
4994-OBRSZ,14,Two year,DSL,Yes,Yes,Bank transfer (automatic),76.1,2045,0,0,0.0285,Low Risk
4735-BJKOU,40,Two year,No,No internet service,No internet service,Mailed check,20.15,3915,0,0,0.0284,Low Risk
4530-NDRKU,42,One year,No,No internet service,No internet service,Electronic check,19.05,5091,0,0,0.0282,Low Risk
8242-PDSGJ,70,Two year,DSL,Yes,Yes,Credit card (automatic),39.15,5840,0,0,0.0281,Low Risk
4227-OJHAL,68,One year,DSL,No,Yes,Credit card (automatic),73.0,4156,0,0,0.0281,Low Risk
3719-TDVQB,54,Two year,No,No internet service,No internet service,Mailed check,18.95,5548,0,0,0.028,Low Risk
8402-OOOHJ,41,Two year,No,No internet service,No internet service,Mailed check,20.65,5918,0,0,0.0279,Low Risk
0191-EQUUH,25,Two year,DSL,Yes,Yes,Bank transfer (automatic),35.05,2754,0,0,0.0279,Low Risk
3097-FQTVJ,41,Two year,No,No internet service,No internet service,Mailed check,20.0,5913,0,0,0.0279,Low Risk
2819-GWENI,28,One year,No,No internet service,No internet service,Mailed check,19.9,2987,0,0,0.0278,Low Risk
2969-VAPYH,67,One year,DSL,Yes,Yes,Credit card (automatic),60.5,4363,0,0,0.0278,Low Risk
5176-LMJXE,47,Two year,No,No internet service,No internet service,Mailed check,20.55,5404,0,0,0.0277,Low Risk
6695-FRVEC,67,Two year,DSL,Yes,Yes,Bank transfer (automatic),60.4,5356,0,0,0.0277,Low Risk
3133-PZNSR,72,Two year,Fiber optic,Yes,Yes,Credit card (automatic),97.75,4054,0,0,0.0277,Low Risk
2878-DHMIN,35,One year,No,No internet service,No internet service,Electronic check,19.9,2334,0,0,0.0276,Low Risk
6980-CDGFC,67,One year,No,No internet service,No internet service,Bank transfer (automatic),20.85,5972,0,0,0.0276,Low Risk
7998-WNZEM,71,Two year,DSL,Yes,Yes,Bank transfer (automatic),80.6,5447,0,0,0.0276,Low Risk
5093-FEGLU,47,Two year,No,No internet service,No internet service,Bank transfer (automatic),19.65,4159,0,0,0.0273,Low Risk
1051-EQPZR,44,Month-to-month,No,No internet service,No internet service,Mailed check,19.6,5584,0,0,0.0273,Low Risk
6754-WKSHP,30,One year,No,No internet service,No internet service,Bank transfer (automatic),25.35,5915,0,0,0.0273,Low Risk
8780-YRMTT,66,Two year,DSL,Yes,Yes,Mailed check,47.4,6435,0,0,0.0272,Low Risk
2404-JIBFC,55,Two year,DSL,Yes,Yes,Bank transfer (automatic),85.1,5661,0,0,0.0272,Low Risk
7636-PEPNS,58,One year,DSL,No,No,Mailed check,44.1,5040,0,0,0.0272,Low Risk
9801-NOSHQ,23,One year,No,No internet service,No internet service,Mailed check,19.8,3058,0,0,0.0271,Low Risk
0336-PIKEI,72,Two year,DSL,Yes,Yes,Bank transfer (automatic),74.4,5590,0,0,0.0271,Low Risk
2405-LBMUW,61,One year,DSL,Yes,Yes,Bank transfer (automatic),50.7,5024,0,0,0.0268,Low Risk
4636-OLWOE,54,One year,DSL,Yes,No,Electronic check,61.0,5594,0,0,0.0268,Low Risk
3512-IZIKN,70,Two year,DSL,Yes,Yes,Credit card (automatic),65.3,5591,1,0,0.0268,Low Risk
1862-QRWPE,48,Two year,No,No internet service,No internet service,Bank transfer (automatic),20.65,4124,0,0,0.0267,Low Risk
1699-TLDLZ,16,Two year,No,No internet service,No internet service,Mailed check,19.7,5293,0,0,0.0267,Low Risk
6000-UKLWI,41,Two year,No,No internet service,No internet service,Mailed check,20.15,4982,0,0,0.0267,Low Risk
9795-SHUHB,66,Two year,DSL,Yes,Yes,Credit card (automatic),58.2,5313,0,0,0.0264,Low Risk
2335-GSODA,23,Two year,DSL,Yes,Yes,Mailed check,40.1,2327,0,0,0.0263,Low Risk
9830-ECLEN,58,One year,DSL,No,Yes,Mailed check,50.0,4704,0,0,0.0263,Low Risk
2077-DDHJK,68,Two year,DSL,Yes,Yes,Credit card (automatic),70.9,4114,0,0,0.0262,Low Risk
2266-FUBDZ,15,Two year,No,No internet service,No internet service,Mailed check,19.35,2742,0,0,0.0262,Low Risk
8069-RHUXK,67,Two year,DSL,Yes,Yes,Credit card (automatic),35.7,5655,0,0,0.0262,Low Risk
8990-YOZLV,69,Two year,DSL,Yes,Yes,Mailed check,66.9,5059,0,0,0.026,Low Risk
1960-UOTYM,52,Two year,DSL,No,Yes,Electronic check,79.2,4509,0,0,0.0259,Low Risk
4891-NLUBA,61,Two year,DSL,Yes,No,Bank transfer (automatic),61.45,5063,0,0,0.0259,Low Risk
7601-DHFWZ,48,Two year,No,No internet service,No internet service,Credit card (automatic),24.0,3948,0,0,0.0258,Low Risk
1676-MQAOA,72,Two year,DSL,Yes,Yes,Bank transfer (automatic),75.1,6284,0,0,0.0256,Low Risk
8165-CBKXO,66,Two year,DSL,No,No,Credit card (automatic),56.75,5748,0,0,0.0256,Low Risk
0804-YGEQV,43,One year,No,No internet service,No internet service,Bank transfer (automatic),24.45,5119,0,0,0.0255,Low Risk
1073-XXCZD,55,Two year,No,No internet service,No internet service,Bank transfer (automatic),25.7,6228,0,0,0.0255,Low Risk
8143-ETQTI,23,Two year,No,No internet service,No internet service,Mailed check,19.65,4896,0,0,0.0254,Low Risk
3200-MNQTF,67,Two year,DSL,Yes,Yes,Credit card (automatic),70.9,4361,0,0,0.0254,Low Risk
4883-KCPZJ,22,Two year,No,No internet service,No internet service,Credit card (automatic),25.25,4386,0,0,0.0254,Low Risk
0526-SXDJP,72,Two year,DSL,No,Yes,Bank transfer (automatic),42.1,6091,0,0,0.0253,Low Risk
9372-TXXPS,60,Two year,DSL,Yes,Yes,Bank transfer (automatic),59.85,4029,0,0,0.0253,Low Risk
3389-KTRXV,23,Two year,No,No internet service,No internet service,Mailed check,23.85,5945,0,0,0.0253,Low Risk
1266-NZYUI,72,Two year,DSL,Yes,Yes,Bank transfer (automatic),66.85,6264,0,0,0.0252,Low Risk
0848-SOMKO,70,Two year,DSL,Yes,Yes,Bank transfer (automatic),48.4,4483,0,0,0.0252,Low Risk
0885-HMGPY,62,Two year,DSL,Yes,Yes,Bank transfer (automatic),69.4,6469,0,0,0.0252,Low Risk
4018-PPNDW,61,Two year,No,No internet service,No internet service,Mailed check,24.1,5970,0,0,0.025,Low Risk
9588-YRFHY,49,Two year,No,No internet service,No internet service,Credit card (automatic),19.9,5240,0,0,0.0249,Low Risk
3569-VLDHH,66,One year,DSL,Yes,Yes,Electronic check,75.1,6123,0,0,0.0249,Low Risk
2193-SFWQW,72,Two year,Fiber optic,Yes,Yes,Bank transfer (automatic),111.95,4004,0,0,0.0248,Low Risk
4573-JKNAE,12,Two year,No,No internet service,No internet service,Bank transfer (automatic),19.35,2558,0,0,0.0248,Low Risk
9646-NMHXE,47,Two year,No,No internet service,No internet service,Mailed check,19.65,2021,0,0,0.0248,Low Risk
6696-YDAYZ,16,Two year,No,No internet service,No internet service,Mailed check,20.5,2856,0,0,0.0248,Low Risk
6384-VMJHP,72,Two year,DSL,Yes,Yes,Credit card (automatic),73.0,5127,0,0,0.0248,Low Risk
5583-EJXRD,44,Two year,DSL,Yes,Yes,Credit card (automatic),54.05,4896,0,0,0.0245,Low Risk
1047-RNXZV,43,Two year,No,No internet service,No internet service,Mailed check,19.55,4871,0,0,0.0245,Low Risk
4521-WFJAI,56,Two year,No,No internet service,No internet service,Bank transfer (automatic),25.95,4246,0,0,0.0245,Low Risk
2599-CIPQE,71,Two year,Fiber optic,Yes,Yes,Credit card (automatic),109.3,5737,0,0,0.0244,Low Risk
8592-PLTMQ,64,One year,No,No internet service,No internet service,Mailed check,24.7,5655,0,0,0.0244,Low Risk
1813-JLKWR,64,One year,No,No internet service,No internet service,Bank transfer (automatic),19.8,5384,0,0,0.0242,Low Risk
6407-GSJNL,51,Two year,No,No internet service,No internet service,Bank transfer (automatic),24.95,5458,0,0,0.0241,Low Risk
3021-VLNRJ,50,One year,DSL,Yes,Yes,Credit card (automatic),70.8,4798,0,0,0.0241,Low Risk
6609-MXJHJ,30,Two year,No,No internet service,No internet service,Mailed check,25.1,5851,0,0,0.0241,Low Risk
2606-PKWJB,40,One year,DSL,Yes,Yes,Mailed check,40.25,4288,0,0,0.0241,Low Risk
8067-NIOYM,24,Two year,No,No internet service,No internet service,Credit card (automatic),21.1,4368,0,0,0.024,Low Risk
5788-YPOEG,34,Two year,DSL,Yes,Yes,Mailed check,84.75,2020,0,0,0.024,Low Risk
3170-NMYVV,50,Two year,No,No internet service,No internet service,Bank transfer (automatic),20.15,5849,0,0,0.0239,Low Risk
9499-XPZXM,72,Two year,DSL,Yes,Yes,Bank transfer (automatic),64.75,4675,0,0,0.0239,Low Risk
1089-XZWHH,24,Two year,No,No internet service,No internet service,Mailed check,19.7,3594,0,0,0.0239,Low Risk
5208-FVQKB,70,Two year,DSL,Yes,Yes,Mailed check,67.95,5514,0,0,0.0238,Low Risk
6292-TOSSS,50,Two year,No,No internet service,No internet service,Bank transfer (automatic),24.9,4297,0,0,0.0237,Low Risk
2176-OSJUV,71,Two year,DSL,Yes,Yes,Bank transfer (automatic),65.15,4384,0,0,0.0236,Low Risk
8606-OEGQZ,18,Two year,No,No internet service,No internet service,Credit card (automatic),25.3,3416,0,0,0.0235,Low Risk
2808-CHTDM,23,Two year,No,No internet service,No internet service,Mailed check,25.1,2267,0,0,0.0235,Low Risk
5519-TEEUH,33,One year,No,No internet service,No internet service,Mailed check,20.15,5759,0,0,0.0235,Low Risk
7416-CKTEP,57,Two year,No,No internet service,No internet service,Bank transfer (automatic),19.6,6064,0,0,0.0234,Low Risk
4342-HFXWS,48,One year,DSL,Yes,Yes,Bank transfer (automatic),69.7,3442,0,0,0.0234,Low Risk
6901-GOGZG,60,Two year,DSL,Yes,Yes,Electronic check,84.95,4104,0,0,0.0233,Low Risk
4293-ETKAP,65,Two year,DSL,Yes,No,Bank transfer (automatic),79.4,4023,0,0,0.0233,Low Risk
1498-NHTLT,59,Two year,DSL,Yes,Yes,Electronic check,86.75,5020,0,0,0.0233,Low Risk
5075-JSDKI,59,Two year,No,No internet service,No internet service,Electronic check,24.45,6196,0,0,0.0233,Low Risk
3896-ZVNET,24,Two year,No,No internet service,No internet service,Mailed check,24.7,5302,0,0,0.0232,Low Risk
5324-KTGCG,71,One year,No,No internet service,No internet service,Electronic check,20.85,4837,0,0,0.0232,Low Risk
3460-TJBWI,24,Two year,No,No internet service,No internet service,Mailed check,24.2,5865,0,0,0.0231,Low Risk
2550-AEVRU,57,One year,DSL,No,Yes,Electronic check,53.45,5660,0,0,0.023,Low Risk
8510-TMWYB,54,Two year,DSL,No,No,Bank transfer (automatic),59.8,5898,0,0,0.023,Low Risk
0757-WCUUZ,54,Two year,DSL,No,No,Credit card (automatic),63.35,4232,0,0,0.023,Low Risk
8896-RAZCR,44,Two year,No,No internet service,No internet service,Mailed check,19.9,2809,0,0,0.023,Low Risk
5668-MEISB,72,Two year,Fiber optic,Yes,Yes,Credit card (automatic),106.1,5146,0,0,0.0229,Low Risk
2892-GESUL,18,Two year,No,No internet service,No internet service,Mailed check,19.35,2269,0,0,0.0229,Low Risk
6425-JWTDV,48,Two year,No,No internet service,No internet service,Mailed check,19.25,2282,0,0,0.0229,Low Risk
6164-HAQTX,71,Two year,DSL,Yes,Yes,Bank transfer (automatic),53.95,4094,0,0,0.0229,Low Risk
8028-PNXHQ,62,Two year,No,No internet service,No internet service,Bank transfer (automatic),24.25,4444,0,0,0.0229,Low Risk
8999-EXMNO,19,Two year,No,No internet service,No internet service,Mailed check,20.15,4246,0,0,0.0228,Low Risk
8265-HKSOW,72,Two year,Fiber optic,Yes,Yes,Credit card (automatic),107.45,4505,0,0,0.0228,Low Risk
1215-EXRMO,50,Two year,No,No internet service,No internet service,Mailed check,20.55,4745,0,0,0.0225,Low Risk
9661-JALZV,58,Two year,No,No internet service,No internet service,Credit card (automatic),24.7,5138,0,0,0.0225,Low Risk
4625-LAMOB,44,Two year,No,No internet service,No internet service,Credit card (automatic),20.4,2404,0,0,0.0225,Low Risk
6522-OIQSX,69,Two year,DSL,No,No,Credit card (automatic),54.95,4175,0,0,0.0224,Low Risk
7921-BEPCI,72,Two year,DSL,No,Yes,Bank transfer (automatic),59.75,4515,0,0,0.0224,Low Risk
4804-NCPET,19,Two year,No,No internet service,No internet service,Mailed check,20.2,4821,0,0,0.0224,Low Risk
5227-JSCFE,71,Two year,DSL,Yes,Yes,Credit card (automatic),46.35,5421,0,0,0.0224,Low Risk
2662-NNTDK,65,One year,No,No internet service,No internet service,Credit card (automatic),24.8,5826,0,0,0.0224,Low Risk
5356-KZCKT,58,Two year,No,No internet service,No internet service,Credit card (automatic),24.45,6490,0,0,0.0224,Low Risk
7711-YIJWC,61,One year,DSL,Yes,Yes,Bank transfer (automatic),84.9,4413,0,0,0.0224,Low Risk
9359-JANWS,65,Two year,DSL,Yes,Yes,Credit card (automatic),58.9,5657,0,0,0.0223,Low Risk
5849-ASHZJ,27,One year,No,No internet service,No internet service,Credit card (automatic),20.05,2400,0,0,0.0222,Low Risk
6725-TPKJO,44,Two year,No,No internet service,No internet service,Mailed check,20.05,2798,0,0,0.0222,Low Risk
5321-NTRKC,66,Two year,DSL,No,No,Bank transfer (automatic),79.85,6236,0,0,0.0222,Low Risk
0052-YNYOT,67,One year,No,No internet service,No internet service,Electronic check,20.55,5462,0,0,0.0222,Low Risk
8042-RNLKO,66,One year,No,No internet service,No internet service,Bank transfer (automatic),25.45,4163,0,0,0.0221,Low Risk
0562-KBDVM,70,Two year,DSL,Yes,Yes,Bank transfer (automatic),44.6,4442,0,0,0.0221,Low Risk
5453-YBTWV,70,Two year,Fiber optic,Yes,Yes,Credit card (automatic),101.1,4226,0,0,0.0221,Low Risk
8241-JUIQO,61,One year,No,No internet service,No internet service,Bank transfer (automatic),19.45,4559,0,0,0.0219,Low Risk
6080-LNESI,51,Two year,No,No internet service,No internet service,Mailed check,24.75,5080,0,0,0.0219,Low Risk
9958-MEKUC,72,Two year,Fiber optic,Yes,Yes,Credit card (automatic),103.95,4495,0,0,0.0219,Low Risk
0071-NDAFP,25,Two year,No,No internet service,No internet service,Credit card (automatic),25.5,5230,0,0,0.0217,Low Risk
9945-PSVIP,25,Two year,No,No internet service,No internet service,Mailed check,18.7,2289,0,0,0.0216,Low Risk
1403-LKLIK,33,One year,No,No internet service,No internet service,Mailed check,20.1,3342,0,0,0.0216,Low Risk
9668-PUGNU,71,Two year,No,No internet service,No internet service,Electronic check,24.5,4058,0,0,0.0215,Low Risk
5859-HZYLF,26,Two year,No,No internet service,No internet service,Credit card (automatic),19.15,4347,0,0,0.0214,Low Risk
2068-WWXQZ,46,Two year,No,No internet service,No internet service,Bank transfer (automatic),20.05,2942,0,0,0.0214,Low Risk
5995-LFTLE,58,Two year,No,No internet service,No internet service,Credit card (automatic),25.3,4477,0,0,0.0213,Low Risk
3948-KXDUF,66,Two year,DSL,Yes,Yes,Bank transfer (automatic),68.75,5454,0,0,0.0213,Low Risk
4737-AQCPU,72,Two year,DSL,Yes,Yes,Credit card (automatic),72.1,4658,0,0,0.0212,Low Risk
0932-YIXYU,47,Two year,No,No internet service,No internet service,Credit card (automatic),20.25,5134,0,0,0.0212,Low Risk
1223-UNPKS,20,Two year,No,No internet service,No internet service,Mailed check,20.05,4328,0,0,0.0212,Low Risk
4295-YURET,56,Two year,DSL,Yes,Yes,Credit card (automatic),72.6,6357,0,0,0.021,Low Risk
1757-TCATG,35,One year,No,No internet service,No internet service,Bank transfer (automatic),20.05,3942,0,0,0.021,Low Risk
6614-YWYSC,61,Two year,No,No internet service,No internet service,Bank transfer (automatic),25.0,6421,0,0,0.0209,Low Risk
0263-FJTQO,50,Two year,DSL,Yes,Yes,Credit card (automatic),70.5,4022,0,0,0.0209,Low Risk
6961-MJKBO,47,Two year,No,No internet service,No internet service,Bank transfer (automatic),20.45,4342,0,0,0.0209,Low Risk
8587-XYZSF,67,Two year,DSL,Yes,No,Bank transfer (automatic),50.55,6064,0,0,0.0209,Low Risk
5627-TVBPP,35,One year,No,No internet service,No internet service,Credit card (automatic),20.1,3726,0,0,0.0209,Low Risk
7665-NKLAV,36,Two year,DSL,Yes,Yes,Credit card (automatic),40.65,2564,0,0,0.0208,Low Risk
0654-PQKDW,62,One year,DSL,Yes,Yes,Bank transfer (automatic),70.75,4133,0,0,0.0208,Low Risk
7596-ZYWBB,65,Two year,DSL,Yes,Yes,Mailed check,59.6,4372,0,0,0.0208,Low Risk
5696-JVVQY,48,Two year,DSL,No,Yes,Credit card (automatic),70.1,5476,0,0,0.0207,Low Risk
6087-YPWHO,72,Two year,DSL,Yes,Yes,Mailed check,68.15,4613,0,0,0.0205,Low Risk
3764-MNMOI,46,Two year,No,No internet service,No internet service,Credit card (automatic),19.2,2776,0,0,0.0205,Low Risk
9717-IOAAF,27,Two year,No,No internet service,No internet service,Credit card (automatic),25.85,2682,0,0,0.0204,Low Risk
8645-KOMJQ,69,Two year,DSL,Yes,No,Bank transfer (automatic),81.95,6182,0,0,0.0204,Low Risk
5529-GIBVH,47,Two year,No,No internet service,No internet service,Mailed check,20.15,2618,0,0,0.0204,Low Risk
9548-ZMVTX,72,Two year,Fiber optic,Yes,No,Bank transfer (automatic),90.45,4461,0,0,0.0203,Low Risk
8008-OTEZX,35,One year,No,No internet service,No internet service,Mailed check,19.65,3739,0,0,0.0202,Low Risk
7973-DZRKH,66,Two year,Fiber optic,Yes,Yes,Credit card (automatic),90.95,6204,0,0,0.0202,Low Risk
2498-XLDZR,32,Two year,DSL,Yes,Yes,Mailed check,73.6,4343,0,0,0.0201,Low Risk
3429-IFLEM,71,Two year,DSL,Yes,Yes,Credit card (automatic),77.35,4846,0,0,0.0201,Low Risk
1930-QPBVZ,68,Two year,Fiber optic,Yes,Yes,Bank transfer (automatic),95.1,5748,0,0,0.0201,Low Risk
1177-XZBJL,53,One year,DSL,Yes,Yes,Bank transfer (automatic),64.15,5570,0,0,0.0201,Low Risk
4962-CHQPW,29,One year,No,No internet service,No internet service,Mailed check,19.85,2941,0,0,0.02,Low Risk
3070-FNFZQ,23,Two year,No,No internet service,No internet service,Bank transfer (automatic),20.4,4698,0,0,0.02,Low Risk
3785-KTYSH,53,Two year,No,No internet service,No internet service,Mailed check,24.6,4610,0,0,0.0198,Low Risk
1534-OULXE,61,One year,DSL,No,Yes,Bank transfer (automatic),49.7,4577,0,0,0.0198,Low Risk
3662-FXJFO,54,Two year,No,No internet service,No internet service,Mailed check,20.5,5946,0,0,0.0197,Low Risk
3154-HMWUU,60,Two year,No,No internet service,No internet service,Bank transfer (automatic),20.5,5848,0,0,0.0196,Low Risk
1657-DYMBM,53,Two year,No,No internet service,No internet service,Credit card (automatic),19.9,4157,0,0,0.0194,Low Risk
6729-FZWSY,67,One year,No,No internet service,No internet service,Mailed check,19.45,5343,0,0,0.0192,Low Risk
4361-FEBGN,48,Two year,No,No internet service,No internet service,Credit card (automatic),20.15,4399,0,0,0.0191,Low Risk
5751-USDBL,46,Two year,DSL,Yes,Yes,Mailed check,81.0,4280,0,0,0.0191,Low Risk
6370-ZVHDV,61,Two year,No,No internet service,No internet service,Bank transfer (automatic),25.3,4501,0,0,0.0191,Low Risk
5622-UEJFI,35,Two year,No,No internet service,No internet service,Credit card (automatic),25.4,5070,0,0,0.019,Low Risk
9581-GVBXT,59,One year,DSL,No,Yes,Mailed check,34.8,6300,0,0,0.019,Low Risk
2143-LJULT,67,Two year,No,No internet service,No internet service,Credit card (automatic),25.25,5887,0,0,0.019,Low Risk
4299-OPXEJ,56,Two year,No,No internet service,No internet service,Bank transfer (automatic),19.55,5764,0,0,0.0189,Low Risk
1241-EZFMJ,61,Two year,No,No internet service,No internet service,Bank transfer (automatic),25.45,6015,0,0,0.0189,Low Risk
8540-ZQGEA,54,Two year,No,No internet service,No internet service,Credit card (automatic),20.05,4212,0,0,0.0188,Low Risk
1897-OKVMW,64,Two year,DSL,Yes,Yes,Mailed check,90.6,5240,0,0,0.0188,Low Risk
5472-CVMDX,68,Two year,DSL,Yes,Yes,Mailed check,38.9,5278,0,0,0.0187,Low Risk
9916-AYHTC,48,Two year,No,No internet service,No internet service,Credit card (automatic),19.85,3779,0,0,0.0186,Low Risk
0016-QLJIS,65,Two year,DSL,Yes,Yes,Mailed check,90.45,5509,0,0,0.0186,Low Risk
9950-MTGYX,28,Two year,No,No internet service,No internet service,Credit card (automatic),20.3,2948,0,0,0.0185,Low Risk
4335-BSMJS,62,Two year,No,No internet service,No internet service,Credit card (automatic),25.8,6201,0,0,0.0185,Low Risk
9639-BUJXT,63,One year,No,No internet service,No internet service,Mailed check,20.5,5997,0,0,0.0185,Low Risk
2817-LVCPP,50,Two year,No,No internet service,No internet service,Credit card (automatic),19.4,6233,0,0,0.0185,Low Risk
4698-KVLLG,51,Two year,No,No internet service,No internet service,Credit card (automatic),19.6,4224,0,0,0.0185,Low Risk
1172-VIYBP,53,Two year,DSL,No,Yes,Bank transfer (automatic),69.7,4975,0,0,0.0184,Low Risk
0354-VXMJC,23,Two year,No,No internet service,No internet service,Credit card (automatic),19.6,4617,0,0,0.0184,Low Risk
9067-YGSCA,70,One year,No,No internet service,No internet service,Credit card (automatic),26.05,4467,0,0,0.0183,Low Risk
2725-IWWBA,46,One year,DSL,Yes,Yes,Mailed check,56.9,4258,0,0,0.0182,Low Risk
8207-VVMYB,70,Two year,No,No internet service,No internet service,Bank transfer (automatic),26.0,6170,0,0,0.0182,Low Risk
9286-BHDQG,72,Two year,DSL,Yes,Yes,Credit card (automatic),45.25,5041,0,0,0.0181,Low Risk
3653-NCRDJ,43,One year,No,No internet service,No internet service,Mailed check,19.2,5594,0,0,0.0181,Low Risk
6923-AQONU,23,Two year,No,No internet service,No internet service,Mailed check,20.9,4076,0,0,0.0181,Low Risk
1080-BWSYE,64,Two year,No,No internet service,No internet service,Credit card (automatic),25.65,6469,0,0,0.0181,Low Risk
5248-RPYWW,72,Two year,DSL,Yes,Yes,Bank transfer (automatic),90.15,4606,0,0,0.018,Low Risk
0969-RGKCU,37,One year,No,No internet service,No internet service,Credit card (automatic),19.8,5137,0,0,0.018,Low Risk
1635-HDGFT,19,Two year,No,No internet service,No internet service,Mailed check,20.5,4855,0,0,0.018,Low Risk
7452-FOLON,39,One year,No,No internet service,No internet service,Bank transfer (automatic),25.45,5986,0,0,0.0179,Low Risk
8173-RXAYP,24,Two year,No,No internet service,No internet service,Mailed check,19.7,4642,0,0,0.0179,Low Risk
9888-ZCUMM,64,Two year,DSL,Yes,Yes,Bank transfer (automatic),60.05,4120,0,0,0.0178,Low Risk
7771-CFQRQ,47,Two year,DSL,Yes,No,Bank transfer (automatic),63.8,5144,0,0,0.0178,Low Risk
4487-ZYJZK,38,One year,No,No internet service,No internet service,Credit card (automatic),19.6,4623,0,0,0.0178,Low Risk
4807-IZYOZ,51,Two year,No,No internet service,No internet service,Bank transfer (automatic),20.65,4725,0,0,0.0177,Low Risk
6369-MCAKO,68,Two year,DSL,Yes,Yes,Bank transfer (automatic),89.05,5001,0,0,0.0177,Low Risk
1506-YJTYT,45,Two year,DSL,Yes,Yes,Credit card (automatic),73.85,5264,0,0,0.0177,Low Risk
9227-YBAXE,65,Two year,DSL,Yes,Yes,Bank transfer (automatic),82.5,5314,0,0,0.0177,Low Risk
3544-FBCAS,72,Two year,DSL,No,Yes,Credit card (automatic),83.6,4116,0,0,0.0177,Low Risk
4785-FCIFB,61,Two year,No,No internet service,No internet service,Mailed check,24.4,4900,0,0,0.0177,Low Risk
2632-TACXW,62,Two year,No,No internet service,No internet service,Bank transfer (automatic),23.65,4671,0,0,0.0176,Low Risk
1830-GGFNM,65,Two year,Fiber optic,Yes,Yes,Credit card (automatic),94.55,4603,0,0,0.0176,Low Risk
8590-OHDIW,38,One year,No,No internet service,No internet service,Mailed check,20.3,4686,0,0,0.0176,Low Risk
8232-CTLKO,66,Two year,DSL,No,Yes,Electronic check,59.75,5979,0,0,0.0176,Low Risk
1619-YWUBB,68,Two year,No,No internet service,No internet service,Credit card (automatic),24.95,6146,0,0,0.0175,Low Risk
6199-IPCAO,29,Two year,No,No internet service,No internet service,Mailed check,26.1,2828,0,0,0.0175,Low Risk
0298-XACET,52,Two year,DSL,Yes,No,Mailed check,50.2,5396,0,0,0.0174,Low Risk
7688-AWMDX,71,Two year,DSL,Yes,Yes,Bank transfer (automatic),54.5,4957,0,0,0.0173,Low Risk
5126-RCXYW,54,Two year,DSL,Yes,No,Credit card (automatic),46.0,4451,0,0,0.0173,Low Risk
8450-LUGUK,37,Two year,No,No internet service,No internet service,Bank transfer (automatic),24.1,3753,0,0,0.0173,Low Risk
3978-YNKDD,19,Two year,No,No internet service,No internet service,Credit card (automatic),20.85,2654,0,0,0.0173,Low Risk
7267-FRMJW,25,Two year,No,No internet service,No internet service,Mailed check,20.1,5306,0,0,0.0173,Low Risk
7153-CHRBV,57,One year,DSL,Yes,Yes,Mailed check,59.3,6287,0,0,0.0172,Low Risk
8590-YFFQO,70,Two year,DSL,Yes,Yes,Credit card (automatic),64.95,5669,0,0,0.0172,Low Risk
6772-WFQRD,40,One year,No,No internet service,No internet service,Bank transfer (automatic),20.4,3200,0,0,0.0171,Low Risk
0229-LFJAF,72,Two year,DSL,Yes,Yes,Bank transfer (automatic),69.65,4262,0,0,0.0171,Low Risk
6762-QVYJO,58,Two year,DSL,Yes,Yes,Mailed check,59.75,4678,0,0,0.017,Low Risk
9028-LIHRP,71,Two year,Fiber optic,Yes,Yes,Credit card (automatic),100.2,5502,0,0,0.017,Low Risk
8701-DGLVH,51,Two year,No,No internet service,No internet service,Mailed check,20.45,6097,0,0,0.0169,Low Risk
2137-DQMEV,68,One year,DSL,No,Yes,Mailed check,44.8,4112,0,0,0.0169,Low Risk
5821-MMEIL,57,Two year,No,No internet service,No internet service,Bank transfer (automatic),19.9,4408,0,0,0.0169,Low Risk
5996-EBTKM,67,Two year,DSL,Yes,No,Bank transfer (automatic),69.9,6079,0,0,0.0167,Low Risk
1088-AUUZZ,56,Two year,DSL,Yes,Yes,Credit card (automatic),75.85,5314,0,0,0.0167,Low Risk
5666-MBJPT,65,Two year,No,No internet service,No internet service,Bank transfer (automatic),25.1,5449,0,0,0.0167,Low Risk
0281-CNTZX,63,Two year,No,No internet service,No internet service,Bank transfer (automatic),19.95,5151,0,0,0.0167,Low Risk
2452-MRMZF,72,Two year,No,No internet service,No internet service,Credit card (automatic),25.7,5079,0,0,0.0167,Low Risk
0739-UUAJR,72,Two year,DSL,No,Yes,Credit card (automatic),53.8,4954,0,0,0.0167,Low Risk
8361-LBRDI,58,Two year,No,No internet service,No internet service,Credit card (automatic),24.35,6190,0,0,0.0166,Low Risk
6217-KDYWC,57,Two year,No,No internet service,No internet service,Mailed check,19.6,4393,0,0,0.0166,Low Risk
6546-OPBBH,51,One year,No,No internet service,No internet service,Mailed check,23.95,5895,0,0,0.0166,Low Risk
3566-CAAYU,64,Two year,DSL,Yes,No,Electronic check,49.85,5644,0,0,0.0166,Low Risk
3212-KXOCR,52,Two year,No,No internet service,No internet service,Bank transfer (automatic),21.0,4158,0,0,0.0166,Low Risk
9415-ZNBSX,70,Two year,DSL,Yes,Yes,Bank transfer (automatic),89.0,5650,0,0,0.0166,Low Risk
1231-YNDEK,58,Two year,No,No internet service,No internet service,Bank transfer (automatic),19.15,6339,0,0,0.0166,Low Risk
3148-AOIQT,69,Two year,No,No internet service,No internet service,Credit card (automatic),24.95,4106,0,0,0.0165,Low Risk
8295-KMENE,59,Two year,DSL,Yes,Yes,Mailed check,76.45,5978,0,0,0.0164,Low Risk
8619-IJNDK,71,Two year,DSL,Yes,Yes,Credit card (automatic),64.05,4374,0,0,0.0163,Low Risk
9541-ZPSEA,68,Two year,Fiber optic,No,Yes,Credit card (automatic),80.35,5954,0,0,0.0163,Low Risk
5322-ZSMZY,31,Two year,No,No internet service,No internet service,Mailed check,25.75,5472,0,0,0.0163,Low Risk
0277-ORXQS,66,Two year,DSL,Yes,No,Bank transfer (automatic),50.55,4652,0,0,0.0163,Low Risk
5605-XNWEN,72,Two year,No,No internet service,No internet service,Bank transfer (automatic),25.0,4055,0,0,0.0162,Low Risk
7850-THJMU,26,Two year,No,No internet service,No internet service,Credit card (automatic),19.65,4184,0,0,0.0162,Low Risk
2256-YLYLP,68,Two year,DSL,Yes,No,Bank transfer (automatic),72.95,4499,0,0,0.0162,Low Risk
0607-DAAHE,53,Two year,No,No internet service,No internet service,Bank transfer (automatic),19.75,6265,1,0,0.0161,Low Risk
1552-CZCLL,55,Month-to-month,No,No internet service,No internet service,Credit card (automatic),20.0,4277,0,0,0.0161,Low Risk
3913-RDSJZ,64,Two year,No,No internet service,No internet service,Mailed check,25.55,4312,0,0,0.016,Low Risk
5498-IBWPI,66,One year,DSL,Yes,No,Credit card (automatic),49.4,5232,0,0,0.016,Low Risk
3745-HRPHI,66,Two year,DSL,Yes,No,Bank transfer (automatic),54.65,4051,0,0,0.016,Low Risk
1955-IBMMB,59,Two year,No,No internet service,No internet service,Bank transfer (automatic),20.2,5216,0,0,0.016,Low Risk
3027-YNWZU,64,Two year,No,No internet service,No internet service,Credit card (automatic),25.0,5538,0,0,0.0159,Low Risk
1333-PBMXB,54,One year,No,No internet service,No internet service,Bank transfer (automatic),24.75,6466,0,0,0.0159,Low Risk
6349-JDHQP,53,Two year,No,No internet service,No internet service,Credit card (automatic),19.85,6338,0,0,0.0158,Low Risk
4827-DPADN,72,Two year,DSL,Yes,Yes,Bank transfer (automatic),83.3,4505,0,0,0.0158,Low Risk
1241-FPMOF,52,Two year,No,No internet service,No internet service,Mailed check,19.65,5157,0,0,0.0158,Low Risk
2725-TTRIQ,72,Two year,DSL,Yes,Yes,Bank transfer (automatic),84.2,5598,0,0,0.0157,Low Risk
2675-IJRGJ,53,Two year,No,No internet service,No internet service,Bank transfer (automatic),19.65,5878,0,0,0.0157,Low Risk
4609-KNNWG,27,Two year,No,No internet service,No internet service,Mailed check,19.9,4870,0,0,0.0157,Low Risk
2211-RMNHO,68,Two year,DSL,Yes,No,Bank transfer (automatic),85.3,4732,0,0,0.0156,Low Risk
8441-SHIPE,67,Two year,No,No internet service,No internet service,Bank transfer (automatic),25.6,5183,0,0,0.0155,Low Risk
4565-NLZBV,71,Two year,No,No internet service,No internet service,Bank transfer (automatic),24.65,4015,0,0,0.0155,Low Risk
7996-MHXLW,66,Two year,No,No internet service,No internet service,Credit card (automatic),25.15,6141,0,0,0.0155,Low Risk
4458-KVRBJ,59,Two year,No,No internet service,No internet service,Mailed check,25.0,5537,0,0,0.0154,Low Risk
2661-GKBTK,60,Two year,DSL,Yes,No,Bank transfer (automatic),76.95,5053,0,0,0.0154,Low Risk
9348-ROUAI,59,Two year,DSL,Yes,Yes,Credit card (automatic),90.3,4617,0,0,0.0154,Low Risk
5296-PSYVW,72,Two year,No,No internet service,No internet service,Electronic check,24.55,4169,0,0,0.0154,Low Risk
1167-OYZJF,67,Two year,No,No internet service,No internet service,Bank transfer (automatic),20.05,4934,0,0,0.0154,Low Risk
1926-QUZNN,72,Two year,No,No internet service,No internet service,Bank transfer (automatic),25.25,4551,0,0,0.0153,Low Risk
2961-VNFKL,71,Two year,No,No internet service,No internet service,Credit card (automatic),25.95,5072,0,0,0.0153,Low Risk
7014-ZZXAW,71,Two year,No,No internet service,No internet service,Credit card (automatic),24.25,5409,0,0,0.0153,Low Risk
9814-AOUDH,53,Two year,No,No internet service,No internet service,Credit card (automatic),19.5,5625,0,0,0.0153,Low Risk
4077-HWUYD,72,Two year,DSL,Yes,Yes,Bank transfer (automatic),87.55,5341,0,0,0.0152,Low Risk
7977-HXJKU,21,Two year,No,No internet service,No internet service,Mailed check,19.6,2447,0,0,0.0152,Low Risk
6332-FBZRI,67,One year,DSL,Yes,Yes,Credit card (automatic),69.35,5589,0,0,0.0152,Low Risk
6656-GULJQ,72,Two year,DSL,Yes,Yes,Credit card (automatic),83.55,5940,0,0,0.0152,Low Risk
9087-EYCPR,60,Two year,No,No internet service,No internet service,Mailed check,25.0,6355,0,0,0.0152,Low Risk
5177-RVZNU,37,One year,No,No internet service,No internet service,Bank transfer (automatic),20.3,4186,0,0,0.0152,Low Risk
9504-YAZWB,53,Two year,No,No internet service,No internet service,Mailed check,20.25,4218,0,0,0.0152,Low Risk
6625-FLENO,58,Two year,No,No internet service,No internet service,Mailed check,20.75,4927,0,0,0.0151,Low Risk
0621-CXBKL,53,Two year,No,No internet service,No internet service,Mailed check,18.7,4116,0,0,0.0151,Low Risk
1492-KGETH,70,One year,DSL,Yes,Yes,Bank transfer (automatic),78.35,4422,0,0,0.0151,Low Risk
7216-KAOID,41,One year,No,No internet service,No internet service,Bank transfer (automatic),19.5,2446,0,0,0.0151,Low Risk
6122-LJADA,70,Two year,DSL,Yes,Yes,Credit card (automatic),90.15,5824,0,0,0.0151,Low Risk
9764-REAFF,59,Two year,No,No internet service,No internet service,Bank transfer (automatic),18.4,4375,0,0,0.0151,Low Risk
0374-FIUCA,65,Two year,No,No internet service,No internet service,Credit card (automatic),20.4,5368,0,0,0.015,Low Risk
9964-WBQDJ,71,Two year,No,No internet service,No internet service,Credit card (automatic),24.4,4412,0,0,0.015,Low Risk
6734-PSBAW,72,Two year,No,No internet service,No internet service,Bank transfer (automatic),23.55,5901,0,0,0.0149,Low Risk
1240-HCBOH,67,Two year,No,No internet service,No internet service,Mailed check,26.1,6466,0,0,0.0149,Low Risk
3612-YVGSJ,71,Two year,No,No internet service,No internet service,Credit card (automatic),24.45,4742,0,0,0.0149,Low Risk
2228-BZDEE,54,Two year,No,No internet service,No internet service,Mailed check,20.1,5755,0,0,0.0149,Low Risk
9507-HSMMZ,54,Two year,No,No internet service,No internet service,Mailed check,20.0,6094,0,0,0.0149,Low Risk
0626-QXNGV,72,Two year,No,No internet service,No internet service,Credit card (automatic),24.15,5613,0,0,0.0147,Low Risk
2511-ALLCS,35,Two year,No,No internet service,No internet service,Bank transfer (automatic),24.3,5998,0,0,0.0147,Low Risk
3508-VLHCZ,71,Two year,DSL,Yes,Yes,Credit card (automatic),90.55,6009,0,0,0.0147,Low Risk
4718-WXBGI,72,Two year,DSL,Yes,Yes,Credit card (automatic),91.95,4403,0,0,0.0145,Low Risk
8148-NLEGT,42,Two year,No,No internet service,No internet service,Electronic check,22.95,4650,0,0,0.0145,Low Risk
0057-QBUQH,43,Two year,No,No internet service,No internet service,Electronic check,25.1,4797,0,0,0.0144,Low Risk
6917-FIJHC,72,Two year,No,No internet service,No internet service,Mailed check,26.0,5374,0,0,0.0144,Low Risk
2146-EGVDT,59,Two year,No,No internet service,No internet service,Credit card (automatic),19.3,4149,0,0,0.0144,Low Risk
7103-ZGVNT,69,One year,DSL,Yes,Yes,Credit card (automatic),73.7,4268,0,0,0.0144,Low Risk
5249-QYHEX,40,Two year,No,No internet service,No internet service,Mailed check,24.8,3021,0,0,0.0144,Low Risk
3227-WLKLI,65,Two year,DSL,Yes,Yes,Bank transfer (automatic),91.55,4921,0,0,0.0144,Low Risk
7427-AUFPY,54,Two year,No,No internet service,No internet service,Credit card (automatic),19.65,5708,0,0,0.0143,Low Risk
5397-NSKQG,67,Two year,DSL,No,Yes,Credit card (automatic),50.9,5281,0,0,0.0143,Low Risk
9385-EHGDO,35,Two year,No,No internet service,No internet service,Mailed check,19.85,4177,0,0,0.0142,Low Risk
0254-WWRKD,67,One year,DSL,No,No,Credit card (automatic),50.55,5122,0,0,0.0142,Low Risk
4518-FZBSX,42,One year,No,No internet service,No internet service,Mailed check,20.25,4439,0,0,0.0142,Low Risk
1460-UZPRJ,60,Two year,No,No internet service,No internet service,Mailed check,19.95,5971,0,0,0.0142,Low Risk
6408-WHTEF,72,Two year,DSL,Yes,Yes,Mailed check,89.4,6044,0,0,0.0141,Low Risk
8050-XGRVL,62,One year,DSL,No,Yes,Credit card (automatic),54.75,5010,0,0,0.0139,Low Risk
5727-MYATE,72,Two year,DSL,Yes,Yes,Credit card (automatic),90.8,5028,0,0,0.0139,Low Risk
4896-CPRPF,35,Two year,No,No internet service,No internet service,Bank transfer (automatic),25.45,4873,0,0,0.0139,Low Risk
0704-VCUMB,61,Two year,No,No internet service,No internet service,Credit card (automatic),20.25,5974,0,0,0.0139,Low Risk
7706-YLMQA,70,One year,No,No internet service,No internet service,Bank transfer (automatic),19.7,6072,0,0,0.0138,Low Risk
9055-MOJJJ,64,One year,DSL,Yes,Yes,Mailed check,65.8,4754,0,0,0.0138,Low Risk
3646-ITDGM,56,Two year,No,No internet service,No internet service,Bank transfer (automatic),19.7,4831,0,0,0.0138,Low Risk
4955-VCWBI,43,One year,No,No internet service,No internet service,Mailed check,20.0,4882,0,0,0.0138,Low Risk
2885-HIJDH,69,Two year,DSL,Yes,Yes,Bank transfer (automatic),86.9,4667,0,0,0.0138,Low Risk
3118-UHVVQ,68,Two year,No,No internet service,No internet service,Credit card (automatic),25.8,4747,0,0,0.0137,Low Risk
6134-KWTBV,62,Two year,No,No internet service,No internet service,Bank transfer (automatic),23.4,5822,0,0,0.0137,Low Risk
3873-WOSBC,67,Two year,No,No internet service,No internet service,Credit card (automatic),25.6,4879,0,0,0.0137,Low Risk
4335-UPJSI,24,Two year,No,No internet service,No internet service,Mailed check,19.75,2639,0,0,0.0137,Low Risk
2824-DXNKN,72,Two year,DSL,No,Yes,Bank transfer (automatic),71.45,5656,0,0,0.0137,Low Risk
0625-AFOHS,29,Two year,No,No internet service,No internet service,Mailed check,20.2,2784,0,0,0.0136,Low Risk
1270-XKUCC,30,Two year,No,No internet service,No internet service,Mailed check,19.7,5045,0,0,0.0136,Low Risk
2560-WBWXF,68,Two year,No,No internet service,No internet service,Bank transfer (automatic),24.15,5987,0,0,0.0136,Low Risk
0301-FIDRB,72,Two year,DSL,Yes,Yes,Bank transfer (automatic),63.8,6107,0,0,0.0135,Low Risk
4641-FROLU,30,Two year,No,No internet service,No internet service,Mailed check,19.3,4453,0,0,0.0135,Low Risk
5707-ZMDJP,53,Two year,DSL,Yes,Yes,Mailed check,69.7,4590,0,0,0.0134,Low Risk
2072-ZVJJX,68,Two year,No,No internet service,No internet service,Bank transfer (automatic),25.25,4571,0,0,0.0134,Low Risk
6139-ZZRBQ,64,Two year,No,No internet service,No internet service,Bank transfer (automatic),20.05,4309,0,0,0.0133,Low Risk
1269-FOYWN,44,One year,No,No internet service,No internet service,Bank transfer (automatic),20.0,3743,0,0,0.0133,Low Risk
8434-VGEQQ,61,Two year,No,No internet service,No internet service,Credit card (automatic),20.55,4446,0,0,0.0133,Low Risk
2900-PHPLN,70,Two year,No,No internet service,No internet service,Credit card (automatic),19.55,5209,0,0,0.0133,Low Risk
9067-SQTNS,44,One year,No,No internet service,No internet service,Bank transfer (automatic),20.6,2471,0,0,0.0132,Low Risk
3836-FZSDJ,71,Two year,No,No internet service,No internet service,Bank transfer (automatic),24.85,4367,0,0,0.0132,Low Risk
8838-GPHZP,63,Two year,No,No internet service,No internet service,Mailed check,20.6,6469,0,0,0.0131,Low Risk
5480-XTFFL,31,Two year,No,No internet service,No internet service,Mailed check,21.0,5225,0,0,0.0131,Low Risk
1705-GUHPV,63,Two year,No,No internet service,No internet service,Mailed check,24.2,4948,0,0,0.0131,Low Risk
3970-XGJDU,62,Two year,No,No internet service,No internet service,Credit card (automatic),19.2,4937,0,0,0.0131,Low Risk
3373-DIUUN,30,Two year,No,No internet service,No internet service,Mailed check,21.25,3047,0,0,0.0131,Low Risk
5774-QPLTF,50,One year,No,No internet service,No internet service,Mailed check,20.35,6391,0,0,0.013,Low Risk
3768-VHXQO,67,Two year,No,No internet service,No internet service,Credit card (automatic),24.85,4833,0,0,0.013,Low Risk
1335-MXCSE,55,Two year,DSL,Yes,No,Credit card (automatic),55.25,5821,0,0,0.0129,Low Risk
3050-RLLXC,56,Two year,DSL,Yes,Yes,Credit card (automatic),81.25,5907,0,0,0.0129,Low Risk
3635-QQRQD,62,Two year,No,No internet service,No internet service,Credit card (automatic),20.05,4568,0,0,0.0129,Low Risk
0971-QIFJK,69,Two year,No,No internet service,No internet service,Bank transfer (automatic),24.25,4884,0,0,0.0128,Low Risk
0780-XNZFN,57,Two year,No,No internet service,No internet service,Bank transfer (automatic),20.65,4193,0,0,0.0128,Low Risk
5699-BNCAS,71,Two year,No,No internet service,No internet service,Mailed check,24.65,4788,0,0,0.0128,Low Risk
2160-GPFXD,54,Two year,DSL,Yes,Yes,Credit card (automatic),65.65,5725,0,0,0.0128,Low Risk
1131-QQZEB,71,Two year,No,No internet service,No internet service,Bank transfer (automatic),23.95,4329,0,0,0.0127,Low Risk
8690-ZVLCL,68,Two year,DSL,Yes,Yes,Credit card (automatic),88.0,5436,0,0,0.0127,Low Risk
7493-GVFIO,57,Two year,No,No internet service,No internet service,Credit card (automatic),20.55,4565,0,0,0.0127,Low Risk
8464-EETCQ,57,Two year,No,No internet service,No internet service,Credit card (automatic),18.8,6466,0,0,0.0127,Low Risk
5360-XGYAZ,72,Two year,DSL,Yes,Yes,Bank transfer (automatic),65.65,4934,0,0,0.0127,Low Risk
6010-DDPPW,70,Two year,No,No internet service,No internet service,Bank transfer (automatic),25.15,4279,0,0,0.0127,Low Risk
8966-KZXXA,36,Two year,No,No internet service,No internet service,Credit card (automatic),25.1,3040,0,0,0.0126,Low Risk
5406-KGRMX,71,Two year,No,No internet service,No internet service,Electronic check,24.55,4555,0,0,0.0126,Low Risk
4990-ALDGW,57,Two year,No,No internet service,No internet service,Mailed check,20.75,6271,0,0,0.0125,Low Risk
8735-SDUFN,72,Two year,No,No internet service,No internet service,Bank transfer (automatic),24.3,4397,0,0,0.0125,Low Risk
9953-ZMKSM,63,Two year,No,No internet service,No internet service,Mailed check,25.25,4530,0,0,0.0124,Low Risk
5334-AFQJB,72,Two year,No,No internet service,No internet service,Credit card (automatic),25.1,5751,0,0,0.0124,Low Risk
1635-NZATJ,71,Two year,No,No internet service,No internet service,Credit card (automatic),25.45,5341,0,0,0.0123,Low Risk
5982-XMDEX,65,Two year,No,No internet service,No internet service,Bank transfer (automatic),26.5,4404,0,0,0.0123,Low Risk
2696-RZVZW,68,Two year,No,No internet service,No internet service,Credit card (automatic),25.05,4187,0,0,0.0123,Low Risk
7164-BPTUT,57,Two year,DSL,Yes,Yes,Mailed check,89.55,4260,0,0,0.0123,Low Risk
0244-LGNFY,72,Two year,DSL,Yes,Yes,Bank transfer (automatic),92.65,6342,0,0,0.0123,Low Risk
2580-ATZSQ,65,One year,DSL,No,Yes,Bank transfer (automatic),61.35,6354,0,0,0.0123,Low Risk
0567-XRHCU,69,Two year,DSL,No,Yes,Credit card (automatic),43.95,4479,0,0,0.0123,Low Risk
5320-BRKGK,58,Two year,DSL,Yes,Yes,Mailed check,75.8,4292,0,0,0.0123,Low Risk
8414-OOEEL,66,Two year,DSL,Yes,No,Credit card (automatic),79.5,4285,0,0,0.0123,Low Risk
1116-FRYVH,48,Two year,DSL,Yes,Yes,Mailed check,39.4,5701,0,0,0.0122,Low Risk
1839-FBNFR,39,Two year,No,No internet service,No internet service,Bank transfer (automatic),19.85,3032,0,0,0.0122,Low Risk
3950-VPYJB,57,One year,DSL,Yes,Yes,Mailed check,59.6,4778,0,0,0.0122,Low Risk
7340-KEFQE,51,Two year,DSL,Yes,Yes,Bank transfer (automatic),34.2,6404,0,0,0.0121,Low Risk
4443-EMBNA,71,Two year,No,No internet service,No internet service,Bank transfer (automatic),24.75,4642,0,0,0.0121,Low Risk
9418-RUKPH,38,Two year,No,No internet service,No internet service,Mailed check,19.95,3614,0,0,0.012,Low Risk
1027-LKKQQ,72,Two year,DSL,Yes,Yes,Bank transfer (automatic),80.45,4480,0,0,0.012,Low Risk
4589-IUAJB,70,Two year,No,No internet service,No internet service,Bank transfer (automatic),24.25,4118,0,0,0.012,Low Risk
1987-AUELQ,71,Two year,No,No internet service,No internet service,Credit card (automatic),25.05,6334,0,0,0.0119,Low Risk
8292-ITGYJ,45,Two year,No,No internet service,No internet service,Bank transfer (automatic),24.65,3043,0,0,0.0119,Low Risk
4635-EJYPD,32,Two year,No,No internet service,No internet service,Mailed check,18.95,4735,0,0,0.0119,Low Risk
7018-FPXHH,56,Two year,DSL,No,Yes,Bank transfer (automatic),59.8,4964,0,0,0.0119,Low Risk
5266-PFRQK,52,One year,No,No internet service,No internet service,Credit card (automatic),20.85,4886,0,0,0.0119,Low Risk
9084-OAYKL,58,Two year,No,No internet service,No internet service,Mailed check,20.8,4758,0,0,0.0118,Low Risk
5117-ZSMHQ,71,Two year,DSL,Yes,Yes,Bank transfer (automatic),89.9,5835,0,0,0.0118,Low Risk
4176-RELJR,67,Two year,No,No internet service,No internet service,Credit card (automatic),25.1,6388,0,0,0.0118,Low Risk
8577-QSOCG,38,Two year,No,No internet service,No internet service,Mailed check,20.2,2631,0,0,0.0118,Low Risk
9443-JUBUO,72,Two year,DSL,Yes,Yes,Credit card (automatic),65.25,6412,0,0,0.0118,Low Risk
8747-UDCOI,65,Two year,No,No internet service,No internet service,Bank transfer (automatic),19.35,5076,0,0,0.0118,Low Risk
8857-CUPFQ,63,Two year,No,No internet service,No internet service,Mailed check,19.25,4538,0,0,0.0118,Low Risk
2378-YIZKA,68,Two year,DSL,Yes,Yes,Credit card (automatic),85.0,6221,0,0,0.0118,Low Risk
4231-LZUYM,72,Two year,No,No internet service,No internet service,Bank transfer (automatic),25.65,5613,0,0,0.0117,Low Risk
2169-RRLFW,71,Two year,No,No internet service,No internet service,Credit card (automatic),25.6,5063,0,0,0.0117,Low Risk
2595-KIWPV,27,Two year,No,No internet service,No internet service,Credit card (automatic),19.7,4052,0,0,0.0117,Low Risk
9153-BTBVV,71,Two year,No,No internet service,No internet service,Bank transfer (automatic),25.0,4066,0,0,0.0117,Low Risk
6892-BOGQE,71,Two year,No,No internet service,No internet service,Bank transfer (automatic),20.9,4030,0,0,0.0117,Low Risk
4632-XJMEX,53,One year,DSL,Yes,Yes,Credit card (automatic),62.85,6281,0,0,0.0116,Low Risk
0363-SVHYR,71,Two year,DSL,Yes,Yes,Bank transfer (automatic),86.85,6452,0,0,0.0116,Low Risk
5567-GZKQY,58,Two year,No,No internet service,No internet service,Credit card (automatic),20.3,4335,0,0,0.0116,Low Risk
9392-XBGTD,27,Two year,No,No internet service,No internet service,Mailed check,20.6,2924,0,0,0.0116,Low Risk
2097-YVPKN,65,Two year,No,No internet service,No internet service,Mailed check,25.75,5707,0,0,0.0116,Low Risk
6848-HJTXY,64,Two year,No,No internet service,No internet service,Credit card (automatic),19.45,5628,0,0,0.0116,Low Risk
9650-VBUOG,38,Two year,No,No internet service,No internet service,Credit card (automatic),25.05,3772,0,0,0.0116,Low Risk
7114-AEOZE,60,Two year,No,No internet service,No internet service,Bank transfer (automatic),19.85,6213,0,0,0.0116,Low Risk
8347-GDTMP,64,Two year,No,No internet service,No internet service,Credit card (automatic),19.45,5113,0,0,0.0115,Low Risk
7115-IRDHS,72,Two year,No,No internet service,No internet service,Bank transfer (automatic),24.65,5065,0,0,0.0115,Low Risk
3774-VBNXY,64,Two year,No,No internet service,No internet service,Mailed check,20.2,4557,0,0,0.0115,Low Risk
3704-IEAXF,72,Two year,DSL,Yes,No,Credit card (automatic),53.65,5498,0,0,0.0115,Low Risk
3769-MHZNV,33,Two year,No,No internet service,No internet service,Mailed check,20.1,3700,0,0,0.0115,Low Risk
8722-PRFDV,71,Two year,DSL,No,Yes,Credit card (automatic),77.55,5097,0,0,0.0115,Low Risk
5846-ABOBJ,71,Two year,No,No internet service,No internet service,Bank transfer (automatic),24.45,4766,0,0,0.0115,Low Risk
3569-JFODW,72,Two year,DSL,Yes,Yes,Credit card (automatic),90.95,5096,0,0,0.0114,Low Risk
1716-LSAMB,45,Two year,DSL,Yes,Yes,Bank transfer (automatic),54.65,5083,0,0,0.0113,Low Risk
6813-GZQCG,45,Two year,No,No internet service,No internet service,Credit card (automatic),24.65,2194,0,0,0.0113,Low Risk
9489-JMTTN,72,Two year,DSL,Yes,Yes,Credit card (automatic),89.75,5096,0,0,0.0113,Low Risk
7161-DFHUF,71,Two year,No,No internet service,No internet service,Mailed check,23.85,6166,0,0,0.0113,Low Risk
8874-EJNSR,39,Two year,No,No internet service,No internet service,Mailed check,25.2,5453,0,0,0.0113,Low Risk
6439-PKTRR,70,Two year,DSL,Yes,Yes,Electronic check,80.7,4412,0,0,0.0113,Low Risk
2729-VNVAP,33,Two year,No,No internet service,No internet service,Credit card (automatic),19.8,2635,0,0,0.0113,Low Risk
8902-ZEOVF,47,One year,No,No internet service,No internet service,Mailed check,20.05,5183,0,0,0.0113,Low Risk
1767-CJKBA,66,Two year,No,No internet service,No internet service,Mailed check,25.1,6025,0,0,0.0112,Low Risk
4836-WNFNO,72,Two year,No,No internet service,No internet service,Credit card (automatic),25.0,6126,0,0,0.0112,Low Risk
7096-ZNBZI,72,Two year,No,No internet service,No internet service,Credit card (automatic),26.45,5534,0,0,0.0112,Low Risk
3454-JFUBC,68,Two year,No,No internet service,No internet service,Credit card (automatic),20.0,6136,0,0,0.0111,Low Risk
3696-DFHHB,68,Two year,No,No internet service,No internet service,Bank transfer (automatic),25.5,5182,0,0,0.0111,Low Risk
4674-HGNUA,71,Two year,DSL,Yes,Yes,Credit card (automatic),89.9,4444,0,0,0.0111,Low Risk
5181-OABFK,56,Two year,DSL,No,Yes,Credit card (automatic),61.3,4173,0,0,0.0111,Low Risk
6323-AYBRX,59,Two year,No,No internet service,No internet service,Mailed check,19.35,5084,1,0,0.011,Low Risk
8749-TZYEC,72,Two year,No,No internet service,No internet service,Credit card (automatic),24.8,6251,0,0,0.011,Low Risk
3262-EIDHV,72,Two year,DSL,Yes,Yes,Credit card (automatic),84.7,6375,0,0,0.011,Low Risk
7941-RCJOW,65,Two year,No,No internet service,No internet service,Credit card (automatic),19.55,4309,0,0,0.011,Low Risk
7969-FFOWG,65,Two year,No,No internet service,No internet service,Mailed check,19.9,6312,0,0,0.011,Low Risk
8237-ULIXL,72,Two year,No,No internet service,No internet service,Credit card (automatic),24.85,4067,0,0,0.0109,Low Risk
3451-VAWLI,35,Two year,No,No internet service,No internet service,Credit card (automatic),19.7,5636,0,0,0.0109,Low Risk
5795-BKOYE,69,One year,DSL,Yes,No,Bank transfer (automatic),59.1,5846,0,0,0.0109,Low Risk
0730-BGQGF,71,Two year,DSL,Yes,Yes,Credit card (automatic),90.3,6291,0,0,0.0109,Low Risk
4707-MAXGU,72,Two year,No,No internet service,No internet service,Credit card (automatic),25.85,5514,0,0,0.0108,Low Risk
4194-FJARJ,54,Two year,DSL,Yes,Yes,Bank transfer (automatic),60.0,4798,0,0,0.0108,Low Risk
2925-VDZHY,72,Two year,DSL,Yes,Yes,Credit card (automatic),88.7,4641,0,0,0.0107,Low Risk
9585-KKMFD,41,Two year,No,No internet service,No internet service,Mailed check,20.0,5743,0,0,0.0107,Low Risk
2642-MAWLJ,36,Two year,No,No internet service,No internet service,Bank transfer (automatic),20.25,5272,0,0,0.0107,Low Risk
8774-GSBUN,72,Two year,No,No internet service,No internet service,Mailed check,25.4,6011,0,0,0.0107,Low Risk
2509-TFPJU,72,Two year,No,No internet service,No internet service,Credit card (automatic),25.75,4413,0,0,0.0106,Low Risk
6169-PPETC,35,Two year,No,No internet service,No internet service,Bank transfer (automatic),20.5,2009,0,0,0.0105,Low Risk
2525-GVKQU,60,Two year,No,No internet service,No internet service,Mailed check,20.6,4192,0,0,0.0105,Low Risk
5338-YHWYT,37,Two year,DSL,Yes,Yes,Credit card (automatic),61.45,5447,0,0,0.0104,Low Risk
3472-QPRCH,40,Two year,No,No internet service,No internet service,Credit card (automatic),25.25,3217,0,0,0.0104,Low Risk
4312-KFRXN,72,Two year,No,No internet service,No internet service,Mailed check,25.4,5512,0,0,0.0103,Low Risk
4656-CAURT,69,Two year,No,No internet service,No internet service,Bank transfer (automatic),23.95,6059,0,0,0.0102,Low Risk
5656-JAMLX,62,Two year,No,No internet service,No internet service,Bank transfer (automatic),19.85,4278,0,0,0.0101,Low Risk
6479-SZPLM,36,Two year,No,No internet service,No internet service,Credit card (automatic),19.45,5745,0,0,0.0101,Low Risk
9488-FVZCC,72,Two year,DSL,Yes,Yes,Bank transfer (automatic),79.5,4390,0,0,0.0101,Low Risk
5845-BZZIB,35,Two year,No,No internet service,No internet service,Mailed check,20.1,4517,0,0,0.0101,Low Risk
8468-FZTOE,72,Two year,DSL,Yes,Yes,Electronic check,74.35,4874,0,0,0.0101,Low Risk
7601-GNDYK,35,Two year,No,No internet service,No internet service,Mailed check,19.6,3764,0,0,0.0101,Low Risk
0238-WHBIQ,72,Two year,DSL,Yes,Yes,Credit card (automatic),89.7,4193,0,0,0.0101,Low Risk
9823-EALYC,72,Two year,DSL,Yes,Yes,Bank transfer (automatic),80.85,6067,0,0,0.0101,Low Risk
4915-BFSXL,70,Two year,DSL,No,Yes,Credit card (automatic),68.95,4858,0,0,0.0101,Low Risk
1209-VFFOC,68,Two year,DSL,Yes,Yes,Mailed check,56.4,4556,0,0,0.0101,Low Risk
7167-PCEYD,67,Two year,No,No internet service,No internet service,Mailed check,19.8,4260,0,0,0.01,Low Risk
1945-XISKS,67,Two year,No,No internet service,No internet service,Mailed check,19.65,4994,0,0,0.01,Low Risk
3308-DGHKL,69,Two year,No,No internet service,No internet service,Bank transfer (automatic),19.3,5028,0,0,0.01,Low Risk
6484-LATFU,68,Two year,No,No internet service,No internet service,Mailed check,24.55,6042,0,0,0.01,Low Risk
0774-RMNUW,71,Two year,DSL,Yes,Yes,Bank transfer (automatic),59.7,6420,0,0,0.0099,Low Risk
3889-VWBID,68,Two year,DSL,Yes,Yes,Bank transfer (automatic),82.85,5184,0,0,0.0098,Low Risk
5135-RDDQL,63,Two year,DSL,No,Yes,Bank transfer (automatic),50.65,4847,0,0,0.0098,Low Risk
0795-XCCTE,72,Two year,No,No internet service,No internet service,Bank transfer (automatic),25.4,6141,0,0,0.0097,Low Risk
9397-TZSHA,69,Two year,No,No internet service,No internet service,Credit card (automatic),24.6,5294,0,0,0.0097,Low Risk
7599-NTMDP,62,Two year,DSL,Yes,Yes,Bank transfer (automatic),48.7,5453,0,0,0.0097,Low Risk
0769-MURVM,72,Two year,DSL,Yes,Yes,Bank transfer (automatic),65.7,6187,0,0,0.0096,Low Risk
2984-RGEYA,69,Two year,No,No internet service,No internet service,Bank transfer (automatic),19.75,5325,0,0,0.0096,Low Risk
5743-KHMNA,71,Two year,No,No internet service,No internet service,Bank transfer (automatic),25.55,6305,0,0,0.0095,Low Risk
7696-CFTAT,37,Two year,No,No internet service,No internet service,Bank transfer (automatic),19.8,2745,0,0,0.0095,Low Risk
9481-WHGWY,70,Two year,DSL,Yes,Yes,Credit card (automatic),75.35,6477,0,0,0.0094,Low Risk
2208-MPXIO,45,Two year,No,No internet service,No internet service,Bank transfer (automatic),20.0,5169,0,0,0.0092,Low Risk
2208-NKVVH,43,Two year,No,No internet service,No internet service,Mailed check,24.25,4432,0,0,0.0092,Low Risk
7321-KKSDU,32,Two year,No,No internet service,No internet service,Mailed check,20.5,3114,0,0,0.0091,Low Risk
4475-NVTLU,45,Two year,No,No internet service,No internet service,Electronic check,19.2,3451,0,0,0.0091,Low Risk
0505-SPOOW,70,Two year,No,No internet service,No internet service,Bank transfer (automatic),19.8,4500,0,0,0.009,Low Risk
8249-THVEC,51,One year,No,No internet service,No internet service,Mailed check,19.4,4025,0,0,0.009,Low Risk
8966-SNIZF,70,Two year,No,No internet service,No internet service,Bank transfer (automatic),19.45,5540,0,0,0.009,Low Risk
9500-WBGRP,69,Two year,No,No internet service,No internet service,Mailed check,19.1,4535,0,0,0.009,Low Risk
6345-FZOQH,69,Two year,No,No internet service,No internet service,Mailed check,19.9,5570,0,0,0.0089,Low Risk
7872-BAAZR,53,One year,No,No internet service,No internet service,Bank transfer (automatic),19.55,4670,0,0,0.0089,Low Risk
2616-FLVQC,64,Two year,No,No internet service,No internet service,Mailed check,19.55,6036,0,0,0.0089,Low Risk
5457-COLHT,69,Two year,DSL,Yes,Yes,Bank transfer (automatic),80.65,4618,0,0,0.0088,Low Risk
8219-VYBVI,39,Two year,No,No internet service,No internet service,Mailed check,25.0,4295,0,0,0.0087,Low Risk
8092-NLTGF,72,Two year,No,No internet service,No internet service,Bank transfer (automatic),24.75,5398,0,0,0.0086,Low Risk
6365-HITVU,71,Two year,DSL,Yes,Yes,Credit card (automatic),87.25,4135,0,0,0.0086,Low Risk
2569-WGERO,72,Two year,No,No internet service,No internet service,Bank transfer (automatic),21.15,5306,0,0,0.0086,Low Risk
5804-JMYIO,39,Two year,No,No internet service,No internet service,Mailed check,19.75,3944,0,0,0.0085,Low Risk
1722-LDZJS,53,One year,No,No internet service,No internet service,Credit card (automatic),20.2,6050,0,0,0.0085,Low Risk
3486-HOOGQ,70,Two year,DSL,Yes,Yes,Bank transfer (automatic),79.7,4848,0,0,0.0085,Low Risk
9068-FHQHD,40,Two year,No,No internet service,No internet service,Bank transfer (automatic),20.15,3556,0,0,0.0085,Low Risk
3910-MRQOY,72,Two year,No,No internet service,No internet service,Bank transfer (automatic),19.4,5398,0,0,0.0085,Low Risk
6060-QBMGV,70,Two year,No,No internet service,No internet service,Credit card (automatic),19.85,4442,0,0,0.0085,Low Risk
5598-IKHQQ,72,Two year,No,No internet service,No internet service,Credit card (automatic),25.45,4118,0,0,0.0085,Low Risk
2263-SFSQZ,51,Two year,No,No internet service,No internet service,Mailed check,24.95,5461,0,0,0.0085,Low Risk
8285-ABVLB,70,Two year,No,No internet service,No internet service,Credit card (automatic),19.85,4311,0,0,0.0084,Low Risk
6723-CEGQI,65,Two year,DSL,Yes,No,Mailed check,45.25,5712,0,0,0.0084,Low Risk
6997-UVGOX,71,Two year,DSL,Yes,Yes,Bank transfer (automatic),85.45,5394,0,0,0.0084,Low Risk
1302-TPUBN,66,Two year,No,No internet service,No internet service,Bank transfer (automatic),19.35,5637,0,0,0.0083,Low Risk
3973-SKMLN,71,Two year,No,No internet service,No internet service,Credit card (automatic),19.9,5308,0,0,0.0083,Low Risk
0206-OYVOC,46,Two year,No,No internet service,No internet service,Mailed check,19.25,5596,0,0,0.0083,Low Risk
3727-OVPRY,66,One year,No,No internet service,No internet service,Credit card (automatic),25.7,5517,0,0,0.0083,Low Risk
2545-LXYVJ,72,Two year,No,No internet service,No internet service,Bank transfer (automatic),20.7,6317,0,0,0.0083,Low Risk
8597-CTXVJ,70,One year,DSL,Yes,Yes,Bank transfer (automatic),64.95,5392,0,0,0.0083,Low Risk
5196-WPYOW,67,One year,DSL,Yes,Yes,Mailed check,60.05,6148,0,0,0.0083,Low Risk
6479-VDGRK,72,Two year,DSL,Yes,Yes,Bank transfer (automatic),85.3,4456,0,0,0.0083,Low Risk
7602-DBTOU,71,Two year,No,No internet service,No internet service,Mailed check,19.6,4890,0,0,0.0082,Low Risk
2888-ADFAO,47,Two year,No,No internet service,No internet service,Bank transfer (automatic),21.3,2861,0,0,0.0082,Low Risk
5730-DBDSI,66,Two year,No,No internet service,No internet service,Bank transfer (automatic),19.7,4601,0,0,0.0082,Low Risk
7162-WPHPM,58,Two year,DSL,Yes,Yes,Credit card (automatic),71.6,4747,0,0,0.0082,Low Risk
1599-EAHXY,60,One year,No,No internet service,No internet service,Credit card (automatic),23.95,5449,0,0,0.0082,Low Risk
7463-IFMQU,72,Two year,No,No internet service,No internet service,Bank transfer (automatic),20.05,4747,0,0,0.0082,Low Risk
3470-OBUET,67,Two year,DSL,Yes,Yes,Credit card (automatic),74.0,4188,0,0,0.0082,Low Risk
4652-ODEVH,45,Two year,No,No internet service,No internet service,Mailed check,24.45,3586,0,0,0.0082,Low Risk
7606-BPHHN,72,Two year,No,No internet service,No internet service,Credit card (automatic),19.8,5368,0,0,0.0082,Low Risk
1927-QEWMY,72,Two year,No,No internet service,No internet service,Credit card (automatic),20.5,6302,0,0,0.0082,Low Risk
5465-BUBFA,41,Two year,No,No internet service,No internet service,Bank transfer (automatic),19.3,4180,0,0,0.0082,Low Risk
0825-CPPQH,71,Two year,No,No internet service,No internet service,Credit card (automatic),19.1,4241,0,0,0.0081,Low Risk
5067-WJEUN,67,Two year,DSL,No,Yes,Bank transfer (automatic),54.2,6005,0,0,0.0081,Low Risk
5146-YYFRZ,67,Two year,No,No internet service,No internet service,Bank transfer (automatic),19.95,6212,0,0,0.0081,Low Risk
0397-ZXWQF,67,Two year,No,No internet service,No internet service,Bank transfer (automatic),20.5,4416,0,0,0.0081,Low Risk
8544-JNBOX,72,Two year,No,No internet service,No internet service,Mailed check,20.8,4626,0,0,0.0081,Low Risk
2162-FRZAA,63,Two year,DSL,Yes,No,Bank transfer (automatic),39.35,5374,0,0,0.0081,Low Risk
1591-XWLGB,71,Two year,No,No internet service,No internet service,Credit card (automatic),19.85,4121,0,0,0.0081,Low Risk
0988-AADSA,72,Two year,DSL,Yes,Yes,Bank transfer (automatic),80.85,6317,0,0,0.0081,Low Risk
9938-PRCVK,41,Two year,No,No internet service,No internet service,Bank transfer (automatic),19.7,2902,0,0,0.008,Low Risk
5848-FHRFC,68,Two year,No,No internet service,No internet service,Bank transfer (automatic),20.05,5740,0,0,0.008,Low Risk
5296-BFCYD,46,Two year,No,No internet service,No internet service,Mailed check,20.1,3392,0,0,0.0079,Low Risk
2821-WARNZ,49,One year,No,No internet service,No internet service,Credit card (automatic),19.45,4170,0,0,0.0079,Low Risk
0506-YLVKJ,46,Two year,No,No internet service,No internet service,Mailed check,20.2,3136,0,0,0.0079,Low Risk
0404-AHASP,72,Two year,No,No internet service,No internet service,Credit card (automatic),19.7,6436,0,0,0.0078,Low Risk
1106-HRLKZ,40,Two year,No,No internet service,No internet service,Mailed check,19.6,2630,0,0,0.0078,Low Risk
3274-NSDWE,68,Two year,No,No internet service,No internet service,Credit card (automatic),19.6,6161,0,0,0.0078,Low Risk
4900-MSOMT,72,Two year,DSL,Yes,Yes,Bank transfer (automatic),80.2,6087,0,0,0.0077,Low Risk
7139-JZFVG,60,Two year,DSL,No,Yes,Bank transfer (automatic),60.5,6026,0,0,0.0077,Low Risk
6051-PTVNS,55,One year,No,No internet service,No internet service,Credit card (automatic),19.15,5390,0,0,0.0077,Low Risk
6897-RWMUB,61,Two year,DSL,Yes,Yes,Bank transfer (automatic),68.05,4436,0,0,0.0076,Low Risk
2848-YXSMW,72,Two year,No,No internet service,No internet service,Credit card (automatic),19.4,5234,0,0,0.0076,Low Risk
5010-IPEAQ,67,Two year,DSL,Yes,Yes,Credit card (automatic),54.2,5261,0,0,0.0076,Low Risk
5201-CBWYG,62,One year,No,No internet service,No internet service,Bank transfer (automatic),24.8,5105,0,0,0.0076,Low Risk
7515-LODFU,69,Two year,No,No internet service,No internet service,Credit card (automatic),20.3,4042,0,0,0.0075,Low Risk
7695-PKLCZ,68,Two year,No,No internet service,No internet service,Credit card (automatic),20.5,4201,0,0,0.0075,Low Risk
5968-HYJRZ,47,Two year,No,No internet service,No internet service,Mailed check,24.55,3629,0,0,0.0075,Low Risk
4644-OBGFZ,55,One year,No,No internet service,No internet service,Mailed check,19.5,5067,0,0,0.0075,Low Risk
3120-FAZKD,54,Two year,No,No internet service,No internet service,Bank transfer (automatic),24.05,4039,0,0,0.0075,Low Risk
5939-SXWHM,48,Two year,No,No internet service,No internet service,Bank transfer (automatic),26.3,2111,0,0,0.0074,Low Risk
8215-NGSPE,42,Two year,No,No internet service,No internet service,Mailed check,20.0,3413,0,0,0.0073,Low Risk
4878-BUNFV,42,Two year,No,No internet service,No internet service,Mailed check,20.7,5320,0,0,0.0073,Low Risk
5787-KXGIY,72,Two year,No,No internet service,No internet service,Credit card (automatic),19.3,4035,0,0,0.0073,Low Risk
4779-ZGICK,48,Two year,No,No internet service,No internet service,Mailed check,23.55,5019,0,0,0.0073,Low Risk
3884-UEBXB,67,Two year,DSL,No,Yes,Bank transfer (automatic),36.15,6314,0,0,0.0073,Low Risk
0562-FGDCR,72,Two year,DSL,Yes,Yes,Mailed check,74.55,4703,0,0,0.0073,Low Risk
8922-NPKBJ,42,Two year,No,No internet service,No internet service,Mailed check,19.35,3433,0,0,0.0072,Low Risk
3913-FCUUW,72,Two year,DSL,Yes,Yes,Bank transfer (automatic),70.45,4463,0,0,0.0072,Low Risk
8807-OPMBM,55,Two year,No,No internet service,No internet service,Credit card (automatic),25.65,4466,0,0,0.0072,Low Risk
6770-UAYGJ,49,Two year,No,No internet service,No internet service,Mailed check,25.25,5616,0,0,0.0072,Low Risk
7860-UXCRM,63,Two year,DSL,Yes,Yes,Credit card (automatic),74.5,6382,0,0,0.0071,Low Risk
2908-WGAXL,56,Two year,No,No internet service,No internet service,Credit card (automatic),24.95,5243,0,0,0.0071,Low Risk
9114-DPSIA,72,Two year,DSL,Yes,Yes,Credit card (automatic),81.0,4237,0,0,0.0071,Low Risk
5115-GZDEL,72,Two year,DSL,Yes,Yes,Credit card (automatic),67.2,5592,0,0,0.007,Low Risk
9593-CVZKR,56,Two year,No,No internet service,No internet service,Mailed check,24.45,5577,0,0,0.007,Low Risk
7306-YDSOI,69,Two year,DSL,No,Yes,Bank transfer (automatic),59.75,4665,0,0,0.0069,Low Risk
8232-UTFOZ,69,Two year,No,No internet service,No internet service,Credit card (automatic),19.95,4328,0,0,0.0069,Low Risk
6096-EGVTU,64,One year,No,No internet service,No internet service,Mailed check,24.9,5038,0,0,0.0068,Low Risk
5549-ZGHFB,50,Two year,No,No internet service,No internet service,Mailed check,24.95,6019,0,0,0.0068,Low Risk
5016-LIPDW,57,One year,No,No internet service,No internet service,Mailed check,19.4,4194,0,0,0.0067,Low Risk
9503-XJUME,52,One year,No,No internet service,No internet service,Credit card (automatic),19.65,4279,0,0,0.0066,Low Risk
9769-TSBZE,70,Two year,DSL,Yes,Yes,Electronic check,66.0,5265,0,0,0.0066,Low Risk
7083-MIOPC,72,Two year,No,No internet service,No internet service,Credit card (automatic),20.25,5733,0,0,0.0064,Low Risk
3190-ITQXP,46,Two year,No,No internet service,No internet service,Bank transfer (automatic),20.25,3879,0,0,0.0063,Low Risk
1814-WFGVS,72,Two year,DSL,Yes,Yes,Mailed check,48.9,5415,0,0,0.0063,Low Risk
5242-UOWHD,45,Two year,No,No internet service,No internet service,Mailed check,20.35,4210,0,0,0.0063,Low Risk
6762-NSODU,46,Two year,No,No internet service,No internet service,Credit card (automatic),19.4,4630,0,0,0.0063,Low Risk
2560-QTSBS,72,One year,No,No internet service,No internet service,Bank transfer (automatic),23.3,4152,0,0,0.0063,Low Risk
4742-TXUEX,47,Two year,No,No internet service,No internet service,Bank transfer (automatic),19.3,5829,0,0,0.0062,Low Risk
2429-AYKKO,72,Two year,No,No internet service,No internet service,Bank transfer (automatic),19.85,4790,0,0,0.0062,Low Risk
6619-RPLQZ,45,Two year,No,No internet service,No internet service,Mailed check,20.85,2844,0,0,0.0062,Low Risk
3976-HXHCE,72,Two year,No,No internet service,No internet service,Bank transfer (automatic),19.3,4722,0,0,0.0062,Low Risk
2314-TNDJQ,72,Two year,DSL,Yes,Yes,Credit card (automatic),55.65,5192,0,0,0.0062,Low Risk
1207-BLKSA,52,Two year,No,No internet service,No internet service,Mailed check,23.05,4922,0,0,0.0062,Low Risk
2207-RYYRL,52,Two year,No,No internet service,No internet service,Mailed check,24.55,5535,0,0,0.0062,Low Risk
8532-UEFWH,52,Two year,No,No internet service,No internet service,Mailed check,25.75,4676,0,0,0.006,Low Risk
0386-CWRGM,46,Two year,No,No internet service,No internet service,Mailed check,19.4,2320,0,0,0.006,Low Risk
7009-PCARS,55,One year,No,No internet service,No internet service,Bank transfer (automatic),19.1,4391,0,0,0.006,Low Risk
7647-GYYKX,54,Two year,No,No internet service,No internet service,Bank transfer (automatic),20.35,5646,0,0,0.006,Low Risk
1248-DYXUB,52,Two year,No,No internet service,No internet service,Mailed check,24.8,5320,0,0,0.006,Low Risk
7033-CLAMM,48,Two year,No,No internet service,No internet service,Bank transfer (automatic),20.2,3828,0,0,0.0059,Low Risk
7634-HLQJR,47,Two year,No,No internet service,No internet service,Credit card (automatic),20.05,3260,0,0,0.0059,Low Risk
3088-FVYWK,53,Two year,No,No internet service,No internet service,Credit card (automatic),25.55,5794,0,0,0.0058,Low Risk
5970-GHJAW,46,Two year,No,No internet service,No internet service,Credit card (automatic),19.95,3574,0,0,0.0058,Low Risk
6283-GITPX,71,Two year,DSL,Yes,Yes,Credit card (automatic),76.9,4633,0,0,0.0058,Low Risk
6518-PPLMZ,53,Two year,No,No internet service,No internet service,Mailed check,19.4,4497,0,0,0.0058,Low Risk
1709-EJDOX,47,Two year,No,No internet service,No internet service,Mailed check,19.75,3843,0,0,0.0058,Low Risk
9975-GPKZU,46,Two year,No,No internet service,No internet service,Credit card (automatic),19.75,2610,0,0,0.0057,Low Risk
6248-BSHKG,61,One year,No,No internet service,No internet service,Mailed check,20.4,5897,0,0,0.0057,Low Risk
1697-LYYYX,61,One year,No,No internet service,No internet service,Credit card (automatic),19.1,4376,0,0,0.0057,Low Risk
4636-TVXVG,62,One year,No,No internet service,No internet service,Bank transfer (automatic),19.95,4803,0,0,0.0057,Low Risk
9220-CXRSC,69,Two year,DSL,Yes,Yes,Credit card (automatic),61.4,5266,0,0,0.0056,Low Risk
6253-GNHWH,71,Two year,DSL,Yes,Yes,Mailed check,71.1,6090,0,0,0.0056,Low Risk
2230-XTUWL,48,Two year,No,No internet service,No internet service,Mailed check,19.55,5461,0,0,0.0056,Low Risk
9081-WWXKP,47,Two year,No,No internet service,No internet service,Credit card (automatic),20.25,2070,0,0,0.0055,Low Risk
7242-EDTYC,44,Two year,No,No internet service,No internet service,Bank transfer (automatic),19.55,5860,0,0,0.0055,Low Risk
3580-GICBM,61,Two year,No,No internet service,No internet service,Mailed check,24.2,6201,0,0,0.0054,Low Risk
1085-LDWAM,69,One year,No,No internet service,No internet service,Credit card (automatic),20.35,5188,0,0,0.0054,Low Risk
9251-AWQGT,48,Two year,No,No internet service,No internet service,Mailed check,20.0,2608,0,0,0.0054,Low Risk
0270-THENM,72,Two year,DSL,Yes,Yes,Bank transfer (automatic),69.85,6233,0,0,0.0053,Low Risk
4979-HPRFL,56,Two year,No,No internet service,No internet service,Bank transfer (automatic),24.15,5137,0,0,0.0053,Low Risk
1468-DEFNC,64,Two year,No,No internet service,No internet service,Bank transfer (automatic),24.4,4772,0,0,0.0053,Low Risk
7169-YWAMK,72,Two year,DSL,Yes,Yes,Bank transfer (automatic),68.4,5504,0,0,0.0052,Low Risk
4302-ZYFEL,69,One year,No,No internet service,No internet service,Credit card (automatic),20.55,5366,0,0,0.0052,Low Risk
8626-XHBIE,56,Two year,No,No internet service,No internet service,Mailed check,24.8,4262,0,0,0.0052,Low Risk
6340-DACFT,50,Two year,No,No internet service,No internet service,Credit card (automatic),20.55,4878,0,0,0.0052,Low Risk
3511-BFTJW,72,Two year,DSL,No,Yes,Credit card (automatic),38.5,4710,0,0,0.0051,Low Risk
2418-TPEUN,56,Two year,No,No internet service,No internet service,Credit card (automatic),19.8,4681,0,0,0.0051,Low Risk
0508-SQWPL,57,Two year,No,No internet service,No internet service,Bank transfer (automatic),20.1,5506,0,0,0.0051,Low Risk
7399-QHBJS,72,Two year,DSL,Yes,Yes,Credit card (automatic),66.75,6063,0,0,0.0051,Low Risk
8882-TLVRW,69,Two year,DSL,Yes,Yes,Mailed check,39.1,5987,0,0,0.0051,Low Risk
9786-YWNHU,63,Two year,DSL,Yes,Yes,Mailed check,63.55,5733,0,0,0.005,Low Risk
0531-XBKMM,66,Two year,DSL,Yes,Yes,Bank transfer (automatic),65.7,5058,0,0,0.005,Low Risk
2253-KPMNB,69,Two year,DSL,Yes,Yes,Bank transfer (automatic),46.25,4180,0,0,0.005,Low Risk
6582-PLFUU,51,Two year,No,No internet service,No internet service,Credit card (automatic),19.55,5974,0,0,0.0049,Low Risk
9257-AZMTZ,52,Two year,No,No internet service,No internet service,Bank transfer (automatic),20.1,4529,0,0,0.0049,Low Risk
4534-WGCIR,58,Two year,No,No internet service,No internet service,Credit card (automatic),25.15,6444,0,0,0.0049,Low Risk
2799-TSLAG,65,Two year,No,No internet service,No internet service,Bank transfer (automatic),25.3,4533,0,0,0.0048,Low Risk
1574-DYCWE,51,Two year,No,No internet service,No internet service,Mailed check,19.95,4057,0,0,0.0048,Low Risk
0463-TXOAK,52,Two year,No,No internet service,No internet service,Credit card (automatic),25.6,5662,0,0,0.0048,Low Risk
3359-DSRKA,58,Two year,No,No internet service,No internet service,Mailed check,19.85,6440,0,0,0.0047,Low Risk
9371-BITHB,52,Two year,No,No internet service,No internet service,Mailed check,19.85,5432,0,0,0.0047,Low Risk
3620-EHIMZ,52,Two year,No,No internet service,No internet service,Mailed check,19.35,5699,0,0,0.0047,Low Risk
7503-EPSZW,64,Two year,No,No internet service,No internet service,Mailed check,24.05,4582,0,0,0.0047,Low Risk
1852-QSWCD,64,Two year,No,No internet service,No internet service,Mailed check,24.8,6281,0,0,0.0046,Low Risk
8395-ETZKQ,68,One year,No,No internet service,No internet service,Bank transfer (automatic),19.5,5443,0,0,0.0045,Low Risk
9565-AXSMR,52,Two year,No,No internet service,No internet service,Mailed check,19.2,4203,0,0,0.0045,Low Risk
0603-TPMIB,59,Two year,No,No internet service,No internet service,Mailed check,25.45,4746,0,0,0.0045,Low Risk
9173-IVZVP,53,Two year,No,No internet service,No internet service,Mailed check,20.9,4254,0,0,0.0044,Low Risk
6685-XSHHU,60,Two year,No,No internet service,No internet service,Bank transfer (automatic),20.95,4425,0,0,0.0043,Low Risk
7008-LZVOZ,66,Two year,No,No internet service,No internet service,Credit card (automatic),25.3,5617,0,0,0.0042,Low Risk
7293-LSCDV,60,Two year,No,No internet service,No internet service,Credit card (automatic),19.25,6134,0,0,0.0042,Low Risk
1306-RPWXZ,49,Two year,No,No internet service,No internet service,Credit card (automatic),20.45,4784,0,0,0.0042,Low Risk
0040-HALCW,54,Two year,No,No internet service,No internet service,Credit card (automatic),20.4,6393,0,0,0.0042,Low Risk
2481-SBOYW,61,Two year,No,No internet service,No internet service,Credit card (automatic),25.0,4673,0,0,0.0042,Low Risk
2075-PUEPR,55,Two year,No,No internet service,No internet service,Bank transfer (automatic),19.35,5248,0,0,0.0042,Low Risk
7113-HIPFI,66,Two year,DSL,Yes,Yes,Mailed check,65.85,5500,0,0,0.0042,Low Risk
3967-VQOGC,67,Two year,No,No internet service,No internet service,Mailed check,24.9,5847,0,0,0.0041,Low Risk
3563-SVYLG,68,Two year,DSL,Yes,Yes,Credit card (automatic),62.65,5215,0,0,0.0041,Low Risk
5793-YOLJN,55,Two year,No,No internet service,No internet service,Mailed check,21.0,5046,0,0,0.0041,Low Risk
1098-KFQEC,55,Two year,No,No internet service,No internet service,Credit card (automatic),19.4,5366,0,0,0.004,Low Risk
5220-AGAAX,68,Two year,No,No internet service,No internet service,Bank transfer (automatic),24.0,5440,0,0,0.004,Low Risk
8380-MQINP,55,Two year,No,No internet service,No internet service,Mailed check,20.3,5153,0,0,0.004,Low Risk
2400-FEQME,55,Two year,No,No internet service,No internet service,Mailed check,20.5,5011,0,0,0.004,Low Risk
7643-RCHXS,63,Two year,No,No internet service,No internet service,Electronic check,19.35,4566,0,0,0.0039,Low Risk
1399-OUPJN,57,Two year,No,No internet service,No internet service,Bank transfer (automatic),19.75,4235,0,0,0.0039,Low Risk
8755-OGKNA,57,Two year,No,No internet service,No internet service,Bank transfer (automatic),19.5,5864,0,0,0.0039,Low Risk
5115-SQAAU,69,Two year,No,No internet service,No internet service,Bank transfer (automatic),25.6,6053,0,0,0.0039,Low Risk
8957-THMOA,50,Two year,No,No internet service,No internet service,Credit card (automatic),20.15,4263,0,0,0.0039,Low Risk
7480-SPLEF,69,Two year,No,No internet service,No internet service,Bank transfer (automatic),26.0,4933,0,0,0.0038,Low Risk
7608-RGIRO,62,Two year,No,No internet service,No internet service,Mailed check,24.4,4889,0,0,0.0038,Low Risk
8129-GMVGI,56,Two year,No,No internet service,No internet service,Mailed check,20.05,5172,0,0,0.0038,Low Risk
8946-BFWSG,63,Two year,No,No internet service,No internet service,Mailed check,25.25,6245,0,0,0.0036,Low Risk
9135-HSWOC,64,Two year,No,No internet service,No internet service,Bank transfer (automatic),19.7,5431,0,0,0.0036,Low Risk
8780-IHCRN,63,Two year,No,No internet service,No internet service,Credit card (automatic),24.65,4392,0,0,0.0036,Low Risk
3498-LZGQZ,63,Two year,No,No internet service,No internet service,Mailed check,19.15,6373,0,0,0.0036,Low Risk
2346-LOCWC,58,Two year,No,No internet service,No internet service,Credit card (automatic),20.5,6186,0,0,0.0035,Low Risk
4625-XMOYM,72,Two year,No,No internet service,No internet service,Bank transfer (automatic),26.25,5098,0,0,0.0035,Low Risk
8727-JQFHV,57,Two year,No,No internet service,No internet service,Mailed check,20.75,4937,0,0,0.0035,Low Risk
8164-OCKUJ,59,Two year,No,No internet service,No internet service,Mailed check,20.6,6325,0,0,0.0034,Low Risk
3457-PQBYH,58,Two year,No,No internet service,No internet service,Credit card (automatic),20.3,4424,0,0,0.0034,Low Risk
0485-ZBSLN,65,Two year,No,No internet service,No internet service,Credit card (automatic),24.75,6263,0,0,0.0034,Low Risk
6024-RUGGH,72,Two year,No,No internet service,No internet service,Bank transfer (automatic),25.2,6499,0,0,0.0034,Low Risk
2050-ONYDQ,65,Two year,No,No internet service,No internet service,Credit card (automatic),26.0,5352,0,0,0.0034,Low Risk
3777-XROBG,58,Two year,No,No internet service,No internet service,Credit card (automatic),19.55,4125,0,0,0.0033,Low Risk
9337-SRRNI,66,Two year,No,No internet service,No internet service,Credit card (automatic),25.3,6019,0,0,0.0033,Low Risk
7328-ZJAJO,59,Two year,No,No internet service,No internet service,Credit card (automatic),19.5,4579,0,0,0.0033,Low Risk
1820-DJFPH,72,Two year,No,No internet service,No internet service,Bank transfer (automatic),24.05,4755,0,0,0.0033,Low Risk
8711-LOBKY,59,Two year,No,No internet service,No internet service,Mailed check,19.85,6144,0,0,0.0033,Low Risk
6734-JDTTV,65,Two year,No,No internet service,No internet service,Credit card (automatic),19.85,6009,0,0,0.0032,Low Risk
9972-EWRJS,67,Two year,No,No internet service,No internet service,Bank transfer (automatic),19.25,5154,0,0,0.0032,Low Risk
8514-VZHEB,59,Two year,No,No internet service,No internet service,Mailed check,19.5,5293,0,0,0.0032,Low Risk
6485-QXWWE,62,Two year,No,No internet service,No internet service,Bank transfer (automatic),26.0,4535,0,0,0.0032,Low Risk
1830-IPXVJ,61,Two year,No,No internet service,No internet service,Credit card (automatic),19.75,6108,0,0,0.0031,Low Risk
8917-SZTTJ,60,Two year,No,No internet service,No internet service,Credit card (automatic),19.65,6315,0,0,0.0031,Low Risk
9430-NKQLY,72,Two year,No,No internet service,No internet service,Credit card (automatic),25.1,4185,0,0,0.0031,Low Risk
7729-XBTWX,66,Two year,No,No internet service,No internet service,Mailed check,19.75,4485,0,0,0.003,Low Risk
6857-TKDJV,67,Two year,No,No internet service,No internet service,Bank transfer (automatic),24.65,4444,0,0,0.003,Low Risk
2007-QVGAW,68,Two year,No,No internet service,No internet service,Bank transfer (automatic),19.35,6303,0,0,0.003,Low Risk
0962-CQPWQ,62,Two year,No,No internet service,No internet service,Bank transfer (automatic),20.3,4574,0,0,0.003,Low Risk
6651-RLGGM,67,Two year,No,No internet service,No internet service,Mailed check,26.3,6066,0,0,0.003,Low Risk
7717-BICXI,60,Two year,No,No internet service,No internet service,Mailed check,20.55,4020,0,0,0.003,Low Risk
7558-IMLMT,67,Two year,No,No internet service,No internet service,Mailed check,20.8,5626,0,0,0.003,Low Risk
7268-WNTCP,62,Two year,No,No internet service,No internet service,Bank transfer (automatic),20.45,5746,0,0,0.003,Low Risk
2181-TIDSV,68,Two year,No,No internet service,No internet service,Bank transfer (automatic),19.95,6492,0,0,0.0029,Low Risk
9574-BOSMD,68,Two year,No,No internet service,No internet service,Bank transfer (automatic),25.4,5668,0,0,0.0029,Low Risk
2626-VEEWG,67,Two year,No,No internet service,No internet service,Credit card (automatic),19.4,4890,0,0,0.0029,Low Risk
7064-JHXCE,62,Two year,No,No internet service,No internet service,Credit card (automatic),20.05,6444,0,0,0.0028,Low Risk
4195-PNGZS,69,Two year,No,No internet service,No internet service,Bank transfer (automatic),24.45,5295,0,0,0.0028,Low Risk
7225-IILWY,68,Two year,No,No internet service,No internet service,Mailed check,25.75,5434,0,0,0.0028,Low Risk
2236-HILPA,62,Two year,No,No internet service,No internet service,Credit card (automatic),20.65,6403,0,0,0.0028,Low Risk
1299-AURJA,70,Two year,No,No internet service,No internet service,Bank transfer (automatic),24.7,5907,0,0,0.0028,Low Risk
6621-NRZAK,63,Two year,No,No internet service,No internet service,Credit card (automatic),20.0,5975,0,0,0.0027,Low Risk
7711-GQBZC,71,Two year,No,No internet service,No internet service,Bank transfer (automatic),24.7,5187,0,0,0.0027,Low Risk
8043-PNYSD,63,Two year,No,No internet service,No internet service,Mailed check,19.55,6002,0,0,0.0027,Low Risk
3261-CQXOL,71,Two year,No,No internet service,No internet service,Bank transfer (automatic),25.45,4993,0,0,0.0027,Low Risk
6963-KQYQB,70,Two year,No,No internet service,No internet service,Mailed check,24.05,4722,0,0,0.0026,Low Risk
9625-RZFUK,63,Two year,No,No internet service,No internet service,Mailed check,19.7,4235,0,0,0.0026,Low Risk
0613-WUXUM,70,Two year,No,No internet service,No internet service,Mailed check,19.2,5261,0,0,0.0026,Low Risk
5902-WBLSE,70,Two year,No,No internet service,No internet service,Credit card (automatic),20.15,5219,0,0,0.0026,Low Risk
0394-YONDK,70,Two year,No,No internet service,No internet service,Credit card (automatic),25.15,5114,0,0,0.0026,Low Risk
5884-FBCTL,72,Two year,No,No internet service,No internet service,Bank transfer (automatic),25.1,5611,0,0,0.0026,Low Risk
5854-KSRBJ,70,Two year,No,No internet service,No internet service,Mailed check,25.4,4954,0,0,0.0026,Low Risk
3810-PJUHR,70,Two year,No,No internet service,No internet service,Mailed check,25.35,6059,0,0,0.0026,Low Risk
2718-YSKCS,71,Two year,No,No internet service,No internet service,Bank transfer (automatic),19.6,6444,0,0,0.0026,Low Risk
0174-QRVVY,71,Two year,No,No internet service,No internet service,Credit card (automatic),25.35,5747,0,0,0.0025,Low Risk
6855-VLGOS,72,Two year,No,No internet service,No internet service,Electronic check,20.55,5809,0,0,0.0025,Low Risk
4193-IBKSW,72,Two year,No,No internet service,No internet service,Bank transfer (automatic),24.75,6232,0,0,0.0025,Low Risk
6976-BWGLQ,72,Two year,No,No internet service,No internet service,Bank transfer (automatic),25.2,4382,0,0,0.0025,Low Risk
0402-OAMEN,72,Two year,No,No internet service,No internet service,Bank transfer (automatic),24.45,5335,0,0,0.0025,Low Risk
1555-HAPSU,71,Two year,No,No internet service,No internet service,Credit card (automatic),23.9,5471,0,0,0.0025,Low Risk
8165-ZJRNM,72,Two year,No,No internet service,No internet service,Bank transfer (automatic),23.75,4923,0,0,0.0024,Low Risk
7980-MHFLQ,72,Two year,No,No internet service,No internet service,Mailed check,24.9,5192,0,0,0.0024,Low Risk
0480-KYJVA,72,Two year,No,No internet service,No internet service,Credit card (automatic),24.25,5897,0,0,0.0024,Low Risk
6285-FTQBF,72,Two year,No,No internet service,No internet service,Credit card (automatic),25.55,6425,0,0,0.0024,Low Risk
6585-WCEWR,72,Two year,No,No internet service,No internet service,Electronic check,20.35,4949,0,0,0.0024,Low Risk
0562-HKHML,71,Two year,No,No internet service,No internet service,Credit card (automatic),23.9,5574,0,0,0.0024,Low Risk
8224-KDLKN,72,Two year,No,No internet service,No internet service,Bank transfer (automatic),25.0,4275,0,0,0.0024,Low Risk
3507-GASNP,60,Two year,No,No internet service,No internet service,Mailed check,19.95,5316,0,0,0.0024,Low Risk
7684-XSZIY,72,Two year,No,No internet service,No internet service,Bank transfer (automatic),24.3,5160,0,0,0.0024,Low Risk
9838-BFCQT,72,Two year,No,No internet service,No internet service,Mailed check,26.1,5475,0,0,0.0024,Low Risk
6181-AXXYF,72,Two year,No,No internet service,No internet service,Credit card (automatic),24.75,4185,0,0,0.0023,Low Risk
1293-BSEUN,72,Two year,No,No internet service,No internet service,Mailed check,20.7,4528,0,0,0.0023,Low Risk
9800-OUIGR,66,Two year,No,No internet service,No internet service,Credit card (automatic),20.0,5011,0,0,0.0023,Low Risk
7010-BRBUU,72,Two year,No,No internet service,No internet service,Credit card (automatic),24.1,4264,0,0,0.0023,Low Risk
2607-DHDAK,72,Two year,No,No internet service,No internet service,Credit card (automatic),19.8,5027,0,0,0.0023,Low Risk
4821-WQOYN,72,Two year,No,No internet service,No internet service,Credit card (automatic),20.1,4603,0,0,0.0023,Low Risk
0847-HGRML,62,Two year,No,No internet service,No internet service,Bank transfer (automatic),20.0,4402,0,0,0.0022,Low Risk
7157-SMCFK,61,Two year,No,No internet service,No internet service,Mailed check,19.75,5411,0,0,0.0022,Low Risk
3678-MNGZX,68,Two year,No,No internet service,No internet service,Bank transfer (automatic),19.95,4165,0,0,0.0021,Low Risk
6980-IMXXE,69,Two year,No,No internet service,No internet service,Bank transfer (automatic),20.2,5267,0,0,0.0021,Low Risk
0042-RLHYP,69,Two year,No,No internet service,No internet service,Bank transfer (automatic),19.7,4131,0,0,0.0021,Low Risk
9537-JALFH,69,Two year,No,No internet service,No internet service,Bank transfer (automatic),19.9,6058,0,0,0.0021,Low Risk
7673-BQGKU,69,Two year,No,No internet service,No internet service,Bank transfer (automatic),20.15,4554,0,0,0.0021,Low Risk
0902-XKXPN,69,Two year,No,No internet service,No internet service,Bank transfer (automatic),20.2,5463,0,0,0.0021,Low Risk
7876-DNYAP,69,Two year,No,No internet service,No internet service,Credit card (automatic),19.8,5423,0,0,0.0021,Low Risk
5799-JRCZO,63,Two year,No,No internet service,No internet service,Credit card (automatic),19.5,4370,0,0,0.0021,Low Risk
5346-BZCHP,69,Two year,No,No internet service,No internet service,Mailed check,19.4,6408,0,0,0.002,Low Risk
8750-QWZAJ,70,Two year,No,No internet service,No internet service,Bank transfer (automatic),19.8,5169,0,0,0.002,Low Risk
3996-ZNWYK,71,Two year,No,No internet service,No internet service,Credit card (automatic),19.8,5819,0,0,0.002,Low Risk
8229-BUJHX,71,Two year,No,No internet service,No internet service,Bank transfer (automatic),20.5,4941,0,0,0.0019,Low Risk
3642-BYHDO,71,Two year,No,No internet service,No internet service,Bank transfer (automatic),19.9,5789,0,0,0.0019,Low Risk
4957-SREEC,70,Two year,No,No internet service,No internet service,Credit card (automatic),20.35,5748,0,0,0.0019,Low Risk
4817-KEQSP,71,Two year,No,No internet service,No internet service,Bank transfer (automatic),19.85,6342,0,0,0.0019,Low Risk
0264-CNITK,71,Two year,No,No internet service,No internet service,Bank transfer (automatic),20.1,5043,0,0,0.0019,Low Risk
5893-KCLGT,72,Two year,No,No internet service,No internet service,Mailed check,19.75,5478,0,0,0.0019,Low Risk
3173-WSSUE,71,Two year,No,No internet service,No internet service,Credit card (automatic),19.7,5921,0,0,0.0019,Low Risk
1052-QJIBV,71,Two year,No,No internet service,No internet service,Credit card (automatic),19.9,6015,0,0,0.0018,Low Risk
1403-GYAFU,70,Two year,No,No internet service,No internet service,Credit card (automatic),20.05,4485,0,0,0.0018,Low Risk
1166-PQLGG,72,Two year,No,No internet service,No internet service,Bank transfer (automatic),19.55,4424,0,0,0.0018,Low Risk
0464-WJTKO,72,Two year,No,No internet service,No internet service,Bank transfer (automatic),20.1,4598,0,0,0.0018,Low Risk
9365-CSLBQ,71,Two year,No,No internet service,No internet service,Mailed check,24.35,4155,0,0,0.0018,Low Risk
0640-YJTPY,72,Two year,No,No internet service,No internet service,Bank transfer (automatic),21.0,4974,0,0,0.0018,Low Risk
1764-VUUMT,66,Two year,No,No internet service,No internet service,Credit card (automatic),19.95,6382,0,0,0.0018,Low Risk
0831-JNISG,71,Two year,No,No internet service,No internet service,Mailed check,19.8,5406,0,0,0.0018,Low Risk
3279-DYZQM,71,Two year,No,No internet service,No internet service,Mailed check,19.45,5497,0,0,0.0018,Low Risk
0794-YVSGE,72,Two year,No,No internet service,No internet service,Bank transfer (automatic),20.3,5265,0,0,0.0018,Low Risk
2804-ETQDK,66,Two year,No,No internet service,No internet service,Mailed check,20.55,4101,0,0,0.0017,Low Risk
6928-ONTRW,72,Two year,No,No internet service,No internet service,Credit card (automatic),19.7,5451,0,0,0.0017,Low Risk
4277-BWBML,72,Two year,No,No internet service,No internet service,Bank transfer (automatic),19.95,5092,0,0,0.0017,Low Risk
4086-WITJG,71,Two year,No,No internet service,No internet service,Credit card (automatic),19.7,4808,0,0,0.0017,Low Risk
0784-ZQJZX,72,Two year,No,No internet service,No internet service,Credit card (automatic),19.9,5730,0,0,0.0014,Low Risk
